frame_number,timestamp_s,centroid_x,centroid_y,reference_x,reference_y,error_x_px,error_y_px,total_error_px,angular_error_deg,confidence,detection_status,tracking_state,pan_deg,tilt_deg,fps,processing_time_ms,slew_saturated,gimbal_limit,is_link_blocked,range_km,angular_rate_deg_s,atmosphere_path_frac
1,0.033,432.01,181.5,,,112.01,-58.5,126.31,0.7900,0.58,DETECTED,TRACKING,0.00,0.00,8.0,2.56,0,0,0,1.000,0.000000,1.0000
2,0.033,432.02,181.5,,,112.02,-58.5,126.32,0.7900,0.59,DETECTED,TRACKING,0.00,0.00,7.9,2.73,0,0,0,1.000,0.000000,1.0000
3,0.033,432.02,181.5,,,112.02,-58.5,126.32,0.7900,0.58,DETECTED,TRACKING,0.00,0.00,8.1,2.68,0,0,0,1.000,0.000000,1.0000
4,0.033,432.04,181.5,,,112.04,-58.5,126.33,0.7900,0.58,DETECTED,TRACKING,0.00,0.00,7.9,4.14,0,0,0,1.000,0.000000,1.0000
5,0.033,432.04,181.5,,,112.04,-58.5,126.34,0.7900,0.58,DETECTED,TRACKING,0.00,0.00,8.1,4.38,0,0,0,1.000,0.000000,1.0000
6,0.033,432.04,181.5,,,112.04,-58.5,126.34,0.7900,0.58,DETECTED,TRACKING,0.00,0.00,7.9,3.92,0,0,0,1.000,0.000000,1.0000
7,0.033,432.06,181.5,,,112.06,-58.5,126.35,0.7900,0.58,DETECTED,TRACKING,0.00,0.00,7.9,4.28,0,0,0,1.000,0.000000,1.0000
8,0.033,432.09,181.49,,,112.09,-58.51,126.36,0.7900,0.59,DETECTED,TRACKING,0.00,0.00,8.0,2.70,0,0,0,1.000,0.000000,1.0000
9,0.033,432.08,181.49,,,112.08,-58.51,126.37,0.7900,0.58,DETECTED,TRACKING,0.00,0.00,7.8,3.40,0,0,0,1.000,0.000000,1.0000
10,0.033,432.08,181.48,,,112.08,-58.52,126.38,0.7900,0.58,DETECTED,TRACKING,0.00,0.00,8.2,4.27,0,0,0,1.000,0.000000,1.0000
11,0.033,432.07,181.49,,,112.07,-58.51,126.38,0.7900,0.59,DETECTED,TRACKING,0.00,0.00,8.1,4.91,0,0,0,1.000,0.000000,1.0000
12,0.033,432.04,181.49,,,112.04,-58.51,126.39,0.7900,0.59,DETECTED,TRACKING,0.00,0.00,7.1,2.88,0,0,0,1.000,0.000000,1.0000
13,0.033,432.04,181.49,,,112.04,-58.51,126.39,0.7900,0.58,DETECTED,TRACKING,0.00,0.00,8.1,3.25,0,0,0,1.000,0.000000,1.0000
14,0.033,432.02,181.49,,,112.02,-58.51,126.39,0.7900,0.59,DETECTED,TRACKING,0.00,0.00,8.0,2.69,0,0,0,1.000,0.000000,1.0000
15,0.033,432.01,181.49,,,112.01,-58.51,126.39,0.7900,0.58,DETECTED,TRACKING,0.00,0.00,8.1,2.51,0,0,0,1.000,0.000000,1.0000
16,0.033,432.0,181.49,,,112.0,-58.51,126.39,0.7900,0.58,DETECTED,TRACKING,0.00,0.00,7.2,4.53,0,0,0,1.000,0.000000,1.0000
17,0.033,432.03,181.49,,,112.03,-58.51,126.4,0.7900,0.58,DETECTED,TRACKING,0.00,0.00,8.0,2.58,0,0,0,1.000,0.000000,1.0000
18,0.033,432.03,181.49,,,112.03,-58.51,126.4,0.7910,0.59,DETECTED,TRACKING,0.00,0.00,8.1,2.44,0,0,0,1.000,0.000000,1.0000
19,0.033,432.03,181.49,,,112.03,-58.51,126.4,0.7910,0.60,DETECTED,TRACKING,0.00,0.00,7.9,2.63,0,0,0,1.000,0.000000,1.0000
20,0.033,432.03,181.49,,,112.03,-58.51,126.4,0.7910,0.58,DETECTED,TRACKING,0.00,0.00,8.0,3.45,0,0,0,1.000,0.000000,1.0000
21,0.033,432.02,181.49,,,112.02,-58.51,126.4,0.7910,0.58,DETECTED,TRACKING,0.00,0.00,8.0,3.26,0,0,0,1.000,0.000000,1.0000
22,0.033,432.02,181.49,,,112.02,-58.51,126.4,0.7910,0.59,DETECTED,TRACKING,0.00,0.00,7.2,2.98,0,0,0,1.000,0.000000,1.0000
23,0.033,432.02,181.49,,,112.02,-58.51,126.4,0.7910,0.58,DETECTED,TRACKING,0.00,0.00,7.9,2.74,0,0,0,1.000,0.000000,1.0000
24,0.033,432.02,181.49,,,112.02,-58.51,126.4,0.7910,0.59,DETECTED,TRACKING,0.00,0.00,7.1,4.07,0,0,0,1.000,0.000000,1.0000
25,0.033,432.07,181.49,,,112.07,-58.51,126.41,0.7910,0.58,DETECTED,TRACKING,0.00,0.00,7.9,2.59,0,0,0,1.000,0.000000,1.0000
26,0.033,432.07,181.49,,,112.07,-58.51,126.41,0.7910,0.58,DETECTED,TRACKING,0.00,0.00,8.1,2.71,0,0,0,1.000,0.000000,1.0000
27,0.033,432.07,181.49,,,112.07,-58.51,126.41,0.7910,0.59,DETECTED,TRACKING,0.00,0.00,8.0,2.71,0,0,0,1.000,0.000000,1.0000
28,0.033,432.07,181.5,,,112.07,-58.5,126.42,0.7910,0.58,DETECTED,TRACKING,0.00,0.00,7.9,3.18,0,0,0,1.000,0.000000,1.0000
29,0.033,432.07,181.49,,,112.07,-58.51,126.42,0.7910,0.59,DETECTED,TRACKING,0.00,0.00,8.1,2.84,0,0,0,1.000,0.000000,1.0000
30,0.033,432.07,181.5,,,112.07,-58.5,126.42,0.7910,0.58,DETECTED,TRACKING,0.00,0.00,7.1,2.69,0,0,0,1.000,0.000000,1.0000
31,0.033,432.06,181.5,,,112.06,-58.5,126.42,0.7910,0.59,DETECTED,TRACKING,0.00,0.00,8.0,3.50,0,0,0,1.000,0.000000,1.0000
32,0.033,432.05,181.5,,,112.05,-58.5,126.42,0.7910,0.59,DETECTED,TRACKING,0.00,0.00,8.0,2.44,0,0,0,1.000,0.000000,1.0000
33,0.033,432.05,181.5,,,112.05,-58.5,126.42,0.7910,0.58,DETECTED,TRACKING,0.00,0.00,8.1,3.43,0,0,0,1.000,0.000000,1.0000
34,0.033,432.03,181.49,,,112.03,-58.51,126.42,0.7910,0.58,DETECTED,TRACKING,0.00,0.00,8.0,2.61,0,0,0,1.000,0.000000,1.0000
35,0.033,432.02,181.49,,,112.02,-58.51,126.42,0.7910,0.58,DETECTED,TRACKING,0.00,0.00,8.0,3.12,0,0,0,1.000,0.000000,1.0000
36,0.033,432.02,181.49,,,112.02,-58.51,126.42,0.7910,0.59,DETECTED,TRACKING,0.00,0.00,8.0,2.42,0,0,0,1.000,0.000000,1.0000
37,0.033,432.0,181.48,,,112.0,-58.52,126.41,0.7910,0.58,DETECTED,TRACKING,0.00,0.00,7.9,2.67,0,0,0,1.000,0.000000,1.0000
38,0.033,432.0,181.48,,,112.0,-58.52,126.41,0.7910,0.59,DETECTED,TRACKING,0.00,0.00,8.1,6.40,0,0,0,1.000,0.000000,1.0000
39,0.033,432.02,181.48,,,112.02,-58.52,126.41,0.7910,0.58,DETECTED,TRACKING,0.00,0.00,6.4,3.21,0,0,0,1.000,0.000000,1.0000
40,0.033,432.01,181.48,,,112.01,-58.52,126.41,0.7910,0.58,DETECTED,TRACKING,0.00,0.00,8.2,2.82,0,0,0,1.000,0.000000,1.0000
41,0.033,432.02,181.48,,,112.02,-58.52,126.41,0.7910,0.59,DETECTED,TRACKING,0.00,0.00,8.1,2.64,0,0,0,1.000,0.000000,1.0000
42,0.033,432.02,181.48,,,112.02,-58.52,126.41,0.7910,0.58,DETECTED,TRACKING,0.00,0.00,8.1,3.61,0,0,0,1.000,0.000000,1.0000
43,0.033,432.02,181.48,,,112.02,-58.52,126.4,0.7910,0.60,DETECTED,TRACKING,0.00,0.00,7.9,3.77,0,0,0,1.000,0.000000,1.0000
44,0.033,432.02,181.48,,,112.02,-58.52,126.4,0.7910,0.58,DETECTED,TRACKING,0.00,0.00,8.1,2.67,0,0,0,1.000,0.000000,1.0000
45,0.033,432.0,181.48,,,112.0,-58.52,126.4,0.7900,0.58,DETECTED,TRACKING,0.00,0.00,7.2,3.63,0,0,0,1.000,0.000000,1.0000
46,0.033,431.99,181.48,,,111.99,-58.52,126.4,0.7900,0.59,DETECTED,TRACKING,0.00,0.00,7.9,2.63,0,0,0,1.000,0.000000,1.0000
47,0.033,431.98,181.49,,,111.98,-58.51,126.39,0.7900,0.59,DETECTED,TRACKING,0.00,0.00,7.9,3.77,0,0,0,1.000,0.000000,1.0000
48,0.033,431.99,181.49,,,111.99,-58.51,126.39,0.7900,0.58,DETECTED,TRACKING,0.00,0.00,8.0,2.64,0,0,0,1.000,0.000000,1.0000
49,0.033,431.98,181.49,,,111.98,-58.51,126.39,0.7900,0.58,DETECTED,TRACKING,0.00,0.00,8.0,3.47,0,0,0,1.000,0.000000,1.0000
50,0.033,431.96,181.5,,,111.96,-58.5,126.38,0.7900,0.59,DETECTED,TRACKING,0.00,0.00,8.0,3.59,0,0,0,1.000,0.000000,1.0000
51,0.033,431.96,181.5,,,111.96,-58.5,126.37,0.7900,0.58,DETECTED,TRACKING,0.00,0.00,8.0,3.38,0,0,0,1.000,0.000000,1.0000
52,0.033,431.97,181.5,,,111.97,-58.5,126.37,0.7900,0.58,DETECTED,TRACKING,0.00,0.00,8.1,2.93,0,0,0,1.000,0.000000,1.0000
53,0.033,431.97,181.5,,,111.97,-58.5,126.37,0.7900,0.58,DETECTED,TRACKING,0.00,0.00,8.0,2.62,0,0,0,1.000,0.000000,1.0000
54,0.033,431.98,181.5,,,111.98,-58.5,126.36,0.7900,0.60,DETECTED,TRACKING,0.00,0.00,8.0,2.88,0,0,0,1.000,0.000000,1.0000
55,0.033,431.98,181.5,,,111.98,-58.5,126.36,0.7900,0.58,DETECTED,TRACKING,0.00,0.00,8.0,2.90,0,0,0,1.000,0.000000,1.0000
56,0.033,431.97,181.5,,,111.97,-58.5,126.36,0.7900,0.58,DETECTED,TRACKING,0.00,0.00,7.1,3.47,0,0,0,1.000,0.000000,1.0000
57,0.033,431.95,181.5,,,111.95,-58.5,126.35,0.7900,0.58,DETECTED,TRACKING,0.00,0.00,8.0,2.74,0,0,0,1.000,0.000000,1.0000
58,0.033,431.94,181.5,,,111.94,-58.5,126.34,0.7900,0.58,DETECTED,TRACKING,0.00,0.00,8.0,2.89,0,0,0,1.000,0.000000,1.0000
59,0.033,431.94,181.5,,,111.94,-58.5,126.34,0.7900,0.59,DETECTED,TRACKING,0.00,0.00,8.1,3.09,0,0,0,1.000,0.000000,1.0000
60,0.033,431.92,181.5,,,111.92,-58.5,126.33,0.7900,0.58,DETECTED,TRACKING,0.00,0.00,8.0,2.65,0,0,0,1.000,0.000000,1.0000
61,0.033,431.92,181.5,,,111.92,-58.5,126.33,0.7900,0.59,DETECTED,TRACKING,0.00,0.00,8.0,2.64,0,0,0,1.000,0.000000,1.0000
62,0.033,431.92,181.51,,,111.92,-58.49,126.32,0.7900,0.59,DETECTED,TRACKING,0.00,0.00,7.9,2.84,0,0,0,1.000,0.000000,1.0000
63,0.033,431.91,181.51,,,111.91,-58.49,126.31,0.7900,0.58,DETECTED,TRACKING,0.00,0.00,8.2,5.24,0,0,0,1.000,0.000000,1.0000
64,0.033,431.9,181.5,,,111.9,-58.5,126.31,0.7900,0.58,DETECTED,TRACKING,0.00,0.00,8.0,2.76,0,0,0,1.000,0.000000,1.0000
65,0.033,431.91,181.5,,,111.91,-58.5,126.3,0.7900,0.59,DETECTED,TRACKING,0.00,0.00,6.5,2.89,0,0,0,1.000,0.000000,1.0000
66,0.033,431.9,181.5,,,111.9,-58.5,126.3,0.7900,0.58,DETECTED,TRACKING,0.00,0.00,7.9,3.13,0,0,0,1.000,0.000000,1.0000
67,0.033,431.9,181.49,,,111.9,-58.51,126.29,0.7900,0.58,DETECTED,TRACKING,0.00,0.00,8.1,2.63,0,0,0,1.000,0.000000,1.0000
68,0.033,431.91,181.49,,,111.91,-58.51,126.29,0.7900,0.58,DETECTED,TRACKING,0.00,0.00,8.1,2.53,0,0,0,1.000,0.000000,1.0000
69,0.033,431.92,181.49,,,111.92,-58.51,126.29,0.7900,0.58,DETECTED,TRACKING,0.00,0.00,7.2,2.57,0,0,0,1.000,0.000000,1.0000
70,0.033,431.92,181.5,,,111.92,-58.5,126.28,0.7900,0.59,DETECTED,TRACKING,0.00,0.00,8.1,3.83,0,0,0,1.000,0.000000,1.0000
71,0.033,431.93,181.5,,,111.93,-58.5,126.28,0.7900,0.58,DETECTED,TRACKING,0.00,0.00,7.1,2.54,0,0,0,1.000,0.000000,1.0000
72,0.033,431.94,181.51,,,111.94,-58.49,126.28,0.7900,0.57,DETECTED,TRACKING,0.00,0.00,8.1,2.68,0,0,0,1.000,0.000000,1.0000
73,0.033,431.93,181.51,,,111.93,-58.49,126.28,0.7900,0.58,DETECTED,TRACKING,0.00,0.00,7.2,2.89,0,0,0,1.000,0.000000,1.0000
74,0.033,431.93,181.51,,,111.93,-58.49,126.28,0.7900,0.59,DETECTED,TRACKING,0.00,0.00,7.1,4.65,0,0,0,1.000,0.000000,1.0000
75,0.033,431.94,181.51,,,111.94,-58.49,126.28,0.7900,0.59,DETECTED,TRACKING,0.00,0.00,7.9,3.23,0,0,0,1.000,0.000000,1.0000
76,0.033,431.94,181.51,,,111.94,-58.49,126.28,0.7900,0.58,DETECTED,TRACKING,0.00,0.00,7.7,2.88,0,0,0,1.000,0.000000,1.0000
77,0.033,431.93,181.5,,,111.93,-58.5,126.28,0.7900,0.59,DETECTED,TRACKING,0.00,0.00,7.5,3.09,0,0,0,1.000,0.000000,1.0000
78,0.033,431.93,181.5,,,111.93,-58.5,126.27,0.7900,0.59,DETECTED,TRACKING,0.00,0.00,7.0,3.90,0,0,0,1.000,0.000000,1.0000
79,0.033,431.94,181.5,,,111.94,-58.5,126.27,0.7900,0.59,DETECTED,TRACKING,0.00,0.00,7.3,2.61,0,0,0,1.000,0.000000,1.0000
80,0.033,431.94,181.5,,,111.94,-58.5,126.28,0.7900,0.58,DETECTED,TRACKING,0.00,0.00,7.8,2.91,0,0,0,1.000,0.000000,1.0000
81,0.033,431.92,181.51,,,111.92,-58.49,126.27,0.7900,0.59,DETECTED,TRACKING,0.00,0.00,7.1,2.89,0,0,0,1.000,0.000000,1.0000
82,0.033,431.93,181.51,,,111.93,-58.49,126.27,0.7900,0.58,DETECTED,TRACKING,0.00,0.00,8.1,3.43,0,0,0,1.000,0.000000,1.0000
83,0.033,431.94,181.51,,,111.94,-58.49,126.27,0.7900,0.58,DETECTED,TRACKING,0.00,0.00,8.1,3.68,0,0,0,1.000,0.000000,1.0000
84,0.033,431.93,181.52,,,111.93,-58.48,126.27,0.7900,0.58,DETECTED,TRACKING,0.00,0.00,7.8,2.99,0,0,0,1.000,0.000000,1.0000
85,0.033,431.94,181.52,,,111.94,-58.48,126.27,0.7900,0.58,DETECTED,TRACKING,0.00,0.00,8.0,4.64,0,0,0,1.000,0.000000,1.0000
86,0.033,431.95,181.51,,,111.95,-58.49,126.27,0.7900,0.58,DETECTED,TRACKING,0.00,0.00,7.9,2.80,0,0,0,1.000,0.000000,1.0000
87,0.033,431.95,181.51,,,111.95,-58.49,126.28,0.7900,0.58,DETECTED,TRACKING,0.00,0.00,8.0,4.39,0,0,0,1.000,0.000000,1.0000
88,0.033,431.96,181.51,,,111.96,-58.49,126.28,0.7900,0.59,DETECTED,TRACKING,0.00,0.00,8.0,5.86,0,0,0,1.000,0.000000,1.0000
89,0.033,431.96,181.51,,,111.96,-58.49,126.28,0.7900,0.59,DETECTED,TRACKING,0.00,0.00,6.3,3.98,0,0,0,1.000,0.000000,1.0000
90,0.033,431.97,181.51,,,111.97,-58.49,126.28,0.7900,0.59,DETECTED,TRACKING,0.00,0.00,6.3,2.99,0,0,0,1.000,0.000000,1.0000
91,0.033,431.94,181.51,,,111.94,-58.49,126.28,0.7900,0.58,DETECTED,TRACKING,0.00,0.00,7.5,3.22,0,0,0,1.000,0.000000,1.0000
92,0.033,431.95,181.51,,,111.95,-58.49,126.29,0.7900,0.58,DETECTED,TRACKING,0.00,0.00,6.6,9.97,0,0,0,1.000,0.000000,1.0000
93,0.033,431.96,181.5,,,111.96,-58.5,126.29,0.7900,0.58,DETECTED,TRACKING,0.00,0.00,5.4,2.65,0,0,0,1.000,0.000000,1.0000
94,0.033,431.96,181.5,,,111.96,-58.5,126.29,0.7900,0.59,DETECTED,TRACKING,0.00,0.00,5.7,3.39,0,0,0,1.000,0.000000,1.0000
95,0.033,431.99,181.5,,,111.99,-58.5,126.3,0.7900,0.58,DETECTED,TRACKING,0.00,0.00,6.5,3.02,0,0,0,1.000,0.000000,1.0000
96,0.033,431.99,181.5,,,111.99,-58.5,126.3,0.7900,0.58,DETECTED,TRACKING,0.00,0.00,7.0,4.45,0,0,0,1.000,0.000000,1.0000
97,0.033,431.99,181.5,,,111.99,-58.5,126.3,0.7900,0.58,DETECTED,TRACKING,0.00,0.00,7.2,3.06,0,0,0,1.000,0.000000,1.0000
98,0.033,432.0,181.5,,,112.0,-58.5,126.31,0.7900,0.59,DETECTED,TRACKING,0.00,0.00,7.1,2.50,0,0,0,1.000,0.000000,1.0000
99,0.033,431.99,181.49,,,111.99,-58.51,126.31,0.7900,0.58,DETECTED,TRACKING,0.00,0.00,7.9,2.49,0,0,0,1.000,0.000000,1.0000
100,0.033,431.99,181.5,,,111.99,-58.5,126.32,0.7900,0.59,DETECTED,TRACKING,0.00,0.00,7.9,4.32,0,0,0,1.000,0.000000,1.0000
101,0.033,431.99,181.5,,,111.99,-58.5,126.32,0.7900,0.59,DETECTED,TRACKING,0.00,0.00,8.0,2.88,0,0,0,1.000,0.000000,1.0000
102,0.033,432.0,181.5,,,112.0,-58.5,126.32,0.7900,0.59,DETECTED,TRACKING,0.00,0.00,7.9,2.56,0,0,0,1.000,0.000000,1.0000
103,0.033,432.0,181.49,,,112.0,-58.51,126.33,0.7900,0.58,DETECTED,TRACKING,0.00,0.00,7.8,4.05,0,0,0,1.000,0.000000,1.0000
104,0.033,431.99,181.5,,,111.99,-58.5,126.33,0.7900,0.58,DETECTED,TRACKING,0.00,0.00,5.7,3.80,0,0,0,1.000,0.000000,1.0000
105,0.033,431.98,181.5,,,111.98,-58.5,126.33,0.7900,0.59,DETECTED,TRACKING,0.00,0.00,7.1,3.69,0,0,0,1.000,0.000000,1.0000
106,0.033,432.01,181.51,,,112.01,-58.49,126.34,0.7900,0.57,DETECTED,TRACKING,0.00,0.00,7.9,2.80,0,0,0,1.000,0.000000,1.0000
107,0.033,432.01,181.51,,,112.01,-58.49,126.34,0.7900,0.58,DETECTED,TRACKING,0.00,0.00,8.1,3.88,0,0,0,1.000,0.000000,1.0000
108,0.033,432.03,181.5,,,112.03,-58.5,126.35,0.7900,0.58,DETECTED,TRACKING,0.00,0.00,7.2,3.19,0,0,0,1.000,0.000000,1.0000
109,0.033,432.04,181.5,,,112.04,-58.5,126.35,0.7900,0.58,DETECTED,TRACKING,0.00,0.00,8.1,3.73,0,0,0,1.000,0.000000,1.0000
110,0.033,432.04,181.5,,,112.04,-58.5,126.36,0.7900,0.59,DETECTED,TRACKING,0.00,0.00,7.9,3.20,0,0,0,1.000,0.000000,1.0000
111,0.033,432.04,181.5,,,112.04,-58.5,126.36,0.7900,0.58,DETECTED,TRACKING,0.00,0.00,8.1,3.12,0,0,0,1.000,0.000000,1.0000
112,0.033,432.04,181.5,,,112.04,-58.5,126.37,0.7900,0.59,DETECTED,TRACKING,0.00,0.00,8.0,3.63,0,0,0,1.000,0.000000,1.0000
113,0.033,432.04,181.49,,,112.04,-58.51,126.37,0.7900,0.58,DETECTED,TRACKING,0.00,0.00,7.1,3.88,0,0,0,1.000,0.000000,1.0000
114,0.033,432.04,181.49,,,112.04,-58.51,126.38,0.7900,0.59,DETECTED,TRACKING,0.00,0.00,7.1,2.84,0,0,0,1.000,0.000000,1.0000
115,0.033,432.03,181.49,,,112.03,-58.51,126.38,0.7900,0.58,DETECTED,TRACKING,0.00,0.00,8.0,3.07,0,0,0,1.000,0.000000,1.0000
116,0.033,432.02,181.49,,,112.02,-58.51,126.38,0.7900,0.59,DETECTED,TRACKING,0.00,0.00,7.9,3.22,0,0,0,1.000,0.000000,1.0000
117,0.033,432.05,181.49,,,112.05,-58.51,126.39,0.7900,0.60,DETECTED,TRACKING,0.00,0.00,8.1,2.71,0,0,0,1.000,0.000000,1.0000
118,0.033,432.04,181.49,,,112.04,-58.51,126.39,0.7900,0.58,DETECTED,TRACKING,0.00,0.00,7.1,2.45,0,0,0,1.000,0.000000,1.0000
119,0.033,432.04,181.49,,,112.04,-58.51,126.39,0.7900,0.59,DETECTED,TRACKING,0.00,0.00,8.0,3.26,0,0,0,1.000,0.000000,1.0000
120,0.033,432.03,181.5,,,112.03,-58.5,126.39,0.7900,0.59,DETECTED,TRACKING,0.00,0.00,8.1,3.06,0,0,0,1.000,0.000000,1.0000
121,0.033,432.02,181.49,,,112.02,-58.51,126.4,0.7900,0.59,DETECTED,TRACKING,0.00,0.00,8.0,2.83,0,0,0,1.000,0.000000,1.0000
122,0.033,432.03,181.49,,,112.03,-58.51,126.4,0.7910,0.59,DETECTED,TRACKING,0.00,0.00,7.0,2.66,0,0,0,1.000,0.000000,1.0000
123,0.033,432.03,181.49,,,112.03,-58.51,126.4,0.7910,0.59,DETECTED,TRACKING,0.00,0.00,7.9,3.42,0,0,0,1.000,0.000000,1.0000
124,0.033,432.02,181.49,,,112.02,-58.51,126.4,0.7910,0.58,DETECTED,TRACKING,0.00,0.00,8.2,3.17,0,0,0,1.000,0.000000,1.0000
125,0.033,432.01,181.5,,,112.01,-58.5,126.4,0.7910,0.58,DETECTED,TRACKING,0.00,0.00,8.0,2.56,0,0,0,1.000,0.000000,1.0000
126,0.033,431.99,181.49,,,111.99,-58.51,126.4,0.7900,0.58,DETECTED,TRACKING,0.00,0.00,8.1,2.59,0,0,0,1.000,0.000000,1.0000
127,0.033,432.0,181.5,,,112.0,-58.5,126.39,0.7900,0.59,DETECTED,TRACKING,0.00,0.00,8.0,2.94,0,0,0,1.000,0.000000,1.0000
128,0.033,431.98,181.51,,,111.98,-58.49,126.39,0.7900,0.58,DETECTED,TRACKING,0.00,0.00,8.1,4.15,0,0,0,1.000,0.000000,1.0000
129,0.033,432.0,181.5,,,112.0,-58.5,126.39,0.7900,0.58,DETECTED,TRACKING,0.00,0.00,5.8,3.23,0,0,0,1.000,0.000000,1.0000
130,0.033,432.0,181.51,,,112.0,-58.49,126.39,0.7900,0.58,DETECTED,TRACKING,0.00,0.00,5.8,2.76,0,0,0,1.000,0.000000,1.0000
131,0.033,432.0,181.51,,,112.0,-58.49,126.39,0.7900,0.58,DETECTED,TRACKING,0.00,0.00,8.0,2.80,0,0,0,1.000,0.000000,1.0000
132,0.033,431.99,181.51,,,111.99,-58.49,126.38,0.7900,0.59,DETECTED,TRACKING,0.00,0.00,8.0,2.51,0,0,0,1.000,0.000000,1.0000
133,0.033,432.0,181.51,,,112.0,-58.49,126.38,0.7900,0.58,DETECTED,TRACKING,0.00,0.00,8.1,3.94,0,0,0,1.000,0.000000,1.0000
134,0.033,432.0,181.51,,,112.0,-58.49,126.38,0.7900,0.58,DETECTED,TRACKING,0.00,0.00,9.0,3.24,0,0,0,1.000,0.000000,1.0000
135,0.033,432.0,181.51,,,112.0,-58.49,126.38,0.7900,0.58,DETECTED,TRACKING,0.00,0.00,8.2,2.64,0,0,0,1.000,0.000000,1.0000
136,0.033,432.03,181.52,,,112.03,-58.48,126.38,0.7900,0.59,DETECTED,TRACKING,0.00,0.00,7.7,2.55,0,0,0,1.000,0.000000,1.0000
137,0.033,432.03,181.52,,,112.03,-58.48,126.38,0.7900,0.58,DETECTED,TRACKING,0.00,0.00,8.2,2.70,0,0,0,1.000,0.000000,1.0000
138,0.033,432.03,181.52,,,112.03,-58.48,126.38,0.7900,0.59,DETECTED,TRACKING,0.00,0.00,8.1,2.53,0,0,0,1.000,0.000000,1.0000
139,0.033,432.03,181.52,,,112.03,-58.48,126.38,0.7900,0.59,DETECTED,TRACKING,0.00,0.00,7.1,2.68,0,0,0,1.000,0.000000,1.0000
140,0.033,432.04,181.52,,,112.04,-58.48,126.38,0.7900,0.59,DETECTED,TRACKING,0.00,0.00,8.1,2.52,0,0,0,1.000,0.000000,1.0000
141,0.033,432.03,181.52,,,112.03,-58.48,126.38,0.7900,0.58,DETECTED,TRACKING,0.00,0.00,7.9,2.84,0,0,0,1.000,0.000000,1.0000
142,0.033,432.03,181.52,,,112.03,-58.48,126.38,0.7900,0.58,DETECTED,TRACKING,0.00,0.00,8.2,3.40,0,0,0,1.000,0.000000,1.0000
143,0.033,432.05,181.52,,,112.05,-58.48,126.38,0.7900,0.58,DETECTED,TRACKING,0.00,0.00,7.9,2.54,0,0,0,1.000,0.000000,1.0000
144,0.033,432.05,181.52,,,112.05,-58.48,126.38,0.7900,0.59,DETECTED,TRACKING,0.00,0.00,7.9,2.87,0,0,0,1.000,0.000000,1.0000
145,0.033,432.06,181.52,,,112.06,-58.48,126.39,0.7900,0.58,DETECTED,TRACKING,0.00,0.00,8.0,2.77,0,0,0,1.000,0.000000,1.0000
146,0.033,432.05,181.52,,,112.05,-58.48,126.39,0.7910,0.59,DETECTED,TRACKING,0.00,0.00,7.1,2.41,0,0,0,1.000,0.000000,1.0000
147,0.033,432.06,181.51,,,112.06,-58.49,126.39,0.7910,0.58,DETECTED,TRACKING,0.00,0.00,7.1,3.20,0,0,0,1.000,0.000000,1.0000
148,0.033,432.06,181.51,,,112.06,-58.49,126.39,0.7910,0.58,DETECTED,TRACKING,0.00,0.00,8.1,2.59,0,0,0,1.000,0.000000,1.0000
149,0.033,432.08,181.5,,,112.08,-58.5,126.4,0.7910,0.59,DETECTED,TRACKING,0.00,0.00,8.1,4.20,0,0,0,1.000,0.000000,1.0000
150,0.033,432.09,181.51,,,112.09,-58.49,126.4,0.7910,0.59,DETECTED,TRACKING,0.00,0.00,7.9,2.57,0,0,0,1.000,0.000000,1.0000
151,0.033,432.08,181.51,,,112.08,-58.49,126.4,0.7910,0.58,DETECTED,TRACKING,0.00,0.00,7.9,2.91,0,0,0,1.000,0.000000,1.0000
152,0.033,432.07,181.5,,,112.07,-58.5,126.41,0.7910,0.59,DETECTED,TRACKING,0.00,0.00,8.1,2.57,0,0,0,1.000,0.000000,1.0000
153,0.033,432.06,181.5,,,112.06,-58.5,126.41,0.7910,0.58,DETECTED,TRACKING,0.00,0.00,7.9,2.83,0,0,0,1.000,0.000000,1.0000
154,0.033,432.06,181.5,,,112.06,-58.5,126.41,0.7910,0.58,DETECTED,TRACKING,0.00,0.00,8.1,2.50,0,0,0,1.000,0.000000,1.0000
155,0.033,432.06,181.5,,,112.06,-58.5,126.41,0.7910,0.58,DETECTED,TRACKING,0.00,0.00,8.0,2.76,0,0,0,1.000,0.000000,1.0000
156,0.033,432.03,181.5,,,112.03,-58.5,126.41,0.7910,0.59,DETECTED,TRACKING,0.00,0.00,7.2,2.96,0,0,0,1.000,0.000000,1.0000
157,0.033,432.05,181.49,,,112.05,-58.51,126.41,0.7910,0.59,DETECTED,TRACKING,0.00,0.00,8.2,2.55,0,0,0,1.000,0.000000,1.0000
158,0.033,432.03,181.5,,,112.03,-58.5,126.41,0.7910,0.58,DETECTED,TRACKING,0.00,0.00,8.0,2.48,0,0,0,1.000,0.000000,1.0000
159,0.033,432.05,181.49,,,112.05,-58.51,126.41,0.7910,0.59,DETECTED,TRACKING,0.00,0.00,8.0,9.65,0,0,0,1.000,0.000000,1.0000
160,0.033,432.05,181.49,,,112.05,-58.51,126.41,0.7910,0.58,DETECTED,TRACKING,0.00,0.00,7.2,3.56,0,0,0,1.000,0.000000,1.0000
161,0.033,432.06,181.49,,,112.06,-58.51,126.41,0.7910,0.58,DETECTED,TRACKING,0.00,0.00,7.2,2.61,0,0,0,1.000,0.000000,1.0000
162,0.033,432.06,181.49,,,112.06,-58.51,126.41,0.7910,0.59,DETECTED,TRACKING,0.00,0.00,8.1,4.15,0,0,0,1.000,0.000000,1.0000
163,0.033,432.04,181.49,,,112.04,-58.51,126.41,0.7910,0.59,DETECTED,TRACKING,0.00,0.00,8.1,2.58,0,0,0,1.000,0.000000,1.0000
164,0.033,432.04,181.49,,,112.04,-58.51,126.41,0.7910,0.58,DETECTED,TRACKING,0.00,0.00,8.0,4.14,0,0,0,1.000,0.000000,1.0000
165,0.033,432.06,181.48,,,112.06,-58.52,126.41,0.7910,0.58,DETECTED,TRACKING,0.00,0.00,7.2,2.81,0,0,0,1.000,0.000000,1.0000
166,0.033,432.06,181.48,,,112.06,-58.52,126.42,0.7910,0.58,DETECTED,TRACKING,0.00,0.00,8.0,3.93,0,0,0,1.000,0.000000,1.0000
167,0.033,432.05,181.49,,,112.05,-58.51,126.42,0.7910,0.58,DETECTED,TRACKING,0.00,0.00,7.9,2.50,0,0,0,1.000,0.000000,1.0000
168,0.033,432.08,181.49,,,112.08,-58.51,126.42,0.7910,0.58,DETECTED,TRACKING,0.00,0.00,7.9,2.60,0,0,0,1.000,0.000000,1.0000
169,0.033,432.04,181.48,,,112.04,-58.52,126.42,0.7910,0.59,DETECTED,TRACKING,0.00,0.00,7.2,2.91,0,0,0,1.000,0.000000,1.0000
170,0.033,432.03,181.48,,,112.03,-58.52,126.42,0.7910,0.59,DETECTED,TRACKING,0.00,0.00,7.9,2.56,0,0,0,1.000,0.000000,1.0000
171,0.033,432.03,181.48,,,112.03,-58.52,126.42,0.7910,0.58,DETECTED,TRACKING,0.00,0.00,8.0,2.49,0,0,0,1.000,0.000000,1.0000
172,0.033,432.02,181.48,,,112.02,-58.52,126.41,0.7910,0.58,DETECTED,TRACKING,0.00,0.00,8.0,3.07,0,0,0,1.000,0.000000,1.0000
173,0.033,432.0,181.48,,,112.0,-58.52,126.41,0.7910,0.58,DETECTED,TRACKING,0.00,0.00,8.0,2.67,0,0,0,1.000,0.000000,1.0000
174,0.033,432.0,181.48,,,112.0,-58.52,126.41,0.7910,0.59,DETECTED,TRACKING,0.00,0.00,8.1,2.56,0,0,0,1.000,0.000000,1.0000
175,0.033,432.0,181.48,,,112.0,-58.52,126.4,0.7910,0.58,DETECTED,TRACKING,0.00,0.00,8.0,4.59,0,0,0,1.000,0.000000,1.0000
176,0.033,432.0,181.47,,,112.0,-58.53,126.4,0.7900,0.59,DETECTED,TRACKING,0.00,0.00,7.2,3.11,0,0,0,1.000,0.000000,1.0000
177,0.033,431.99,181.48,,,111.99,-58.52,126.4,0.7900,0.58,DETECTED,TRACKING,0.00,0.00,7.1,3.93,0,0,0,1.000,0.000000,1.0000
178,0.033,432.01,181.48,,,112.01,-58.52,126.39,0.7900,0.58,DETECTED,TRACKING,0.00,0.00,8.0,2.57,0,0,0,1.000,0.000000,1.0000
179,0.033,432.01,181.48,,,112.01,-58.52,126.39,0.7900,0.59,DETECTED,TRACKING,0.00,0.00,8.0,3.02,0,0,0,1.000,0.000000,1.0000
180,0.033,432.02,181.47,,,112.02,-58.53,126.39,0.7900,0.58,DETECTED,TRACKING,0.00,0.00,8.1,3.83,0,0,0,1.000,0.000000,1.0000
181,0.033,432.01,181.48,,,112.01,-58.52,126.39,0.7900,0.58,DETECTED,TRACKING,0.00,0.00,8.1,2.83,0,0,0,1.000,0.000000,1.0000
182,0.033,432.01,181.48,,,112.01,-58.52,126.39,0.7900,0.58,DETECTED,TRACKING,0.00,0.00,7.1,2.77,0,0,0,1.000,0.000000,1.0000
183,0.033,432.0,181.48,,,112.0,-58.52,126.39,0.7900,0.58,DETECTED,TRACKING,0.00,0.00,7.9,2.84,0,0,0,1.000,0.000000,1.0000
184,0.033,432.0,181.48,,,112.0,-58.52,126.38,0.7900,0.58,DETECTED,TRACKING,0.00,0.00,7.1,3.16,0,0,0,1.000,0.000000,1.0000
185,0.033,431.98,181.48,,,111.98,-58.52,126.38,0.7900,0.58,DETECTED,TRACKING,0.00,0.00,8.1,2.39,0,0,0,1.000,0.000000,1.0000
186,0.033,431.98,181.48,,,111.98,-58.52,126.38,0.7900,0.58,DETECTED,TRACKING,0.00,0.00,8.1,2.59,0,0,0,1.000,0.000000,1.0000
187,0.033,431.98,181.48,,,111.98,-58.52,126.37,0.7900,0.58,DETECTED,TRACKING,0.00,0.00,8.1,2.54,0,0,0,1.000,0.000000,1.0000
188,0.033,431.99,181.48,,,111.99,-58.52,126.37,0.7900,0.59,DETECTED,TRACKING,0.00,0.00,8.0,4.45,0,0,0,1.000,0.000000,1.0000
189,0.033,431.99,181.48,,,111.99,-58.52,126.37,0.7900,0.59,DETECTED,TRACKING,0.00,0.00,7.5,3.15,0,0,0,1.000,0.000000,1.0000
190,0.033,431.99,181.49,,,111.99,-58.51,126.37,0.7900,0.59,DETECTED,TRACKING,0.00,0.00,6.9,3.45,0,0,0,1.000,0.000000,1.0000
191,0.033,432.0,181.48,,,112.0,-58.52,126.37,0.7900,0.58,DETECTED,TRACKING,0.00,0.00,6.5,2.80,0,0,0,1.000,0.000000,1.0000
192,0.033,431.99,181.49,,,111.99,-58.51,126.36,0.7900,0.58,DETECTED,TRACKING,0.00,0.00,6.4,3.63,0,0,0,1.000,0.000000,1.0000
193,0.033,431.96,181.49,,,111.96,-58.51,126.36,0.7900,0.58,DETECTED,TRACKING,0.00,0.00,7.2,3.09,0,0,0,1.000,0.000000,1.0000
194,0.033,431.92,181.49,,,111.92,-58.51,126.35,0.7900,0.57,DETECTED,TRACKING,0.00,0.00,7.9,2.86,0,0,0,1.000,0.000000,1.0000
195,0.033,431.93,181.49,,,111.93,-58.51,126.35,0.7900,0.59,DETECTED,TRACKING,0.00,0.00,7.3,2.57,0,0,0,1.000,0.000000,1.0000
196,0.033,431.95,181.5,,,111.95,-58.5,126.34,0.7900,0.58,DETECTED,TRACKING,0.00,0.00,7.1,3.77,0,0,0,1.000,0.000000,1.0000
197,0.033,431.95,181.5,,,111.95,-58.5,126.34,0.7900,0.58,DETECTED,TRACKING,0.00,0.00,8.1,3.86,0,0,0,1.000,0.000000,1.0000
198,0.033,431.93,181.5,,,111.93,-58.5,126.33,0.7900,0.58,DETECTED,TRACKING,0.00,0.00,6.4,2.92,0,0,0,1.000,0.000000,1.0000
199,0.033,431.92,181.5,,,111.92,-58.5,126.33,0.7900,0.59,DETECTED,TRACKING,0.00,0.00,7.9,2.92,0,0,0,1.000,0.000000,1.0000
200,0.033,431.92,181.5,,,111.92,-58.5,126.32,0.7900,0.58,DETECTED,TRACKING,0.00,0.00,8.0,3.84,0,0,0,1.000,0.000000,1.0000
201,0.033,431.91,181.5,,,111.91,-58.5,126.31,0.7900,0.59,DETECTED,TRACKING,0.00,0.00,8.0,2.64,0,0,0,1.000,0.000000,1.0000
202,0.033,431.92,181.5,,,111.92,-58.5,126.31,0.7900,0.59,DETECTED,TRACKING,0.00,0.00,8.0,2.59,0,0,0,1.000,0.000000,1.0000
203,0.033,431.93,181.5,,,111.93,-58.5,126.31,0.7900,0.58,DETECTED,TRACKING,0.00,0.00,8.1,2.85,0,0,0,1.000,0.000000,1.0000
204,0.033,431.92,181.5,,,111.92,-58.5,126.3,0.7900,0.59,DETECTED,TRACKING,0.00,0.00,7.9,4.68,0,0,0,1.000,0.000000,1.0000
205,0.033,431.88,181.5,,,111.88,-58.5,126.29,0.7900,0.58,DETECTED,TRACKING,0.00,0.00,6.4,4.35,0,0,0,1.000,0.000000,1.0000
206,0.033,431.89,181.5,,,111.89,-58.5,126.29,0.7900,0.58,DETECTED,TRACKING,0.00,0.00,6.4,4.63,0,0,0,1.000,0.000000,1.0000
207,0.033,431.89,181.51,,,111.89,-58.49,126.28,0.7900,0.58,DETECTED,TRACKING,0.00,0.00,7.1,2.86,0,0,0,1.000,0.000000,1.0000
208,0.033,431.9,181.51,,,111.9,-58.49,126.28,0.7900,0.58,DETECTED,TRACKING,0.00,0.00,8.0,3.83,0,0,0,1.000,0.000000,1.0000
209,0.033,431.88,181.5,,,111.88,-58.5,126.27,0.7900,0.59,DETECTED,TRACKING,0.00,0.00,7.9,2.69,0,0,0,1.000,0.000000,1.0000
210,0.033,431.89,181.5,,,111.89,-58.5,126.27,0.7900,0.58,DETECTED,TRACKING,0.00,0.00,8.1,2.66,0,0,0,1.000,0.000000,1.0000
211,0.033,431.9,181.5,,,111.9,-58.5,126.26,0.7900,0.59,DETECTED,TRACKING,0.00,0.00,7.9,2.72,0,0,0,1.000,0.000000,1.0000
212,0.033,431.9,181.51,,,111.9,-58.49,126.26,0.7900,0.59,DETECTED,TRACKING,0.00,0.00,7.9,3.69,0,0,0,1.000,0.000000,1.0000
213,0.033,431.9,181.5,,,111.9,-58.5,126.26,0.7900,0.58,DETECTED,TRACKING,0.00,0.00,8.0,2.77,0,0,0,1.000,0.000000,1.0000
214,0.033,431.9,181.51,,,111.9,-58.49,126.26,0.7900,0.59,DETECTED,TRACKING,0.00,0.00,7.1,3.30,0,0,0,1.000,0.000000,1.0000
215,0.033,431.92,181.51,,,111.92,-58.49,126.26,0.7900,0.58,DETECTED,TRACKING,0.00,0.00,6.4,2.45,0,0,0,1.000,0.000000,1.0000
216,0.033,431.91,181.51,,,111.91,-58.49,126.25,0.7900,0.58,DETECTED,TRACKING,0.00,0.00,8.0,2.55,0,0,0,1.000,0.000000,1.0000
217,0.033,431.9,181.51,,,111.9,-58.49,126.25,0.7900,0.59,DETECTED,TRACKING,0.00,0.00,8.0,3.15,0,0,0,1.000,0.000000,1.0000
218,0.033,431.91,181.5,,,111.91,-58.5,126.25,0.7900,0.58,DETECTED,TRACKING,0.00,0.00,7.2,3.33,0,0,0,1.000,0.000000,1.0000
219,0.033,431.94,181.5,,,111.94,-58.5,126.25,0.7900,0.58,DETECTED,TRACKING,0.00,0.00,7.0,3.42,0,0,0,1.000,0.000000,1.0000
220,0.033,431.94,181.5,,,111.94,-58.5,126.26,0.7900,0.59,DETECTED,TRACKING,0.00,0.00,7.2,2.51,0,0,0,1.000,0.000000,1.0000
221,0.033,431.91,181.51,,,111.91,-58.49,126.25,0.7900,0.59,DETECTED,TRACKING,0.00,0.00,8.0,3.41,0,0,0,1.000,0.000000,1.0000
222,0.033,431.93,181.5,,,111.93,-58.5,126.26,0.7900,0.58,DETECTED,TRACKING,0.00,0.00,7.0,3.29,0,0,0,1.000,0.000000,1.0000
223,0.033,431.92,181.5,,,111.92,-58.5,126.26,0.7900,0.59,DETECTED,TRACKING,0.00,0.00,6.4,2.98,0,0,0,1.000,0.000000,1.0000
224,0.033,431.91,181.5,,,111.91,-58.5,126.26,0.7900,0.58,DETECTED,TRACKING,0.00,0.00,8.0,2.72,0,0,0,1.000,0.000000,1.0000
225,0.033,431.92,181.5,,,111.92,-58.5,126.26,0.7900,0.58,DETECTED,TRACKING,0.00,0.00,8.1,2.69,0,0,0,1.000,0.000000,1.0000
226,0.033,431.93,181.5,,,111.93,-58.5,126.26,0.7900,0.58,DETECTED,TRACKING,0.00,0.00,8.0,3.17,0,0,0,1.000,0.000000,1.0000
227,0.033,431.93,181.5,,,111.93,-58.5,126.26,0.7900,0.59,DETECTED,TRACKING,0.00,0.00,7.9,3.03,0,0,0,1.000,0.000000,1.0000
228,0.033,431.94,181.5,,,111.94,-58.5,126.26,0.7900,0.58,DETECTED,TRACKING,0.00,0.00,8.0,3.21,0,0,0,1.000,0.000000,1.0000
229,0.033,431.92,181.51,,,111.92,-58.49,126.26,0.7900,0.58,DETECTED,TRACKING,0.00,0.00,7.2,2.57,0,0,0,1.000,0.000000,1.0000
230,0.033,431.93,181.51,,,111.93,-58.49,126.26,0.7900,0.58,DETECTED,TRACKING,0.00,0.00,8.1,2.97,0,0,0,1.000,0.000000,1.0000
231,0.033,431.93,181.51,,,111.93,-58.49,126.27,0.7900,0.58,DETECTED,TRACKING,0.00,0.00,7.3,2.79,0,0,0,1.000,0.000000,1.0000
232,0.033,431.94,181.5,,,111.94,-58.5,126.27,0.7900,0.59,DETECTED,TRACKING,0.00,0.00,7.1,5.11,0,0,0,1.000,0.000000,1.0000
233,0.033,431.96,181.51,,,111.96,-58.49,126.27,0.7900,0.59,DETECTED,TRACKING,0.00,0.00,7.9,2.79,0,0,0,1.000,0.000000,1.0000
234,0.033,431.97,181.51,,,111.97,-58.49,126.28,0.7900,0.58,DETECTED,TRACKING,0.00,0.00,8.1,2.73,0,0,0,1.000,0.000000,1.0000
235,0.033,431.95,181.51,,,111.95,-58.49,126.28,0.7900,0.58,DETECTED,TRACKING,0.00,0.00,8.0,3.53,0,0,0,1.000,0.000000,1.0000
236,0.033,431.95,181.51,,,111.95,-58.49,126.28,0.7900,0.58,DETECTED,TRACKING,0.00,0.00,7.1,5.16,0,0,0,1.000,0.000000,1.0000
237,0.033,431.92,181.5,,,111.92,-58.5,126.28,0.7900,0.59,DETECTED,TRACKING,0.00,0.00,7.2,2.93,0,0,0,1.000,0.000000,1.0000
238,0.033,431.93,181.5,,,111.93,-58.5,126.28,0.7900,0.59,DETECTED,TRACKING,0.00,0.00,7.0,2.60,0,0,0,1.000,0.000000,1.0000
239,0.033,431.92,181.5,,,111.92,-58.5,126.28,0.7900,0.59,DETECTED,TRACKING,0.00,0.00,7.8,3.30,0,0,0,1.000,0.000000,1.0000
240,0.033,431.93,181.5,,,111.93,-58.5,126.28,0.7900,0.58,DETECTED,TRACKING,0.00,0.00,6.4,2.91,0,0,0,1.000,0.000000,1.0000
241,0.033,431.93,181.5,,,111.93,-58.5,126.28,0.7900,0.58,DETECTED,TRACKING,0.00,0.00,7.8,3.62,0,0,0,1.000,0.000000,1.0000
242,0.033,431.96,181.5,,,111.96,-58.5,126.29,0.7900,0.59,DETECTED,TRACKING,0.00,0.00,7.1,3.45,0,0,0,1.000,0.000000,1.0000
243,0.033,431.97,181.49,,,111.97,-58.51,126.29,0.7900,0.59,DETECTED,TRACKING,0.00,0.00,7.2,2.81,0,0,0,1.000,0.000000,1.0000
244,0.033,431.98,181.49,,,111.98,-58.51,126.3,0.7900,0.58,DETECTED,TRACKING,0.00,0.00,7.1,2.68,0,0,0,1.000,0.000000,1.0000
245,0.033,431.99,181.49,,,111.99,-58.51,126.3,0.7900,0.59,DETECTED,TRACKING,0.00,0.00,7.9,4.79,0,0,0,1.000,0.000000,1.0000
246,0.033,431.99,181.49,,,111.99,-58.51,126.31,0.7900,0.59,DETECTED,TRACKING,0.00,0.00,7.1,2.89,0,0,0,1.000,0.000000,1.0000
247,0.033,432.01,181.49,,,112.01,-58.51,126.31,0.7900,0.58,DETECTED,TRACKING,0.00,0.00,7.9,2.99,0,0,0,1.000,0.000000,1.0000
248,0.033,432.01,181.5,,,112.01,-58.5,126.32,0.7900,0.58,DETECTED,TRACKING,0.00,0.00,7.1,3.36,0,0,0,1.000,0.000000,1.0000
249,0.033,432.02,181.5,,,112.02,-58.5,126.33,0.7900,0.58,DETECTED,TRACKING,0.00,0.00,8.1,2.93,0,0,0,1.000,0.000000,1.0000
250,0.033,432.02,181.5,,,112.02,-58.5,126.33,0.7900,0.59,DETECTED,TRACKING,0.00,0.00,7.9,2.76,0,0,0,1.000,0.000000,1.0000
251,0.033,432.02,181.5,,,112.02,-58.5,126.34,0.7900,0.58,DETECTED,TRACKING,0.00,0.00,6.9,2.96,0,0,0,1.000,0.000000,1.0000
252,0.033,432.02,181.5,,,112.02,-58.5,126.34,0.7900,0.58,DETECTED,TRACKING,0.00,0.00,8.1,3.97,0,0,0,1.000,0.000000,1.0000
253,0.033,432.0,181.49,,,112.0,-58.51,126.35,0.7900,0.59,DETECTED,TRACKING,0.00,0.00,7.9,3.47,0,0,0,1.000,0.000000,1.0000
254,0.033,431.98,181.49,,,111.98,-58.51,126.35,0.7900,0.58,DETECTED,TRACKING,0.00,0.00,8.1,2.72,0,0,0,1.000,0.000000,1.0000
255,0.033,432.0,181.49,,,112.0,-58.51,126.35,0.7900,0.59,DETECTED,TRACKING,0.00,0.00,8.0,3.32,0,0,0,1.000,0.000000,1.0000
256,0.033,432.0,181.49,,,112.0,-58.51,126.35,0.7900,0.58,DETECTED,TRACKING,0.00,0.00,6.3,2.71,0,0,0,1.000,0.000000,1.0000
257,0.033,432.01,181.49,,,112.01,-58.51,126.36,0.7900,0.58,DETECTED,TRACKING,0.00,0.00,8.0,2.81,0,0,0,1.000,0.000000,1.0000
258,0.033,432.01,181.49,,,112.01,-58.51,126.36,0.7900,0.59,DETECTED,TRACKING,0.00,0.00,8.0,4.67,0,0,0,1.000,0.000000,1.0000
259,0.033,432.01,181.49,,,112.01,-58.51,126.36,0.7900,0.59,DETECTED,TRACKING,0.00,0.00,7.0,4.50,0,0,0,1.000,0.000000,1.0000
260,0.033,432.02,181.5,,,112.02,-58.5,126.37,0.7900,0.59,DETECTED,TRACKING,0.00,0.00,7.0,3.85,0,0,0,1.000,0.000000,1.0000
261,0.033,432.02,181.5,,,112.02,-58.5,126.37,0.7900,0.59,DETECTED,TRACKING,0.00,0.00,6.4,2.87,0,0,0,1.000,0.000000,1.0000
262,0.033,432.03,181.5,,,112.03,-58.5,126.37,0.7900,0.58,DETECTED,TRACKING,0.00,0.00,7.1,3.37,0,0,0,1.000,0.000000,1.0000
263,0.033,432.03,181.5,,,112.03,-58.5,126.38,0.7900,0.59,DETECTED,TRACKING,0.00,0.00,7.1,4.42,0,0,0,1.000,0.000000,1.0000
264,0.033,432.03,181.49,,,112.03,-58.51,126.38,0.7900,0.58,DETECTED,TRACKING,0.00,0.00,5.8,3.25,0,0,0,1.000,0.000000,1.0000
265,0.033,432.03,181.49,,,112.03,-58.51,126.38,0.7900,0.58,DETECTED,TRACKING,0.00,0.00,7.2,2.96,0,0,0,1.000,0.000000,1.0000
266,0.033,432.04,181.49,,,112.04,-58.51,126.39,0.7900,0.58,DETECTED,TRACKING,0.00,0.00,7.0,3.19,0,0,0,1.000,0.000000,1.0000
267,0.033,432.04,181.49,,,112.04,-58.51,126.39,0.7900,0.59,DETECTED,TRACKING,0.00,0.00,7.1,2.73,0,0,0,1.000,0.000000,1.0000
268,0.033,432.03,181.49,,,112.03,-58.51,126.39,0.7900,0.58,DETECTED,TRACKING,0.00,0.00,7.9,3.70,0,0,0,1.000,0.000000,1.0000
269,0.033,432.03,181.49,,,112.03,-58.51,126.4,0.7900,0.59,DETECTED,TRACKING,0.00,0.00,8.1,3.61,0,0,0,1.000,0.000000,1.0000
270,0.033,432.06,181.49,,,112.06,-58.51,126.4,0.7910,0.59,DETECTED,TRACKING,0.00,0.00,7.2,3.01,0,0,0,1.000,0.000000,1.0000
271,0.033,432.08,181.49,,,112.08,-58.51,126.4,0.7910,0.58,DETECTED,TRACKING,0.00,0.00,7.3,2.87,0,0,0,1.000,0.000000,1.0000
272,0.033,432.06,181.49,,,112.06,-58.51,126.41,0.7910,0.59,DETECTED,TRACKING,0.00,0.00,5.8,6.16,0,0,0,1.000,0.000000,1.0000
273,0.033,432.06,181.49,,,112.06,-58.51,126.41,0.7910,0.59,DETECTED,TRACKING,0.00,0.00,3.0,5.31,0,0,0,1.000,0.000000,1.0000
274,0.033,432.05,181.48,,,112.05,-58.52,126.41,0.7910,0.58,DETECTED,TRACKING,0.00,0.00,4.3,32.33,0,0,0,1.000,0.000000,1.0000
275,0.033,432.03,181.49,,,112.03,-58.51,126.41,0.7910,0.59,DETECTED,TRACKING,0.00,0.00,3.5,7.80,0,0,0,1.000,0.000000,1.0000
276,0.033,432.02,181.49,,,112.02,-58.51,126.41,0.7910,0.59,DETECTED,TRACKING,0.00,0.00,3.1,4.37,0,0,0,1.000,0.000000,1.0000
277,0.033,432.02,181.49,,,112.02,-58.51,126.41,0.7910,0.58,DETECTED,TRACKING,0.00,0.00,5.8,3.00,0,0,0,1.000,0.000000,1.0000
278,0.033,432.02,181.49,,,112.02,-58.51,126.41,0.7910,0.59,DETECTED,TRACKING,0.00,0.00,7.2,2.75,0,0,0,1.000,0.000000,1.0000
279,0.033,432.0,181.49,,,112.0,-58.51,126.41,0.7910,0.58,DETECTED,TRACKING,0.00,0.00,6.9,4.43,0,0,0,1.000,0.000000,1.0000
280,0.033,432.0,181.48,,,112.0,-58.52,126.41,0.7910,0.58,DETECTED,TRACKING,0.00,0.00,6.6,2.95,0,0,0,1.000,0.000000,1.0000
281,0.033,431.97,181.48,,,111.97,-58.52,126.4,0.7910,0.58,DETECTED,TRACKING,0.00,0.00,6.4,3.71,0,0,0,1.000,0.000000,1.0000
282,0.033,431.95,181.47,,,111.95,-58.53,126.4,0.7900,0.59,DETECTED,TRACKING,0.00,0.00,6.8,4.10,0,0,0,1.000,0.000000,1.0000
283,0.033,431.95,181.47,,,111.95,-58.53,126.39,0.7900,0.58,DETECTED,TRACKING,0.00,0.00,6.1,3.89,0,0,0,1.000,0.000000,1.0000
284,0.033,431.96,181.47,,,111.96,-58.53,126.39,0.7900,0.59,DETECTED,TRACKING,0.00,0.00,5.9,4.08,0,0,0,1.000,0.000000,1.0000
285,0.033,431.97,181.48,,,111.97,-58.52,126.39,0.7900,0.58,DETECTED,TRACKING,0.00,0.00,5.7,3.70,0,0,0,1.000,0.000000,1.0000
286,0.033,431.95,181.48,,,111.95,-58.52,126.38,0.7900,0.58,DETECTED,TRACKING,0.00,0.00,4.7,9.55,0,0,0,1.000,0.000000,1.0000
287,0.033,431.97,181.48,,,111.97,-58.52,126.38,0.7900,0.58,DETECTED,TRACKING,0.00,0.00,2.8,5.43,0,0,0,1.000,0.000000,1.0000
288,0.033,431.97,181.48,,,111.97,-58.52,126.37,0.7900,0.58,DETECTED,TRACKING,0.00,0.00,3.8,3.28,0,0,0,1.000,0.000000,1.0000
289,0.033,431.97,181.49,,,111.97,-58.51,126.37,0.7900,0.58,DETECTED,TRACKING,0.00,0.00,4.9,2.76,0,0,0,1.000,0.000000,1.0000
290,0.033,431.97,181.49,,,111.97,-58.51,126.37,0.7900,0.58,DETECTED,TRACKING,0.00,0.00,5.4,3.58,0,0,0,1.000,0.000000,1.0000
291,0.033,431.97,181.49,,,111.97,-58.51,126.36,0.7900,0.59,DETECTED,TRACKING,0.00,0.00,5.8,3.23,0,0,0,1.000,0.000000,1.0000
292,0.033,432.01,181.5,,,112.01,-58.5,126.36,0.7900,0.59,DETECTED,TRACKING,0.00,0.00,6.4,3.20,0,0,0,1.000,0.000000,1.0000
293,0.033,432.01,181.5,,,112.01,-58.5,126.36,0.7900,0.58,DETECTED,TRACKING,0.00,0.00,6.4,4.52,0,0,0,1.000,0.000000,1.0000
294,0.033,432.01,181.5,,,112.01,-58.5,126.36,0.7900,0.59,DETECTED,TRACKING,0.00,0.00,6.4,3.24,0,0,0,1.000,0.000000,1.0000
295,0.033,432.01,181.5,,,112.01,-58.5,126.36,0.7900,0.58,DETECTED,TRACKING,0.00,0.00,7.2,3.15,0,0,0,1.000,0.000000,1.0000
296,0.033,432.01,181.5,,,112.01,-58.5,126.36,0.7900,0.59,DETECTED,TRACKING,0.00,0.00,7.1,3.46,0,0,0,1.000,0.000000,1.0000
297,0.033,432.02,181.51,,,112.02,-58.49,126.36,0.7900,0.59,DETECTED,TRACKING,0.00,0.00,6.4,2.92,0,0,0,1.000,0.000000,1.0000
298,0.033,432.03,181.5,,,112.03,-58.5,126.37,0.7900,0.58,DETECTED,TRACKING,0.00,0.00,6.9,3.21,0,0,0,1.000,0.000000,1.0000
299,0.033,432.02,181.51,,,112.02,-58.49,126.37,0.7900,0.59,DETECTED,TRACKING,0.00,0.00,5.9,3.47,0,0,0,1.000,0.000000,1.0000
300,0.033,432.03,181.5,,,112.03,-58.5,126.37,0.7900,0.58,DETECTED,TRACKING,0.00,0.00,4.6,3.58,0,0,0,1.000,0.000000,1.0000
301,0.033,432.05,181.51,,,112.05,-58.49,126.37,0.7900,0.59,DETECTED,TRACKING,0.00,0.00,5.4,3.23,0,0,0,1.000,0.000000,1.0000
302,0.033,432.04,181.51,,,112.04,-58.49,126.37,0.7900,0.59,DETECTED,TRACKING,0.00,0.00,7.2,4.24,0,0,0,1.000,0.000000,1.0000
303,0.033,432.04,181.51,,,112.04,-58.49,126.37,0.7900,0.59,DETECTED,TRACKING,0.00,0.00,6.4,3.67,0,0,0,1.000,0.000000,1.0000
304,0.033,432.04,181.51,,,112.04,-58.49,126.37,0.7900,0.58,DETECTED,TRACKING,0.00,0.00,5.9,5.80,0,0,0,1.000,0.000000,1.0000
305,0.033,432.04,181.51,,,112.04,-58.49,126.38,0.7900,0.58,DETECTED,TRACKING,0.00,0.00,5.5,3.17,0,0,0,1.000,0.000000,1.0000
306,0.033,432.04,181.51,,,112.04,-58.49,126.38,0.7900,0.57,DETECTED,TRACKING,0.00,0.00,6.4,3.07,0,0,0,1.000,0.000000,1.0000
307,0.033,432.02,181.51,,,112.02,-58.49,126.38,0.7900,0.59,DETECTED,TRACKING,0.00,0.00,6.3,3.65,0,0,0,1.000,0.000000,1.0000
308,0.033,432.02,181.51,,,112.02,-58.49,126.38,0.7900,0.58,DETECTED,TRACKING,0.00,0.00,7.2,2.94,0,0,0,1.000,0.000000,1.0000
309,0.033,432.03,181.51,,,112.03,-58.49,126.38,0.7900,0.59,DETECTED,TRACKING,0.00,0.00,6.9,4.45,0,0,0,1.000,0.000000,1.0000
310,0.033,432.04,181.51,,,112.04,-58.49,126.38,0.7900,0.58,DETECTED,TRACKING,0.00,0.00,6.5,3.28,0,0,0,1.000,0.000000,1.0000
311,0.033,432.03,181.51,,,112.03,-58.49,126.38,0.7900,0.59,DETECTED,TRACKING,0.00,0.00,5.8,3.43,0,0,0,1.000,0.000000,1.0000
312,0.033,432.03,181.51,,,112.03,-58.49,126.38,0.7900,0.59,DETECTED,TRACKING,0.00,0.00,7.0,3.16,0,0,0,1.000,0.000000,1.0000
313,0.033,432.02,181.51,,,112.02,-58.49,126.38,0.7900,0.58,DETECTED,TRACKING,0.00,0.00,6.5,2.72,0,0,0,1.000,0.000000,1.0000
314,0.033,432.01,181.51,,,112.01,-58.49,126.38,0.7900,0.58,DETECTED,TRACKING,0.00,0.00,7.1,3.18,0,0,0,1.000,0.000000,1.0000
315,0.033,432.01,181.51,,,112.01,-58.49,126.38,0.7900,0.58,DETECTED,TRACKING,0.00,0.00,7.1,3.38,0,0,0,1.000,0.000000,1.0000
316,0.033,431.99,181.51,,,111.99,-58.49,126.37,0.7900,0.58,DETECTED,TRACKING,0.00,0.00,6.5,3.13,0,0,0,1.000,0.000000,1.0000
317,0.033,431.99,181.51,,,111.99,-58.49,126.37,0.7900,0.60,DETECTED,TRACKING,0.00,0.00,5.8,3.08,0,0,0,1.000,0.000000,1.0000
318,0.033,431.99,181.51,,,111.99,-58.49,126.37,0.7900,0.58,DETECTED,TRACKING,0.00,0.00,6.3,5.94,0,0,0,1.000,0.000000,1.0000
319,0.033,431.97,181.5,,,111.97,-58.5,126.36,0.7900,0.58,DETECTED,TRACKING,0.00,0.00,6.3,3.40,0,0,0,1.000,0.000000,1.0000
320,0.033,431.98,181.5,,,111.98,-58.5,126.36,0.7900,0.58,DETECTED,TRACKING,0.00,0.00,6.4,3.93,0,0,0,1.000,0.000000,1.0000
321,0.033,431.98,181.5,,,111.98,-58.5,126.36,0.7900,0.59,DETECTED,TRACKING,0.00,0.00,6.4,2.84,0,0,0,1.000,0.000000,1.0000
322,0.033,432.0,181.5,,,112.0,-58.5,126.36,0.7900,0.58,DETECTED,TRACKING,0.00,0.00,6.4,3.21,0,0,0,1.000,0.000000,1.0000
323,0.033,432.0,181.5,,,112.0,-58.5,126.36,0.7900,0.59,DETECTED,TRACKING,0.00,0.00,6.4,6.25,0,0,0,1.000,0.000000,1.0000
324,0.033,432.01,181.5,,,112.01,-58.5,126.36,0.7900,0.59,DETECTED,TRACKING,0.00,0.00,6.0,3.82,0,0,0,1.000,0.000000,1.0000
325,0.033,431.99,181.5,,,111.99,-58.5,126.36,0.7900,0.58,DETECTED,TRACKING,0.00,0.00,7.1,2.85,0,0,0,1.000,0.000000,1.0000
326,0.033,432.01,181.5,,,112.01,-58.5,126.36,0.7900,0.58,DETECTED,TRACKING,0.00,0.00,7.0,4.30,0,0,0,1.000,0.000000,1.0000
327,0.033,432.01,181.5,,,112.01,-58.5,126.36,0.7900,0.59,DETECTED,TRACKING,0.00,0.00,5.9,4.05,0,0,0,1.000,0.000000,1.0000
328,0.033,432.03,181.5,,,112.03,-58.5,126.36,0.7900,0.58,DETECTED,TRACKING,0.00,0.00,7.1,3.04,0,0,0,1.000,0.000000,1.0000
329,0.033,432.02,181.51,,,112.02,-58.49,126.36,0.7900,0.58,DETECTED,TRACKING,0.00,0.00,6.3,2.99,0,0,0,1.000,0.000000,1.0000
330,0.033,432.02,181.51,,,112.02,-58.49,126.36,0.7900,0.59,DETECTED,TRACKING,0.00,0.00,6.4,2.91,0,0,0,1.000,0.000000,1.0000
331,0.033,432.01,181.51,,,112.01,-58.49,126.36,0.7900,0.58,DETECTED,TRACKING,0.00,0.00,6.4,3.39,0,0,0,1.000,0.000000,1.0000
332,0.033,432.02,181.51,,,112.02,-58.49,126.36,0.7900,0.58,DETECTED,TRACKING,0.00,0.00,6.5,2.81,0,0,0,1.000,0.000000,1.0000
333,0.033,432.03,181.5,,,112.03,-58.5,126.36,0.7900,0.59,DETECTED,TRACKING,0.00,0.00,7.1,3.39,0,0,0,1.000,0.000000,1.0000
334,0.033,432.03,181.5,,,112.03,-58.5,126.36,0.7900,0.58,DETECTED,TRACKING,0.00,0.00,7.3,5.26,0,0,0,1.000,0.000000,1.0000
335,0.033,432.05,181.51,,,112.05,-58.49,126.37,0.7900,0.59,DETECTED,TRACKING,0.00,0.00,6.5,3.13,0,0,0,1.000,0.000000,1.0000
336,0.033,432.05,181.51,,,112.05,-58.49,126.37,0.7900,0.59,DETECTED,TRACKING,0.00,0.00,6.3,3.33,0,0,0,1.000,0.000000,1.0000
337,0.033,432.07,181.51,,,112.07,-58.49,126.37,0.7900,0.58,DETECTED,TRACKING,0.00,0.00,6.3,3.16,0,0,0,1.000,0.000000,1.0000
338,0.033,432.04,181.51,,,112.04,-58.49,126.38,0.7900,0.58,DETECTED,TRACKING,0.00,0.00,6.5,4.57,0,0,0,1.000,0.000000,1.0000
339,0.033,432.04,181.51,,,112.04,-58.49,126.38,0.7900,0.59,DETECTED,TRACKING,0.00,0.00,6.4,2.91,0,0,0,1.000,0.000000,1.0000
340,0.033,432.03,181.51,,,112.03,-58.49,126.38,0.7900,0.58,DETECTED,TRACKING,0.00,0.00,7.0,2.91,0,0,0,1.000,0.000000,1.0000
341,0.033,432.05,181.51,,,112.05,-58.49,126.38,0.7900,0.58,DETECTED,TRACKING,0.00,0.00,7.0,3.21,0,0,0,1.000,0.000000,1.0000
342,0.033,432.05,181.51,,,112.05,-58.49,126.38,0.7900,0.59,DETECTED,TRACKING,0.00,0.00,6.4,2.81,0,0,0,1.000,0.000000,1.0000
343,0.033,432.04,181.51,,,112.04,-58.49,126.38,0.7900,0.59,DETECTED,TRACKING,0.00,0.00,6.4,3.43,0,0,0,1.000,0.000000,1.0000
344,0.033,432.04,181.51,,,112.04,-58.49,126.38,0.7900,0.58,DETECTED,TRACKING,0.00,0.00,6.4,3.64,0,0,0,1.000,0.000000,1.0000
345,0.033,432.03,181.51,,,112.03,-58.49,126.38,0.7900,0.58,DETECTED,TRACKING,0.00,0.00,5.8,3.14,0,0,0,1.000,0.000000,1.0000
346,0.033,432.04,181.51,,,112.04,-58.49,126.39,0.7900,0.59,DETECTED,TRACKING,0.00,0.00,7.1,2.84,0,0,0,1.000,0.000000,1.0000
347,0.033,432.02,181.51,,,112.02,-58.49,126.38,0.7900,0.59,DETECTED,TRACKING,0.00,0.00,7.0,2.84,0,0,0,1.000,0.000000,1.0000
348,0.033,432.02,181.51,,,112.02,-58.49,126.38,0.7900,0.58,DETECTED,TRACKING,0.00,0.00,7.0,4.60,0,0,0,1.000,0.000000,1.0000
349,0.033,432.02,181.52,,,112.02,-58.48,126.38,0.7900,0.58,DETECTED,TRACKING,0.00,0.00,6.4,2.80,0,0,0,1.000,0.000000,1.0000
350,0.033,432.02,181.51,,,112.02,-58.49,126.38,0.7900,0.59,DETECTED,TRACKING,0.00,0.00,6.9,3.33,0,0,0,1.000,0.000000,1.0000
351,0.033,432.02,181.51,,,112.02,-58.49,126.38,0.7900,0.58,DETECTED,TRACKING,0.00,0.00,6.4,5.10,0,0,0,1.000,0.000000,1.0000
352,0.033,432.02,181.51,,,112.02,-58.49,126.38,0.7900,0.58,DETECTED,TRACKING,0.00,0.00,6.3,2.88,0,0,0,1.000,0.000000,1.0000
353,0.033,432.02,181.51,,,112.02,-58.49,126.38,0.7900,0.58,DETECTED,TRACKING,0.00,0.00,6.5,3.14,0,0,0,1.000,0.000000,1.0000
354,0.033,432.02,181.51,,,112.02,-58.49,126.38,0.7900,0.58,DETECTED,TRACKING,0.00,0.00,7.1,3.11,0,0,0,1.000,0.000000,1.0000
355,0.033,431.99,181.51,,,111.99,-58.49,126.38,0.7900,0.59,DETECTED,TRACKING,0.00,0.00,7.0,3.17,0,0,0,1.000,0.000000,1.0000
356,0.033,431.95,181.51,,,111.95,-58.49,126.37,0.7900,0.58,DETECTED,TRACKING,0.00,0.00,6.5,2.83,0,0,0,1.000,0.000000,1.0000
357,0.033,431.96,181.51,,,111.96,-58.49,126.37,0.7900,0.59,DETECTED,TRACKING,0.00,0.00,6.3,3.17,0,0,0,1.000,0.000000,1.0000
358,0.033,431.97,181.51,,,111.97,-58.49,126.36,0.7900,0.59,DETECTED,TRACKING,0.00,0.00,7.1,2.82,0,0,0,1.000,0.000000,1.0000
359,0.033,431.93,181.51,,,111.93,-58.49,126.36,0.7900,0.59,DETECTED,TRACKING,0.00,0.00,7.0,3.19,0,0,0,1.000,0.000000,1.0000
360,0.033,431.93,181.51,,,111.93,-58.49,126.35,0.7900,0.58,DETECTED,TRACKING,0.00,0.00,7.2,2.56,0,0,0,1.000,0.000000,1.0000
361,0.033,431.94,181.51,,,111.94,-58.49,126.34,0.7900,0.59,DETECTED,TRACKING,0.00,0.00,8.0,2.89,0,0,0,1.000,0.000000,1.0000
362,0.033,431.91,181.51,,,111.91,-58.49,126.34,0.7900,0.58,DETECTED,TRACKING,0.00,0.00,7.1,2.74,0,0,0,1.000,0.000000,1.0000
363,0.033,431.89,181.51,,,111.89,-58.49,126.33,0.7900,0.59,DETECTED,TRACKING,0.00,0.00,7.8,3.02,0,0,0,1.000,0.000000,1.0000
364,0.033,431.88,181.5,,,111.88,-58.5,126.32,0.7900,0.58,DETECTED,TRACKING,0.00,0.00,7.1,2.72,0,0,0,1.000,0.000000,1.0000
365,0.033,431.89,181.5,,,111.89,-58.5,126.31,0.7900,0.58,DETECTED,TRACKING,0.00,0.00,8.0,2.56,0,0,0,1.000,0.000000,1.0000
366,0.033,431.89,181.5,,,111.89,-58.5,126.3,0.7900,0.59,DETECTED,TRACKING,0.00,0.00,7.8,2.65,0,0,0,1.000,0.000000,1.0000
367,0.033,431.9,181.5,,,111.9,-58.5,126.3,0.7900,0.59,DETECTED,TRACKING,0.00,0.00,7.2,2.89,0,0,0,1.000,0.000000,1.0000
368,0.033,431.9,181.5,,,111.9,-58.5,126.29,0.7900,0.59,DETECTED,TRACKING,0.00,0.00,8.0,2.66,0,0,0,1.000,0.000000,1.0000
369,0.033,431.91,181.5,,,111.91,-58.5,126.29,0.7900,0.58,DETECTED,TRACKING,0.00,0.00,8.0,3.14,0,0,0,1.000,0.000000,1.0000
370,0.033,431.9,181.5,,,111.9,-58.5,126.29,0.7900,0.59,DETECTED,TRACKING,0.00,0.00,7.1,3.03,0,0,0,1.000,0.000000,1.0000
371,0.033,431.91,181.5,,,111.91,-58.5,126.28,0.7900,0.59,DETECTED,TRACKING,0.00,0.00,7.0,2.99,0,0,0,1.000,0.000000,1.0000
372,0.033,431.91,181.5,,,111.91,-58.5,126.28,0.7900,0.58,DETECTED,TRACKING,0.00,0.00,7.0,6.56,0,0,0,1.000,0.000000,1.0000
373,0.033,431.92,181.5,,,111.92,-58.5,126.28,0.7900,0.58,DETECTED,TRACKING,0.00,0.00,6.5,2.97,0,0,0,1.000,0.000000,1.0000
374,0.033,431.92,181.49,,,111.92,-58.51,126.28,0.7900,0.58,DETECTED,TRACKING,0.00,0.00,8.0,2.75,0,0,0,1.000,0.000000,1.0000
375,0.033,431.91,181.49,,,111.91,-58.51,126.27,0.7900,0.59,DETECTED,TRACKING,0.00,0.00,8.0,2.83,0,0,0,1.000,0.000000,1.0000
376,0.033,431.94,181.48,,,111.94,-58.52,126.27,0.7900,0.59,DETECTED,TRACKING,0.00,0.00,8.0,2.74,0,0,0,1.000,0.000000,1.0000
377,0.033,431.93,181.48,,,111.93,-58.52,126.27,0.7900,0.58,DETECTED,TRACKING,0.00,0.00,7.9,2.77,0,0,0,1.000,0.000000,1.0000
378,0.033,431.94,181.48,,,111.94,-58.52,126.28,0.7900,0.59,DETECTED,TRACKING,0.00,0.00,8.1,3.09,0,0,0,1.000,0.000000,1.0000
379,0.033,431.94,181.48,,,111.94,-58.52,126.28,0.7900,0.58,DETECTED,TRACKING,0.00,0.00,6.4,2.93,0,0,0,1.000,0.000000,1.0000
380,0.033,431.95,181.48,,,111.95,-58.52,126.28,0.7900,0.59,DETECTED,TRACKING,0.00,0.00,6.4,3.00,0,0,0,1.000,0.000000,1.0000
381,0.033,431.95,181.48,,,111.95,-58.52,126.28,0.7900,0.59,DETECTED,TRACKING,0.00,0.00,6.5,2.93,0,0,0,1.000,0.000000,1.0000
382,0.033,431.96,181.49,,,111.96,-58.51,126.28,0.7900,0.59,DETECTED,TRACKING,0.00,0.00,7.1,4.03,0,0,0,1.000,0.000000,1.0000
383,0.033,431.99,181.48,,,111.99,-58.52,126.29,0.7900,0.58,DETECTED,TRACKING,0.00,0.00,8.0,2.92,0,0,0,1.000,0.000000,1.0000
384,0.033,431.99,181.48,,,111.99,-58.52,126.29,0.7900,0.58,DETECTED,TRACKING,0.00,0.00,7.9,3.14,0,0,0,1.000,0.000000,1.0000
385,0.033,432.02,181.49,,,112.02,-58.51,126.3,0.7900,0.58,DETECTED,TRACKING,0.00,0.00,6.8,3.45,0,0,0,1.000,0.000000,1.0000
386,0.033,432.02,181.49,,,112.02,-58.51,126.31,0.7900,0.59,DETECTED,TRACKING,0.00,0.00,6.3,2.67,0,0,0,1.000,0.000000,1.0000
387,0.033,432.0,181.49,,,112.0,-58.51,126.31,0.7900,0.59,DETECTED,TRACKING,0.00,0.00,7.2,3.18,0,0,0,1.000,0.000000,1.0000
388,0.033,431.98,181.49,,,111.98,-58.51,126.31,0.7900,0.59,DETECTED,TRACKING,0.00,0.00,7.0,6.91,0,0,0,1.000,0.000000,1.0000
389,0.033,431.97,181.49,,,111.97,-58.51,126.32,0.7900,0.59,DETECTED,TRACKING,0.00,0.00,7.2,3.39,0,0,0,1.000,0.000000,1.0000
390,0.033,431.97,181.5,,,111.97,-58.5,126.32,0.7900,0.58,DETECTED,TRACKING,0.00,0.00,7.0,2.81,0,0,0,1.000,0.000000,1.0000
391,0.033,431.97,181.5,,,111.97,-58.5,126.32,0.7900,0.58,DETECTED,TRACKING,0.00,0.00,7.9,2.83,0,0,0,1.000,0.000000,1.0000
392,0.033,431.96,181.49,,,111.96,-58.51,126.32,0.7900,0.58,DETECTED,TRACKING,0.00,0.00,7.1,4.28,0,0,0,1.000,0.000000,1.0000
393,0.033,431.98,181.49,,,111.98,-58.51,126.32,0.7900,0.58,DETECTED,TRACKING,0.00,0.00,7.1,3.06,0,0,0,1.000,0.000000,1.0000
394,0.033,431.98,181.49,,,111.98,-58.51,126.32,0.7900,0.58,DETECTED,TRACKING,0.00,0.00,6.4,4.27,0,0,0,1.000,0.000000,1.0000
395,0.033,431.99,181.5,,,111.99,-58.5,126.33,0.7900,0.58,DETECTED,TRACKING,0.00,0.00,8.0,3.04,0,0,0,1.000,0.000000,1.0000
396,0.033,431.99,181.5,,,111.99,-58.5,126.33,0.7900,0.59,DETECTED,TRACKING,0.00,0.00,7.1,2.85,0,0,0,1.000,0.000000,1.0000
397,0.033,431.99,181.5,,,111.99,-58.5,126.33,0.7900,0.58,DETECTED,TRACKING,0.00,0.00,7.1,3.57,0,0,0,1.000,0.000000,1.0000
398,0.033,431.95,181.49,,,111.95,-58.51,126.33,0.7900,0.58,DETECTED,TRACKING,0.00,0.00,7.1,3.41,0,0,0,1.000,0.000000,1.0000
399,0.033,431.95,181.49,,,111.95,-58.51,126.33,0.7900,0.59,DETECTED,TRACKING,0.00,0.00,7.1,3.74,0,0,0,1.000,0.000000,1.0000
400,0.033,431.95,181.49,,,111.95,-58.51,126.33,0.7900,0.58,DETECTED,TRACKING,0.00,0.00,7.0,3.60,0,0,0,1.000,0.000000,1.0000
401,0.033,431.94,181.5,,,111.94,-58.5,126.33,0.7900,0.58,DETECTED,TRACKING,0.00,0.00,7.1,4.64,0,0,0,1.000,0.000000,1.0000
402,0.033,431.92,181.5,,,111.92,-58.5,126.32,0.7900,0.59,DETECTED,TRACKING,0.00,0.00,5.8,4.55,0,0,0,1.000,0.000000,1.0000
403,0.033,431.92,181.5,,,111.92,-58.5,126.32,0.7900,0.59,DETECTED,TRACKING,0.00,0.00,7.1,3.22,0,0,0,1.000,0.000000,1.0000
404,0.033,431.92,181.5,,,111.92,-58.5,126.32,0.7900,0.58,DETECTED,TRACKING,0.00,0.00,6.5,4.89,0,0,0,1.000,0.000000,1.0000
405,0.033,431.9,181.51,,,111.9,-58.49,126.31,0.7900,0.59,DETECTED,TRACKING,0.00,0.00,6.4,3.14,0,0,0,1.000,0.000000,1.0000
406,0.033,431.89,181.51,,,111.89,-58.49,126.31,0.7900,0.58,DETECTED,TRACKING,0.00,0.00,7.1,2.94,0,0,0,1.000,0.000000,1.0000
407,0.033,431.9,181.51,,,111.9,-58.49,126.3,0.7900,0.58,DETECTED,TRACKING,0.00,0.00,7.1,3.81,0,0,0,1.000,0.000000,1.0000
408,0.033,431.92,181.51,,,111.92,-58.49,126.3,0.7900,0.59,DETECTED,TRACKING,0.00,0.00,5.9,2.84,0,0,0,1.000,0.000000,1.0000
409,0.033,431.93,181.51,,,111.93,-58.49,126.3,0.7900,0.58,DETECTED,TRACKING,0.00,0.00,5.8,2.73,0,0,0,1.000,0.000000,1.0000
410,0.033,431.93,181.51,,,111.93,-58.49,126.3,0.7900,0.59,DETECTED,TRACKING,0.00,0.00,7.1,3.98,0,0,0,1.000,0.000000,1.0000
411,0.033,431.94,181.52,,,111.94,-58.48,126.3,0.7900,0.58,DETECTED,TRACKING,0.00,0.00,7.1,2.75,0,0,0,1.000,0.000000,1.0000
412,0.033,431.96,181.52,,,111.96,-58.48,126.3,0.7900,0.58,DETECTED,TRACKING,0.00,0.00,7.1,3.11,0,0,0,1.000,0.000000,1.0000
413,0.033,431.96,181.52,,,111.96,-58.48,126.3,0.7900,0.59,DETECTED,TRACKING,0.00,0.00,6.4,3.72,0,0,0,1.000,0.000000,1.0000
414,0.033,431.97,181.51,,,111.97,-58.49,126.3,0.7900,0.59,DETECTED,TRACKING,0.00,0.00,5.9,3.29,0,0,0,1.000,0.000000,1.0000
415,0.033,431.96,181.51,,,111.96,-58.49,126.3,0.7900,0.59,DETECTED,TRACKING,0.00,0.00,6.4,7.04,0,0,0,1.000,0.000000,1.0000
416,0.033,431.96,181.51,,,111.96,-58.49,126.3,0.7900,0.58,DETECTED,TRACKING,0.00,0.00,6.4,2.74,0,0,0,1.000,0.000000,1.0000
417,0.033,431.96,181.51,,,111.96,-58.49,126.3,0.7900,0.58,DETECTED,TRACKING,0.00,0.00,7.2,4.61,0,0,0,1.000,0.000000,1.0000
418,0.033,432.02,181.52,,,112.02,-58.48,126.31,0.7900,0.58,DETECTED,TRACKING,0.00,0.00,7.1,3.13,0,0,0,1.000,0.000000,1.0000
419,0.033,432.02,181.51,,,112.02,-58.49,126.31,0.7900,0.58,DETECTED,TRACKING,0.00,0.00,7.0,3.20,0,0,0,1.000,0.000000,1.0000
420,0.033,432.02,181.51,,,112.02,-58.49,126.32,0.7900,0.59,DETECTED,TRACKING,0.00,0.00,6.3,3.93,0,0,0,1.000,0.000000,1.0000
421,0.033,432.0,181.51,,,112.0,-58.49,126.32,0.7900,0.58,DETECTED,TRACKING,0.00,0.00,7.2,3.27,0,0,0,1.000,0.000000,1.0000
422,0.033,432.02,181.5,,,112.02,-58.5,126.33,0.7900,0.59,DETECTED,TRACKING,0.00,0.00,7.1,3.17,0,0,0,1.000,0.000000,1.0000
423,0.033,432.01,181.5,,,112.01,-58.5,126.33,0.7900,0.58,DETECTED,TRACKING,0.00,0.00,7.2,2.74,0,0,0,1.000,0.000000,1.0000
424,0.033,432.02,181.49,,,112.02,-58.51,126.34,0.7900,0.59,DETECTED,TRACKING,0.00,0.00,7.1,4.24,0,0,0,1.000,0.000000,1.0000
425,0.033,432.02,181.49,,,112.02,-58.51,126.34,0.7900,0.59,DETECTED,TRACKING,0.00,0.00,6.4,2.96,0,0,0,1.000,0.000000,1.0000
426,0.033,432.02,181.49,,,112.02,-58.51,126.35,0.7900,0.59,DETECTED,TRACKING,0.00,0.00,7.2,3.89,0,0,0,1.000,0.000000,1.0000
427,0.033,432.02,181.49,,,112.02,-58.51,126.35,0.7900,0.58,DETECTED,TRACKING,0.00,0.00,6.7,5.45,0,0,0,1.000,0.000000,1.0000
428,0.033,432.04,181.5,,,112.04,-58.5,126.36,0.7900,0.58,DETECTED,TRACKING,0.00,0.00,6.0,2.91,0,0,0,1.000,0.000000,1.0000
429,0.033,432.07,181.5,,,112.07,-58.5,126.36,0.7900,0.58,DETECTED,TRACKING,0.00,0.00,5.3,3.08,0,0,0,1.000,0.000000,1.0000
430,0.033,432.06,181.5,,,112.06,-58.5,126.37,0.7900,0.59,DETECTED,TRACKING,0.00,0.00,6.4,3.27,0,0,0,1.000,0.000000,1.0000
431,0.033,432.08,181.51,,,112.08,-58.49,126.38,0.7900,0.58,DETECTED,TRACKING,0.00,0.00,6.4,5.18,0,0,0,1.000,0.000000,1.0000
432,0.033,432.06,181.51,,,112.06,-58.49,126.38,0.7900,0.58,DETECTED,TRACKING,0.00,0.00,5.9,4.73,0,0,0,1.000,0.000000,1.0000
433,0.033,432.07,181.51,,,112.07,-58.49,126.39,0.7900,0.59,DETECTED,TRACKING,0.00,0.00,6.3,2.99,0,0,0,1.000,0.000000,1.0000
434,0.033,432.06,181.51,,,112.06,-58.49,126.39,0.7900,0.59,DETECTED,TRACKING,0.00,0.00,7.1,3.15,0,0,0,1.000,0.000000,1.0000
435,0.033,432.02,181.5,,,112.02,-58.5,126.39,0.7910,0.59,DETECTED,TRACKING,0.00,0.00,6.4,2.84,0,0,0,1.000,0.000000,1.0000
436,0.033,432.02,181.5,,,112.02,-58.5,126.39,0.7910,0.58,DETECTED,TRACKING,0.00,0.00,7.2,3.75,0,0,0,1.000,0.000000,1.0000
437,0.033,432.03,181.5,,,112.03,-58.5,126.39,0.7910,0.59,DETECTED,TRACKING,0.00,0.00,7.1,3.20,0,0,0,1.000,0.000000,1.0000
438,0.033,432.04,181.5,,,112.04,-58.5,126.4,0.7910,0.58,DETECTED,TRACKING,0.00,0.00,5.8,4.37,0,0,0,1.000,0.000000,1.0000
439,0.033,432.04,181.5,,,112.04,-58.5,126.4,0.7910,0.59,DETECTED,TRACKING,0.00,0.00,6.5,3.90,0,0,0,1.000,0.000000,1.0000
440,0.033,432.04,181.5,,,112.04,-58.5,126.4,0.7910,0.59,DETECTED,TRACKING,0.00,0.00,7.2,2.88,0,0,0,1.000,0.000000,1.0000
441,0.033,432.03,181.5,,,112.03,-58.5,126.4,0.7910,0.59,DETECTED,TRACKING,0.00,0.00,7.1,2.87,0,0,0,1.000,0.000000,1.0000
442,0.033,432.01,181.5,,,112.01,-58.5,126.4,0.7910,0.59,DETECTED,TRACKING,0.00,0.00,7.1,2.92,0,0,0,1.000,0.000000,1.0000
443,0.033,432.01,181.5,,,112.01,-58.5,126.4,0.7910,0.58,DETECTED,TRACKING,0.00,0.00,7.1,3.32,0,0,0,1.000,0.000000,1.0000
444,0.033,432.03,181.5,,,112.03,-58.5,126.4,0.7910,0.59,DETECTED,TRACKING,0.00,0.00,7.2,2.92,0,0,0,1.000,0.000000,1.0000
445,0.033,432.05,181.5,,,112.05,-58.5,126.4,0.7910,0.58,DETECTED,TRACKING,0.00,0.00,7.2,2.92,0,0,0,1.000,0.000000,1.0000
446,0.033,432.05,181.5,,,112.05,-58.5,126.4,0.7910,0.58,DETECTED,TRACKING,0.00,0.00,7.1,3.31,0,0,0,1.000,0.000000,1.0000
447,0.033,432.07,181.5,,,112.07,-58.5,126.41,0.7910,0.59,DETECTED,TRACKING,0.00,0.00,5.8,3.08,0,0,0,1.000,0.000000,1.0000
448,0.033,432.05,181.5,,,112.05,-58.5,126.41,0.7910,0.58,DETECTED,TRACKING,0.00,0.00,7.1,5.27,0,0,0,1.000,0.000000,1.0000
449,0.033,432.05,181.5,,,112.05,-58.5,126.41,0.7910,0.58,DETECTED,TRACKING,0.00,0.00,7.2,3.01,0,0,0,1.000,0.000000,1.0000
450,0.033,432.04,181.5,,,112.04,-58.5,126.41,0.7910,0.58,DETECTED,TRACKING,0.00,0.00,8.0,2.79,0,0,0,1.000,0.000000,1.0000
451,0.033,432.06,181.5,,,112.06,-58.5,126.41,0.7910,0.59,DETECTED,TRACKING,0.00,0.00,7.9,4.16,0,0,0,1.000,0.000000,1.0000
452,0.033,432.05,181.5,,,112.05,-58.5,126.41,0.7910,0.58,DETECTED,TRACKING,0.00,0.00,7.1,4.11,0,0,0,1.000,0.000000,1.0000
453,0.033,432.06,181.5,,,112.06,-58.5,126.41,0.7910,0.59,DETECTED,TRACKING,0.00,0.00,7.0,2.93,0,0,0,1.000,0.000000,1.0000
454,0.033,432.03,181.51,,,112.03,-58.49,126.41,0.7910,0.58,DETECTED,TRACKING,0.00,0.00,6.9,2.90,0,0,0,1.000,0.000000,1.0000
455,0.033,432.02,181.51,,,112.02,-58.49,126.41,0.7910,0.59,DETECTED,TRACKING,0.00,0.00,6.0,3.94,0,0,0,1.000,0.000000,1.0000
456,0.033,432.02,181.5,,,112.02,-58.5,126.41,0.7910,0.58,DETECTED,TRACKING,0.00,0.00,7.2,3.09,0,0,0,1.000,0.000000,1.0000
457,0.033,432.02,181.5,,,112.02,-58.5,126.41,0.7910,0.59,DETECTED,TRACKING,0.00,0.00,7.1,3.02,0,0,0,1.000,0.000000,1.0000
458,0.033,432.01,181.5,,,112.01,-58.5,126.4,0.7910,0.58,DETECTED,TRACKING,0.00,0.00,7.1,4.43,0,0,0,1.000,0.000000,1.0000
459,0.033,432.01,181.5,,,112.01,-58.5,126.4,0.7910,0.59,DETECTED,TRACKING,0.00,0.00,7.1,4.17,0,0,0,1.000,0.000000,1.0000
460,0.033,432.01,181.5,,,112.01,-58.5,126.4,0.7910,0.59,DETECTED,TRACKING,0.00,0.00,7.1,2.85,0,0,0,1.000,0.000000,1.0000
461,0.033,432.01,181.5,,,112.01,-58.5,126.4,0.7910,0.59,DETECTED,TRACKING,0.00,0.00,7.2,2.92,0,0,0,1.000,0.000000,1.0000
462,0.033,432.01,181.5,,,112.01,-58.5,126.4,0.7910,0.58,DETECTED,TRACKING,0.00,0.00,7.1,2.78,0,0,0,1.000,0.000000,1.0000
463,0.033,432.0,181.51,,,112.0,-58.49,126.39,0.7900,0.59,DETECTED,TRACKING,0.00,0.00,7.2,3.17,0,0,0,1.000,0.000000,1.0000
464,0.033,432.0,181.51,,,112.0,-58.49,126.39,0.7900,0.59,DETECTED,TRACKING,0.00,0.00,7.1,2.74,0,0,0,1.000,0.000000,1.0000
465,0.033,432.0,181.5,,,112.0,-58.5,126.39,0.7900,0.58,DETECTED,TRACKING,0.00,0.00,7.2,2.85,0,0,0,1.000,0.000000,1.0000
466,0.033,432.0,181.5,,,112.0,-58.5,126.38,0.7900,0.59,DETECTED,TRACKING,0.00,0.00,7.1,2.89,0,0,0,1.000,0.000000,1.0000
467,0.033,432.0,181.5,,,112.0,-58.5,126.38,0.7900,0.58,DETECTED,TRACKING,0.00,0.00,7.2,2.82,0,0,0,1.000,0.000000,1.0000
468,0.033,432.0,181.5,,,112.0,-58.5,126.38,0.7900,0.58,DETECTED,TRACKING,0.00,0.00,7.1,3.34,0,0,0,1.000,0.000000,1.0000
469,0.033,432.01,181.49,,,112.01,-58.51,126.38,0.7900,0.59,DETECTED,TRACKING,0.00,0.00,7.0,4.77,0,0,0,1.000,0.000000,1.0000
470,0.033,432.01,181.5,,,112.01,-58.5,126.38,0.7900,0.58,DETECTED,TRACKING,0.00,0.00,6.4,3.43,0,0,0,1.000,0.000000,1.0000
471,0.033,432.01,181.5,,,112.01,-58.5,126.38,0.7900,0.59,DETECTED,TRACKING,0.00,0.00,7.1,2.95,0,0,0,1.000,0.000000,1.0000
472,0.033,431.99,181.5,,,111.99,-58.5,126.37,0.7900,0.58,DETECTED,TRACKING,0.00,0.00,7.1,3.44,0,0,0,1.000,0.000000,1.0000
473,0.033,431.99,181.5,,,111.99,-58.5,126.37,0.7900,0.59,DETECTED,TRACKING,0.00,0.00,7.1,4.22,0,0,0,1.000,0.000000,1.0000
474,0.033,431.99,181.5,,,111.99,-58.5,126.37,0.7900,0.59,DETECTED,TRACKING,0.00,0.00,5.8,5.32,0,0,0,1.000,0.000000,1.0000
475,0.033,432.0,181.5,,,112.0,-58.5,126.37,0.7900,0.58,DETECTED,TRACKING,0.00,0.00,2.7,3.05,0,0,0,1.000,0.000000,1.0000
476,0.033,432.0,181.5,,,112.0,-58.5,126.36,0.7900,0.58,DETECTED,TRACKING,0.00,0.00,4.1,2.77,0,0,0,1.000,0.000000,1.0000
477,0.033,432.01,181.5,,,112.01,-58.5,126.36,0.7900,0.58,DETECTED,TRACKING,0.00,0.00,7.9,2.87,0,0,0,1.000,0.000000,1.0000
478,0.033,432.01,181.5,,,112.01,-58.5,126.36,0.7900,0.59,DETECTED,TRACKING,0.00,0.00,7.1,2.67,0,0,0,1.000,0.000000,1.0000
479,0.033,432.02,181.5,,,112.02,-58.5,126.36,0.7900,0.59,DETECTED,TRACKING,0.00,0.00,7.1,3.99,0,0,0,1.000,0.000000,1.0000
480,0.033,432.02,181.5,,,112.02,-58.5,126.36,0.7900,0.58,DETECTED,TRACKING,0.00,0.00,7.1,3.99,0,0,0,1.000,0.000000,1.0000
481,0.033,432.05,181.5,,,112.05,-58.5,126.37,0.7900,0.58,DETECTED,TRACKING,0.00,0.00,5.3,4.33,0,0,0,1.000,0.000000,1.0000
482,0.033,432.05,181.5,,,112.05,-58.5,126.37,0.7900,0.59,DETECTED,TRACKING,0.00,0.00,6.4,3.61,0,0,0,1.000,0.000000,1.0000
483,0.033,432.05,181.5,,,112.05,-58.5,126.37,0.7900,0.59,DETECTED,TRACKING,0.00,0.00,6.4,3.46,0,0,0,1.000,0.000000,1.0000
484,0.033,432.04,181.5,,,112.04,-58.5,126.37,0.7900,0.58,DETECTED,TRACKING,0.00,0.00,7.1,3.39,0,0,0,1.000,0.000000,1.0000
485,0.033,432.04,181.5,,,112.04,-58.5,126.38,0.7900,0.59,DETECTED,TRACKING,0.00,0.00,6.9,2.82,0,0,0,1.000,0.000000,1.0000
486,0.033,432.04,181.5,,,112.04,-58.5,126.38,0.7900,0.58,DETECTED,TRACKING,0.00,0.00,6.5,4.13,0,0,0,1.000,0.000000,1.0000
487,0.033,432.05,181.49,,,112.05,-58.51,126.38,0.7900,0.58,DETECTED,TRACKING,0.00,0.00,5.8,3.27,0,0,0,1.000,0.000000,1.0000
488,0.033,432.09,181.49,,,112.09,-58.51,126.39,0.7900,0.58,DETECTED,TRACKING,0.00,0.00,3.6,2.93,0,0,0,1.000,0.000000,1.0000
489,0.033,432.09,181.49,,,112.09,-58.51,126.39,0.7900,0.59,DETECTED,TRACKING,0.00,0.00,6.6,2.61,0,0,0,1.000,0.000000,1.0000
490,0.033,432.1,181.49,,,112.1,-58.51,126.4,0.7910,0.59,DETECTED,TRACKING,0.00,0.00,7.1,4.18,0,0,0,1.000,0.000000,1.0000
491,0.033,432.1,181.49,,,112.1,-58.51,126.4,0.7910,0.59,DETECTED,TRACKING,0.00,0.00,8.0,2.76,0,0,0,1.000,0.000000,1.0000
492,0.033,432.09,181.49,,,112.09,-58.51,126.41,0.7910,0.58,DETECTED,TRACKING,0.00,0.00,6.5,2.78,0,0,0,1.000,0.000000,1.0000
493,0.033,432.14,181.48,,,112.14,-58.52,126.42,0.7910,0.58,DETECTED,TRACKING,0.00,0.00,6.5,3.74,0,0,0,1.000,0.000000,1.0000
494,0.033,432.12,181.48,,,112.12,-58.52,126.42,0.7910,0.58,DETECTED,TRACKING,0.00,0.00,7.0,2.78,0,0,0,1.000,0.000000,1.0000
495,0.033,432.09,181.48,,,112.09,-58.52,126.43,0.7910,0.58,DETECTED,TRACKING,0.00,0.00,6.4,3.60,0,0,0,1.000,0.000000,1.0000
496,0.033,432.1,181.49,,,112.1,-58.51,126.43,0.7910,0.58,DETECTED,TRACKING,0.00,0.00,4.0,4.00,0,0,0,1.000,0.000000,1.0000
497,0.033,432.09,181.49,,,112.09,-58.51,126.43,0.7910,0.58,DETECTED,TRACKING,0.00,0.00,6.4,3.87,0,0,0,1.000,0.000000,1.0000
498,0.033,432.11,181.49,,,112.11,-58.51,126.44,0.7910,0.58,DETECTED,TRACKING,0.00,0.00,7.2,4.33,0,0,0,1.000,0.000000,1.0000
499,0.033,432.12,181.49,,,112.12,-58.51,126.44,0.7910,0.59,DETECTED,TRACKING,0.00,0.00,6.4,3.04,0,0,0,1.000,0.000000,1.0000
500,0.033,432.11,181.49,,,112.11,-58.51,126.45,0.7910,0.58,DETECTED,TRACKING,0.00,0.00,6.4,4.14,0,0,0,1.000,0.000000,1.0000
501,0.033,432.1,181.48,,,112.1,-58.52,126.45,0.7910,0.58,DETECTED,TRACKING,0.00,0.00,7.1,4.68,0,0,0,1.000,0.000000,1.0000
502,0.033,432.11,181.49,,,112.11,-58.51,126.45,0.7910,0.59,DETECTED,TRACKING,0.00,0.00,7.0,2.95,0,0,0,1.000,0.000000,1.0000
503,0.033,432.1,181.49,,,112.1,-58.51,126.45,0.7910,0.59,DETECTED,TRACKING,0.00,0.00,8.0,2.87,0,0,0,1.000,0.000000,1.0000
504,0.033,432.09,181.48,,,112.09,-58.52,126.46,0.7910,0.59,DETECTED,TRACKING,0.00,0.00,7.2,2.98,0,0,0,1.000,0.000000,1.0000
505,0.033,432.08,181.48,,,112.08,-58.52,126.46,0.7910,0.58,DETECTED,TRACKING,0.00,0.00,7.2,5.71,0,0,0,1.000,0.000000,1.0000
506,0.033,432.07,181.48,,,112.07,-58.52,126.46,0.7910,0.58,DETECTED,TRACKING,0.00,0.00,7.1,3.15,0,0,0,1.000,0.000000,1.0000
507,0.033,432.06,181.49,,,112.06,-58.51,126.45,0.7910,0.59,DETECTED,TRACKING,0.00,0.00,7.2,2.95,0,0,0,1.000,0.000000,1.0000
508,0.033,432.05,181.49,,,112.05,-58.51,126.45,0.7910,0.59,DETECTED,TRACKING,0.00,0.00,7.1,3.52,0,0,0,1.000,0.000000,1.0000
509,0.033,432.02,181.49,,,112.02,-58.51,126.45,0.7910,0.58,DETECTED,TRACKING,0.00,0.00,7.1,7.57,0,0,0,1.000,0.000000,1.0000
510,0.033,432.03,181.49,,,112.03,-58.51,126.44,0.7910,0.58,DETECTED,TRACKING,0.00,0.00,5.8,4.54,0,0,0,1.000,0.000000,1.0000
511,0.033,432.02,181.49,,,112.02,-58.51,126.44,0.7910,0.58,DETECTED,TRACKING,0.00,0.00,6.5,4.22,0,0,0,1.000,0.000000,1.0000
512,0.033,432.03,181.49,,,112.03,-58.51,126.44,0.7910,0.58,DETECTED,TRACKING,0.00,0.00,7.1,3.53,0,0,0,1.000,0.000000,1.0000
513,0.033,432.02,181.49,,,112.02,-58.51,126.43,0.7910,0.59,DETECTED,TRACKING,0.00,0.00,6.4,3.11,0,0,0,1.000,0.000000,1.0000
514,0.033,432.01,181.49,,,112.01,-58.51,126.43,0.7910,0.59,DETECTED,TRACKING,0.00,0.00,7.0,3.14,0,0,0,1.000,0.000000,1.0000
515,0.033,432.01,181.5,,,112.01,-58.5,126.42,0.7910,0.58,DETECTED,TRACKING,0.00,0.00,7.1,3.62,0,0,0,1.000,0.000000,1.0000
516,0.033,432.0,181.49,,,112.0,-58.51,126.42,0.7910,0.59,DETECTED,TRACKING,0.00,0.00,7.1,3.17,0,0,0,1.000,0.000000,1.0000
517,0.033,431.99,181.49,,,111.99,-58.51,126.41,0.7910,0.58,DETECTED,TRACKING,0.00,0.00,5.8,5.17,0,0,0,1.000,0.000000,1.0000
518,0.033,431.99,181.49,,,111.99,-58.51,126.4,0.7910,0.58,DETECTED,TRACKING,0.00,0.00,5.4,3.56,0,0,0,1.000,0.000000,1.0000
519,0.033,432.0,181.5,,,112.0,-58.5,126.4,0.7910,0.59,DETECTED,TRACKING,0.00,0.00,5.8,3.54,0,0,0,1.000,0.000000,1.0000
520,0.033,432.0,181.49,,,112.0,-58.51,126.4,0.7900,0.59,DETECTED,TRACKING,0.00,0.00,5.8,2.71,0,0,0,1.000,0.000000,1.0000
521,0.033,431.99,181.5,,,111.99,-58.5,126.39,0.7900,0.59,DETECTED,TRACKING,0.00,0.00,7.2,3.70,0,0,0,1.000,0.000000,1.0000
522,0.033,431.96,181.5,,,111.96,-58.5,126.38,0.7900,0.58,DETECTED,TRACKING,0.00,0.00,3.6,3.51,0,0,0,1.000,0.000000,1.0000
523,0.033,431.97,181.5,,,111.97,-58.5,126.38,0.7900,0.59,DETECTED,TRACKING,0.00,0.00,5.9,5.90,0,0,0,1.000,0.000000,1.0000
524,0.033,431.98,181.5,,,111.98,-58.5,126.37,0.7900,0.58,DETECTED,TRACKING,0.00,0.00,5.9,4.64,0,0,0,1.000,0.000000,1.0000
525,0.033,431.97,181.5,,,111.97,-58.5,126.37,0.7900,0.59,DETECTED,TRACKING,0.00,0.00,6.3,5.88,0,0,0,1.000,0.000000,1.0000
526,0.033,431.98,181.51,,,111.98,-58.49,126.36,0.7900,0.59,DETECTED,TRACKING,0.00,0.00,6.4,2.96,0,0,0,1.000,0.000000,1.0000
527,0.033,431.98,181.51,,,111.98,-58.49,126.36,0.7900,0.59,DETECTED,TRACKING,0.00,0.00,6.4,4.00,0,0,0,1.000,0.000000,1.0000
528,0.033,431.98,181.51,,,111.98,-58.49,126.35,0.7900,0.58,DETECTED,TRACKING,0.00,0.00,7.1,3.24,0,0,0,1.000,0.000000,1.0000
529,0.033,431.98,181.51,,,111.98,-58.49,126.35,0.7900,0.58,DETECTED,TRACKING,0.00,0.00,5.9,3.20,0,0,0,1.000,0.000000,1.0000
530,0.033,431.97,181.51,,,111.97,-58.49,126.35,0.7900,0.59,DETECTED,TRACKING,0.00,0.00,6.4,16.00,0,0,0,1.000,0.000000,1.0000
531,0.033,431.99,181.51,,,111.99,-58.49,126.34,0.7900,0.58,DETECTED,TRACKING,0.00,0.00,5.8,3.39,0,0,0,1.000,0.000000,1.0000
532,0.033,431.96,181.51,,,111.96,-58.49,126.34,0.7900,0.58,DETECTED,TRACKING,0.00,0.00,7.0,5.36,0,0,0,1.000,0.000000,1.0000
533,0.033,431.96,181.51,,,111.96,-58.49,126.33,0.7900,0.58,DETECTED,TRACKING,0.00,0.00,7.1,3.82,0,0,0,1.000,0.000000,1.0000
534,0.033,432.01,181.5,,,112.01,-58.5,126.34,0.7900,0.58,DETECTED,TRACKING,0.00,0.00,6.4,4.95,0,0,0,1.000,0.000000,1.0000
535,0.033,432.07,181.49,,,112.07,-58.51,126.34,0.7900,0.59,DETECTED,TRACKING,0.00,0.00,5.8,3.17,0,0,0,1.000,0.000000,1.0000
536,0.033,432.04,181.48,,,112.04,-58.52,126.34,0.7900,0.58,DETECTED,TRACKING,0.00,0.00,6.4,3.66,0,0,0,1.000,0.000000,1.0000
537,0.033,432.05,181.48,,,112.05,-58.52,126.35,0.7900,0.59,DETECTED,TRACKING,0.00,0.00,7.2,2.83,0,0,0,1.000,0.000000,1.0000
538,0.033,432.04,181.48,,,112.04,-58.52,126.35,0.7900,0.59,DETECTED,TRACKING,0.00,0.00,6.4,4.45,0,0,0,1.000,0.000000,1.0000
539,0.033,432.04,181.48,,,112.04,-58.52,126.36,0.7900,0.59,DETECTED,TRACKING,0.00,0.00,6.5,6.13,0,0,0,1.000,0.000000,1.0000
540,0.033,432.04,181.48,,,112.04,-58.52,126.36,0.7900,0.58,DETECTED,TRACKING,0.00,0.00,2.1,2.67,0,0,0,1.000,0.000000,1.0000
541,0.033,432.03,181.48,,,112.03,-58.52,126.36,0.7900,0.58,DETECTED,TRACKING,0.00,0.00,6.4,3.82,0,0,0,1.000,0.000000,1.0000
542,0.033,432.0,181.48,,,112.0,-58.52,126.36,0.7900,0.58,DETECTED,TRACKING,0.00,0.00,6.4,4.19,0,0,0,1.000,0.000000,1.0000
543,0.033,432.0,181.48,,,112.0,-58.52,126.36,0.7900,0.59,DETECTED,TRACKING,0.00,0.00,7.3,5.54,0,0,0,1.000,0.000000,1.0000
544,0.033,432.04,181.48,,,112.04,-58.52,126.36,0.7900,0.59,DETECTED,TRACKING,0.00,0.00,7.1,2.99,0,0,0,1.000,0.000000,1.0000
545,0.033,432.02,181.47,,,112.02,-58.53,126.37,0.7900,0.58,DETECTED,TRACKING,0.00,0.00,7.2,3.22,0,0,0,1.000,0.000000,1.0000
546,0.033,432.02,181.47,,,112.02,-58.53,126.37,0.7900,0.58,DETECTED,TRACKING,0.00,0.00,7.2,3.00,0,0,0,1.000,0.000000,1.0000
547,0.033,432.02,181.48,,,112.02,-58.52,126.37,0.7900,0.58,DETECTED,TRACKING,0.00,0.00,7.1,6.43,0,0,0,1.000,0.000000,1.0000
548,0.033,432.02,181.48,,,112.02,-58.52,126.37,0.7900,0.59,DETECTED,TRACKING,0.00,0.00,5.3,3.02,0,0,0,1.000,0.000000,1.0000
549,0.033,432.02,181.48,,,112.02,-58.52,126.37,0.7900,0.58,DETECTED,TRACKING,0.00,0.00,5.9,3.42,0,0,0,1.000,0.000000,1.0000
550,0.033,432.01,181.48,,,112.01,-58.52,126.37,0.7900,0.59,DETECTED,TRACKING,0.00,0.00,5.8,2.75,0,0,0,1.000,0.000000,1.0000
551,0.033,432.02,181.49,,,112.02,-58.51,126.37,0.7900,0.58,DETECTED,TRACKING,0.00,0.00,7.1,3.60,0,0,0,1.000,0.000000,1.0000
552,0.033,432.04,181.48,,,112.04,-58.52,126.37,0.7900,0.57,DETECTED,TRACKING,0.00,0.00,7.0,3.31,0,0,0,1.000,0.000000,1.0000
553,0.033,432.03,181.49,,,112.03,-58.51,126.38,0.7900,0.58,DETECTED,TRACKING,0.00,0.00,7.0,4.98,0,0,0,1.000,0.000000,1.0000
554,0.033,432.03,181.49,,,112.03,-58.51,126.38,0.7900,0.58,DETECTED,TRACKING,0.00,0.00,6.3,3.32,0,0,0,1.000,0.000000,1.0000
555,0.033,432.03,181.49,,,112.03,-58.51,126.38,0.7900,0.59,DETECTED,TRACKING,0.00,0.00,6.4,2.91,0,0,0,1.000,0.000000,1.0000
556,0.033,432.03,181.49,,,112.03,-58.51,126.38,0.7900,0.58,DETECTED,TRACKING,0.00,0.00,6.4,3.07,0,0,0,1.000,0.000000,1.0000
557,0.033,432.02,181.49,,,112.02,-58.51,126.38,0.7900,0.59,DETECTED,TRACKING,0.00,0.00,7.2,2.84,0,0,0,1.000,0.000000,1.0000
558,0.033,432.06,181.5,,,112.06,-58.5,126.38,0.7900,0.59,DETECTED,TRACKING,0.00,0.00,7.2,2.83,0,0,0,1.000,0.000000,1.0000
559,0.033,432.06,181.5,,,112.06,-58.5,126.39,0.7900,0.59,DETECTED,TRACKING,0.00,0.00,7.2,2.91,0,0,0,1.000,0.000000,1.0000
560,0.033,432.06,181.5,,,112.06,-58.5,126.39,0.7900,0.58,DETECTED,TRACKING,0.00,0.00,7.1,2.81,0,0,0,1.000,0.000000,1.0000
561,0.033,432.04,181.5,,,112.04,-58.5,126.39,0.7900,0.58,DETECTED,TRACKING,0.00,0.00,6.4,3.66,0,0,0,1.000,0.000000,1.0000
562,0.033,432.04,181.5,,,112.04,-58.5,126.39,0.7900,0.58,DETECTED,TRACKING,0.00,0.00,7.1,3.05,0,0,0,1.000,0.000000,1.0000
563,0.033,432.04,181.5,,,112.04,-58.5,126.39,0.7900,0.59,DETECTED,TRACKING,0.00,0.00,7.0,4.09,0,0,0,1.000,0.000000,1.0000
564,0.033,432.03,181.5,,,112.03,-58.5,126.39,0.7900,0.60,DETECTED,TRACKING,0.00,0.00,7.1,4.51,0,0,0,1.000,0.000000,1.0000
565,0.033,432.03,181.5,,,112.03,-58.5,126.39,0.7900,0.58,DETECTED,TRACKING,0.00,0.00,7.0,4.48,0,0,0,1.000,0.000000,1.0000
566,0.033,432.03,181.51,,,112.03,-58.49,126.39,0.7900,0.58,DETECTED,TRACKING,0.00,0.00,7.0,3.11,0,0,0,1.000,0.000000,1.0000
567,0.033,432.03,181.51,,,112.03,-58.49,126.39,0.7900,0.58,DETECTED,TRACKING,0.00,0.00,7.1,2.76,0,0,0,1.000,0.000000,1.0000
568,0.033,432.03,181.51,,,112.03,-58.49,126.39,0.7900,0.58,DETECTED,TRACKING,0.00,0.00,7.0,2.71,0,0,0,1.000,0.000000,1.0000
569,0.033,432.01,181.5,,,112.01,-58.5,126.39,0.7900,0.58,DETECTED,TRACKING,0.00,0.00,7.2,4.23,0,0,0,1.000,0.000000,1.0000
570,0.033,432.01,181.49,,,112.01,-58.51,126.39,0.7900,0.59,DETECTED,TRACKING,0.00,0.00,6.5,3.32,0,0,0,1.000,0.000000,1.0000
571,0.033,432.01,181.5,,,112.01,-58.5,126.39,0.7900,0.59,DETECTED,TRACKING,0.00,0.00,6.4,2.81,0,0,0,1.000,0.000000,1.0000
572,0.033,431.99,181.5,,,111.99,-58.5,126.38,0.7900,0.58,DETECTED,TRACKING,0.00,0.00,7.0,3.47,0,0,0,1.000,0.000000,1.0000
573,0.033,432.02,181.5,,,112.02,-58.5,126.38,0.7900,0.58,DETECTED,TRACKING,0.00,0.00,7.2,5.72,0,0,0,1.000,0.000000,1.0000
574,0.033,432.02,181.51,,,112.02,-58.49,126.38,0.7900,0.58,DETECTED,TRACKING,0.00,0.00,7.0,3.14,0,0,0,1.000,0.000000,1.0000
575,0.033,432.02,181.51,,,112.02,-58.49,126.38,0.7900,0.59,DETECTED,TRACKING,0.00,0.00,5.8,3.61,0,0,0,1.000,0.000000,1.0000
576,0.033,432.04,181.51,,,112.04,-58.49,126.38,0.7900,0.58,DETECTED,TRACKING,0.00,0.00,5.4,3.02,0,0,0,1.000,0.000000,1.0000
577,0.033,432.04,181.51,,,112.04,-58.49,126.38,0.7900,0.58,DETECTED,TRACKING,0.00,0.00,7.2,3.27,0,0,0,1.000,0.000000,1.0000
578,0.033,432.04,181.51,,,112.04,-58.49,126.38,0.7900,0.58,DETECTED,TRACKING,0.00,0.00,5.8,3.14,0,0,0,1.000,0.000000,1.0000
579,0.033,432.01,181.51,,,112.01,-58.49,126.38,0.7900,0.59,DETECTED,TRACKING,0.00,0.00,6.9,4.14,0,0,0,1.000,0.000000,1.0000
580,0.033,432.0,181.51,,,112.0,-58.49,126.38,0.7900,0.58,DETECTED,TRACKING,0.00,0.00,6.6,4.40,0,0,0,1.000,0.000000,1.0000
581,0.033,431.97,181.52,,,111.97,-58.48,126.37,0.7900,0.59,DETECTED,TRACKING,0.00,0.00,6.2,3.07,0,0,0,1.000,0.000000,1.0000
582,0.033,431.95,181.53,,,111.95,-58.47,126.37,0.7900,0.59,DETECTED,TRACKING,0.00,0.00,6.4,4.54,0,0,0,1.000,0.000000,1.0000
583,0.033,431.95,181.53,,,111.95,-58.47,126.36,0.7900,0.58,DETECTED,TRACKING,0.00,0.00,5.9,5.71,0,0,0,1.000,0.000000,1.0000
584,0.033,431.95,181.53,,,111.95,-58.47,126.35,0.7900,0.58,DETECTED,TRACKING,0.00,0.00,6.3,3.45,0,0,0,1.000,0.000000,1.0000
585,0.033,431.91,181.53,,,111.91,-58.47,126.34,0.7900,0.58,DETECTED,TRACKING,0.00,0.00,5.4,5.30,0,0,0,1.000,0.000000,1.0000
586,0.033,431.92,181.53,,,111.92,-58.47,126.34,0.7900,0.58,DETECTED,TRACKING,0.00,0.00,6.4,3.41,0,0,0,1.000,0.000000,1.0000
587,0.033,431.96,181.53,,,111.96,-58.47,126.33,0.7900,0.58,DETECTED,TRACKING,0.00,0.00,6.4,3.45,0,0,0,1.000,0.000000,1.0000
588,0.033,431.97,181.53,,,111.97,-58.47,126.33,0.7900,0.58,DETECTED,TRACKING,0.00,0.00,7.2,4.21,0,0,0,1.000,0.000000,1.0000
589,0.033,431.95,181.53,,,111.95,-58.47,126.32,0.7900,0.58,DETECTED,TRACKING,0.00,0.00,5.8,5.47,0,0,0,1.000,0.000000,1.0000
590,0.033,431.99,181.52,,,111.99,-58.48,126.32,0.7900,0.57,DETECTED,TRACKING,0.00,0.00,5.4,3.29,0,0,0,1.000,0.000000,1.0000
591,0.033,431.98,181.52,,,111.98,-58.48,126.32,0.7900,0.59,DETECTED,TRACKING,0.00,0.00,6.3,3.23,0,0,0,1.000,0.000000,1.0000
592,0.033,431.99,181.51,,,111.99,-58.49,126.32,0.7900,0.58,DETECTED,TRACKING,0.00,0.00,6.3,5.04,0,0,0,1.000,0.000000,1.0000
593,0.033,432.0,181.52,,,112.0,-58.48,126.32,0.7900,0.58,DETECTED,TRACKING,0.00,0.00,6.4,3.01,0,0,0,1.000,0.000000,1.0000
594,0.033,431.98,181.51,,,111.98,-58.49,126.32,0.7900,0.58,DETECTED,TRACKING,0.00,0.00,6.4,3.53,0,0,0,1.000,0.000000,1.0000
595,0.033,431.98,181.51,,,111.98,-58.49,126.32,0.7900,0.58,DETECTED,TRACKING,0.00,0.00,5.8,5.23,0,0,0,1.000,0.000000,1.0000
596,0.033,431.97,181.51,,,111.97,-58.49,126.32,0.7900,0.59,DETECTED,TRACKING,0.00,0.00,3.8,3.53,0,0,0,1.000,0.000000,1.0000
597,0.033,431.94,181.51,,,111.94,-58.49,126.32,0.7900,0.58,DETECTED,TRACKING,0.00,0.00,5.0,3.65,0,0,0,1.000,0.000000,1.0000
598,0.033,431.92,181.52,,,111.92,-58.48,126.31,0.7900,0.58,DETECTED,TRACKING,0.00,0.00,6.4,3.28,0,0,0,1.000,0.000000,1.0000
599,0.033,431.92,181.51,,,111.92,-58.49,126.31,0.7900,0.58,DETECTED,TRACKING,0.00,0.00,7.1,3.31,0,0,0,1.000,0.000000,1.0000
600,0.033,431.92,181.52,,,111.92,-58.48,126.3,0.7900,0.59,DETECTED,TRACKING,0.00,0.00,6.4,3.63,0,0,0,1.000,0.000000,1.0000
601,0.033,431.93,181.52,,,111.93,-58.48,126.3,0.7900,0.58,DETECTED,TRACKING,0.00,0.00,6.5,5.45,0,0,0,1.000,0.000000,1.0000
602,0.033,431.97,181.51,,,111.97,-58.49,126.3,0.7900,0.58,DETECTED,TRACKING,0.00,0.00,6.4,3.97,0,0,0,1.000,0.000000,1.0000
603,0.033,431.98,181.51,,,111.98,-58.49,126.3,0.7900,0.59,DETECTED,TRACKING,0.00,0.00,6.4,3.56,0,0,0,1.000,0.000000,1.0000
604,0.033,431.98,181.51,,,111.98,-58.49,126.3,0.7900,0.59,DETECTED,TRACKING,0.00,0.00,6.4,2.98,0,0,0,1.000,0.000000,1.0000
605,0.033,431.98,181.51,,,111.98,-58.49,126.3,0.7900,0.58,DETECTED,TRACKING,0.00,0.00,5.8,3.43,0,0,0,1.000,0.000000,1.0000
606,0.033,431.99,181.51,,,111.99,-58.49,126.31,0.7900,0.58,DETECTED,TRACKING,0.00,0.00,6.4,4.84,0,0,0,1.000,0.000000,1.0000
607,0.033,431.98,181.51,,,111.98,-58.49,126.31,0.7900,0.58,DETECTED,TRACKING,0.00,0.00,2.7,3.16,0,0,0,1.000,0.000000,1.0000
608,0.033,431.98,181.51,,,111.98,-58.49,126.31,0.7900,0.59,DETECTED,TRACKING,0.00,0.00,4.8,3.64,0,0,0,1.000,0.000000,1.0000
609,0.033,432.01,181.52,,,112.01,-58.48,126.31,0.7900,0.59,DETECTED,TRACKING,0.00,0.00,5.8,3.73,0,0,0,1.000,0.000000,1.0000
610,0.033,432.01,181.52,,,112.01,-58.48,126.31,0.7900,0.58,DETECTED,TRACKING,0.00,0.00,5.8,4.52,0,0,0,1.000,0.000000,1.0000
611,0.033,432.01,181.51,,,112.01,-58.49,126.32,0.7900,0.58,DETECTED,TRACKING,0.00,0.00,6.5,4.83,0,0,0,1.000,0.000000,1.0000
612,0.033,432.03,181.52,,,112.03,-58.48,126.32,0.7900,0.59,DETECTED,TRACKING,0.00,0.00,6.4,5.61,0,0,0,1.000,0.000000,1.0000
613,0.033,432.02,181.52,,,112.02,-58.48,126.33,0.7900,0.59,DETECTED,TRACKING,0.00,0.00,6.5,4.71,0,0,0,1.000,0.000000,1.0000
614,0.033,432.02,181.52,,,112.02,-58.48,126.33,0.7900,0.59,DETECTED,TRACKING,0.00,0.00,6.3,3.69,0,0,0,1.000,0.000000,1.0000
615,0.033,432.02,181.51,,,112.02,-58.49,126.33,0.7900,0.59,DETECTED,TRACKING,0.00,0.00,6.4,3.21,0,0,0,1.000,0.000000,1.0000
616,0.033,432.01,181.51,,,112.01,-58.49,126.34,0.7900,0.58,DETECTED,TRACKING,0.00,0.00,5.9,3.65,0,0,0,1.000,0.000000,1.0000
617,0.033,432.01,181.51,,,112.01,-58.49,126.34,0.7900,0.59,DETECTED,TRACKING,0.00,0.00,7.1,5.91,0,0,0,1.000,0.000000,1.0000
618,0.033,432.01,181.51,,,112.01,-58.49,126.34,0.7900,0.59,DETECTED,TRACKING,0.00,0.00,5.8,3.18,0,0,0,1.000,0.000000,1.0000
619,0.033,432.01,181.51,,,112.01,-58.49,126.34,0.7900,0.59,DETECTED,TRACKING,0.00,0.00,8.0,5.51,0,0,0,1.000,0.000000,1.0000
620,0.033,432.02,181.51,,,112.02,-58.49,126.35,0.7900,0.58,DETECTED,TRACKING,0.00,0.00,5.9,3.83,0,0,0,1.000,0.000000,1.0000
621,0.033,432.02,181.51,,,112.02,-58.49,126.35,0.7900,0.59,DETECTED,TRACKING,0.00,0.00,6.4,3.80,0,0,0,1.000,0.000000,1.0000
622,0.033,431.99,181.5,,,111.99,-58.5,126.35,0.7900,0.60,DETECTED,TRACKING,0.00,0.00,6.3,4.80,0,0,0,1.000,0.000000,1.0000
623,0.033,432.01,181.5,,,112.01,-58.5,126.35,0.7900,0.58,DETECTED,TRACKING,0.00,0.00,5.8,6.80,0,0,0,1.000,0.000000,1.0000
624,0.033,432.01,181.5,,,112.01,-58.5,126.35,0.7900,0.58,DETECTED,TRACKING,0.00,0.00,5.8,4.40,0,0,0,1.000,0.000000,1.0000
625,0.033,432.01,181.5,,,112.01,-58.5,126.36,0.7900,0.58,DETECTED,TRACKING,0.00,0.00,6.4,4.79,0,0,0,1.000,0.000000,1.0000
626,0.033,432.01,181.5,,,112.01,-58.5,126.36,0.7900,0.58,DETECTED,TRACKING,0.00,0.00,6.4,3.28,0,0,0,1.000,0.000000,1.0000
627,0.033,432.01,181.5,,,112.01,-58.5,126.36,0.7900,0.59,DETECTED,TRACKING,0.00,0.00,7.1,3.31,0,0,0,1.000,0.000000,1.0000
628,0.033,432.0,181.5,,,112.0,-58.5,126.36,0.7900,0.58,DETECTED,TRACKING,0.00,0.00,6.4,8.11,0,0,0,1.000,0.000000,1.0000
629,0.033,432.01,181.5,,,112.01,-58.5,126.36,0.7900,0.59,DETECTED,TRACKING,0.00,0.00,5.4,4.57,0,0,0,1.000,0.000000,1.0000
630,0.033,432.01,181.5,,,112.01,-58.5,126.36,0.7900,0.58,DETECTED,TRACKING,0.00,0.00,5.8,3.16,0,0,0,1.000,0.000000,1.0000
631,0.033,432.01,181.5,,,112.01,-58.5,126.36,0.7900,0.59,DETECTED,TRACKING,0.00,0.00,7.0,9.17,0,0,0,1.000,0.000000,1.0000
632,0.033,432.01,181.5,,,112.01,-58.5,126.37,0.7900,0.60,DETECTED,TRACKING,0.00,0.00,7.1,3.17,0,0,0,1.000,0.000000,1.0000
633,0.033,431.99,181.5,,,111.99,-58.5,126.36,0.7900,0.58,DETECTED,TRACKING,0.00,0.00,6.5,3.47,0,0,0,1.000,0.000000,1.0000
634,0.033,431.99,181.5,,,111.99,-58.5,126.36,0.7900,0.59,DETECTED,TRACKING,0.00,0.00,6.5,3.60,0,0,0,1.000,0.000000,1.0000
635,0.033,431.99,181.5,,,111.99,-58.5,126.36,0.7900,0.58,DETECTED,TRACKING,0.00,0.00,6.3,5.18,0,0,0,1.000,0.000000,1.0000
636,0.033,431.99,181.5,,,111.99,-58.5,126.36,0.7900,0.58,DETECTED,TRACKING,0.00,0.00,5.8,3.85,0,0,0,1.000,0.000000,1.0000
637,0.033,431.98,181.5,,,111.98,-58.5,126.36,0.7900,0.58,DETECTED,TRACKING,0.00,0.00,5.9,3.55,0,0,0,1.000,0.000000,1.0000
638,0.033,431.99,181.51,,,111.99,-58.49,126.36,0.7900,0.58,DETECTED,TRACKING,0.00,0.00,7.0,3.74,0,0,0,1.000,0.000000,1.0000
639,0.033,431.99,181.5,,,111.99,-58.5,126.36,0.7900,0.59,DETECTED,TRACKING,0.00,0.00,6.3,4.28,0,0,0,1.000,0.000000,1.0000
640,0.033,431.99,181.5,,,111.99,-58.5,126.36,0.7900,0.58,DETECTED,TRACKING,0.00,0.00,6.4,4.34,0,0,0,1.000,0.000000,1.0000
641,0.033,432.01,181.5,,,112.01,-58.5,126.36,0.7900,0.59,DETECTED,TRACKING,0.00,0.00,6.3,3.47,0,0,0,1.000,0.000000,1.0000
642,0.033,432.01,181.5,,,112.01,-58.5,126.36,0.7900,0.60,DETECTED,TRACKING,0.00,0.00,6.4,4.41,0,0,0,1.000,0.000000,1.0000
643,0.033,432.0,181.5,,,112.0,-58.5,126.36,0.7900,0.58,DETECTED,TRACKING,0.00,0.00,5.3,3.42,0,0,0,1.000,0.000000,1.0000
644,0.033,431.98,181.5,,,111.98,-58.5,126.36,0.7900,0.58,DETECTED,TRACKING,0.00,0.00,7.1,3.70,0,0,0,1.000,0.000000,1.0000
645,0.033,431.98,181.5,,,111.98,-58.5,126.36,0.7900,0.59,DETECTED,TRACKING,0.00,0.00,6.4,3.57,0,0,0,1.000,0.000000,1.0000
646,0.033,431.98,181.5,,,111.98,-58.5,126.36,0.7900,0.58,DETECTED,TRACKING,0.00,0.00,6.4,4.11,0,0,0,1.000,0.000000,1.0000
647,0.033,431.98,181.5,,,111.98,-58.5,126.36,0.7900,0.58,DETECTED,TRACKING,0.00,0.00,6.5,7.04,0,0,0,1.000,0.000000,1.0000
648,0.033,432.0,181.51,,,112.0,-58.49,126.36,0.7900,0.58,DETECTED,TRACKING,0.00,0.00,6.4,2.99,0,0,0,1.000,0.000000,1.0000
649,0.033,432.0,181.51,,,112.0,-58.49,126.36,0.7900,0.58,DETECTED,TRACKING,0.00,0.00,7.0,5.52,0,0,0,1.000,0.000000,1.0000
650,0.033,432.0,181.5,,,112.0,-58.5,126.36,0.7900,0.58,DETECTED,TRACKING,0.00,0.00,5.0,3.94,0,0,0,1.000,0.000000,1.0000
651,0.033,432.0,181.5,,,112.0,-58.5,126.36,0.7900,0.59,DETECTED,TRACKING,0.00,0.00,6.3,3.63,0,0,0,1.000,0.000000,1.0000
652,0.033,432.0,181.5,,,112.0,-58.5,126.36,0.7900,0.59,DETECTED,TRACKING,0.00,0.00,6.5,3.89,0,0,0,1.000,0.000000,1.0000
653,0.033,432.0,181.5,,,112.0,-58.5,126.36,0.7900,0.59,DETECTED,TRACKING,0.00,0.00,6.3,4.12,0,0,0,1.000,0.000000,1.0000
654,0.033,432.01,181.5,,,112.01,-58.5,126.36,0.7900,0.59,DETECTED,TRACKING,0.00,0.00,6.5,3.13,0,0,0,1.000,0.000000,1.0000
655,0.033,432.03,181.49,,,112.03,-58.51,126.36,0.7900,0.58,DETECTED,TRACKING,0.00,0.00,7.1,4.16,0,0,0,1.000,0.000000,1.0000
656,0.033,432.02,181.5,,,112.02,-58.5,126.36,0.7900,0.58,DETECTED,TRACKING,0.00,0.00,5.3,3.47,0,0,0,1.000,0.000000,1.0000
657,0.033,432.03,181.5,,,112.03,-58.5,126.36,0.7900,0.58,DETECTED,TRACKING,0.00,0.00,7.2,3.15,0,0,0,1.000,0.000000,1.0000
658,0.033,432.02,181.5,,,112.02,-58.5,126.37,0.7900,0.59,DETECTED,TRACKING,0.00,0.00,6.4,3.37,0,0,0,1.000,0.000000,1.0000
659,0.033,432.02,181.5,,,112.02,-58.5,126.37,0.7900,0.58,DETECTED,TRACKING,0.00,0.00,6.4,3.48,0,0,0,1.000,0.000000,1.0000
660,0.033,432.01,181.49,,,112.01,-58.51,126.37,0.7900,0.59,DETECTED,TRACKING,0.00,0.00,6.5,3.06,0,0,0,1.000,0.000000,1.0000
661,0.033,432.04,181.5,,,112.04,-58.5,126.37,0.7900,0.58,DETECTED,TRACKING,0.00,0.00,7.1,3.16,0,0,0,1.000,0.000000,1.0000
662,0.033,432.04,181.5,,,112.04,-58.5,126.37,0.7900,0.58,DETECTED,TRACKING,0.00,0.00,7.1,3.85,0,0,0,1.000,0.000000,1.0000
663,0.033,432.02,181.51,,,112.02,-58.49,126.37,0.7900,0.59,DETECTED,TRACKING,0.00,0.00,6.4,4.62,0,0,0,1.000,0.000000,1.0000
664,0.033,432.02,181.51,,,112.02,-58.49,126.37,0.7900,0.59,DETECTED,TRACKING,0.00,0.00,6.4,3.30,0,0,0,1.000,0.000000,1.0000
665,0.033,432.01,181.51,,,112.01,-58.49,126.37,0.7900,0.59,DETECTED,TRACKING,0.00,0.00,7.0,3.13,0,0,0,1.000,0.000000,1.0000
666,0.033,432.02,181.51,,,112.02,-58.49,126.37,0.7900,0.59,DETECTED,TRACKING,0.00,0.00,7.1,5.42,0,0,0,1.000,0.000000,1.0000
667,0.033,432.02,181.51,,,112.02,-58.49,126.37,0.7900,0.59,DETECTED,TRACKING,0.00,0.00,6.5,3.61,0,0,0,1.000,0.000000,1.0000
668,0.033,432.04,181.51,,,112.04,-58.49,126.38,0.7900,0.57,DETECTED,TRACKING,0.00,0.00,6.5,3.38,0,0,0,1.000,0.000000,1.0000
669,0.033,432.04,181.51,,,112.04,-58.49,126.38,0.7900,0.58,DETECTED,TRACKING,0.00,0.00,6.4,3.67,0,0,0,1.000,0.000000,1.0000
670,0.033,432.06,181.52,,,112.06,-58.48,126.38,0.7900,0.58,DETECTED,TRACKING,0.00,0.00,7.0,3.91,0,0,0,1.000,0.000000,1.0000
671,0.033,432.1,181.52,,,112.1,-58.48,126.39,0.7900,0.59,DETECTED,TRACKING,0.00,0.00,5.8,3.45,0,0,0,1.000,0.000000,1.0000
672,0.033,432.09,181.52,,,112.09,-58.48,126.39,0.7910,0.58,DETECTED,TRACKING,0.00,0.00,7.0,3.26,0,0,0,1.000,0.000000,1.0000
673,0.033,432.08,181.52,,,112.08,-58.48,126.39,0.7910,0.59,DETECTED,TRACKING,0.00,0.00,7.1,3.06,0,0,0,1.000,0.000000,1.0000
674,0.033,432.08,181.52,,,112.08,-58.48,126.4,0.7910,0.59,DETECTED,TRACKING,0.00,0.00,6.5,3.89,0,0,0,1.000,0.000000,1.0000
675,0.033,432.07,181.51,,,112.07,-58.49,126.4,0.7910,0.59,DETECTED,TRACKING,0.00,0.00,7.0,3.63,0,0,0,1.000,0.000000,1.0000
676,0.033,432.07,181.51,,,112.07,-58.49,126.4,0.7910,0.58,DETECTED,TRACKING,0.00,0.00,6.3,4.06,0,0,0,1.000,0.000000,1.0000
677,0.033,432.1,181.52,,,112.1,-58.48,126.41,0.7910,0.58,DETECTED,TRACKING,0.00,0.00,6.5,3.50,0,0,0,1.000,0.000000,1.0000
678,0.033,432.12,181.52,,,112.12,-58.48,126.41,0.7910,0.58,DETECTED,TRACKING,0.00,0.00,5.8,3.58,0,0,0,1.000,0.000000,1.0000
679,0.033,432.1,181.52,,,112.1,-58.48,126.42,0.7910,0.58,DETECTED,TRACKING,0.00,0.00,7.0,3.10,0,0,0,1.000,0.000000,1.0000
680,0.033,432.09,181.52,,,112.09,-58.48,126.42,0.7910,0.58,DETECTED,TRACKING,0.00,0.00,6.4,3.52,0,0,0,1.000,0.000000,1.0000
681,0.033,432.1,181.51,,,112.1,-58.49,126.42,0.7910,0.59,DETECTED,TRACKING,0.00,0.00,6.4,3.05,0,0,0,1.000,0.000000,1.0000
682,0.033,432.09,181.51,,,112.09,-58.49,126.43,0.7910,0.59,DETECTED,TRACKING,0.00,0.00,7.1,4.52,0,0,0,1.000,0.000000,1.0000
683,0.033,432.09,181.51,,,112.09,-58.49,126.43,0.7910,0.59,DETECTED,TRACKING,0.00,0.00,6.4,4.00,0,0,0,1.000,0.000000,1.0000
684,0.033,432.08,181.51,,,112.08,-58.49,126.43,0.7910,0.59,DETECTED,TRACKING,0.00,0.00,7.1,3.89,0,0,0,1.000,0.000000,1.0000
685,0.033,432.08,181.51,,,112.08,-58.49,126.43,0.7910,0.58,DETECTED,TRACKING,0.00,0.00,6.3,3.38,0,0,0,1.000,0.000000,1.0000
686,0.033,432.06,181.51,,,112.06,-58.49,126.43,0.7910,0.59,DETECTED,TRACKING,0.00,0.00,6.4,3.06,0,0,0,1.000,0.000000,1.0000
687,0.033,432.06,181.5,,,112.06,-58.5,126.43,0.7910,0.59,DETECTED,TRACKING,0.00,0.00,6.5,4.48,0,0,0,1.000,0.000000,1.0000
688,0.033,432.01,181.49,,,112.01,-58.51,126.43,0.7910,0.59,DETECTED,TRACKING,0.00,0.00,6.4,5.13,0,0,0,1.000,0.000000,1.0000
689,0.033,432.01,181.49,,,112.01,-58.51,126.42,0.7910,0.59,DETECTED,TRACKING,0.00,0.00,6.0,3.69,0,0,0,1.000,0.000000,1.0000
690,0.033,432.0,181.49,,,112.0,-58.51,126.42,0.7910,0.58,DETECTED,TRACKING,0.00,0.00,6.5,4.94,0,0,0,1.000,0.000000,1.0000
691,0.033,431.98,181.49,,,111.98,-58.51,126.41,0.7910,0.59,DETECTED,TRACKING,0.00,0.00,6.3,3.56,0,0,0,1.000,0.000000,1.0000
692,0.033,432.01,181.5,,,112.01,-58.5,126.41,0.7910,0.58,DETECTED,TRACKING,0.00,0.00,5.8,5.62,0,0,0,1.000,0.000000,1.0000
693,0.033,432.0,181.5,,,112.0,-58.5,126.41,0.7910,0.58,DETECTED,TRACKING,0.00,0.00,5.9,3.02,0,0,0,1.000,0.000000,1.0000
694,0.033,431.98,181.49,,,111.98,-58.51,126.4,0.7910,0.58,DETECTED,TRACKING,0.00,0.00,5.8,4.62,0,0,0,1.000,0.000000,1.0000
695,0.033,431.97,181.49,,,111.97,-58.51,126.4,0.7910,0.58,DETECTED,TRACKING,0.00,0.00,5.7,3.72,0,0,0,1.000,0.000000,1.0000
696,0.033,431.98,181.49,,,111.98,-58.51,126.39,0.7900,0.59,DETECTED,TRACKING,0.00,0.00,7.2,4.63,0,0,0,1.000,0.000000,1.0000
697,0.033,431.99,181.49,,,111.99,-58.51,126.39,0.7900,0.58,DETECTED,TRACKING,0.00,0.00,6.4,3.58,0,0,0,1.000,0.000000,1.0000
698,0.033,431.99,181.49,,,111.99,-58.51,126.38,0.7900,0.59,DETECTED,TRACKING,0.00,0.00,6.5,5.49,0,0,0,1.000,0.000000,1.0000
699,0.033,431.97,181.49,,,111.97,-58.51,126.38,0.7900,0.59,DETECTED,TRACKING,0.00,0.00,5.4,3.55,0,0,0,1.000,0.000000,1.0000
700,0.033,432.01,181.5,,,112.01,-58.5,126.38,0.7900,0.58,DETECTED,TRACKING,0.00,0.00,6.3,3.28,0,0,0,1.000,0.000000,1.0000
701,0.033,432.01,181.5,,,112.01,-58.5,126.38,0.7900,0.58,DETECTED,TRACKING,0.00,0.00,6.4,3.16,0,0,0,1.000,0.000000,1.0000
702,0.033,432.01,181.49,,,112.01,-58.51,126.37,0.7900,0.59,DETECTED,TRACKING,0.00,0.00,6.5,3.27,0,0,0,1.000,0.000000,1.0000
703,0.033,432.02,181.49,,,112.02,-58.51,126.37,0.7900,0.59,DETECTED,TRACKING,0.00,0.00,6.3,3.12,0,0,0,1.000,0.000000,1.0000
704,0.033,432.04,181.49,,,112.04,-58.51,126.37,0.7900,0.58,DETECTED,TRACKING,0.00,0.00,6.4,4.06,0,0,0,1.000,0.000000,1.0000
705,0.033,432.04,181.5,,,112.04,-58.5,126.38,0.7900,0.59,DETECTED,TRACKING,0.00,0.00,5.8,4.24,0,0,0,1.000,0.000000,1.0000
706,0.033,432.03,181.51,,,112.03,-58.49,126.38,0.7900,0.59,DETECTED,TRACKING,0.00,0.00,6.3,3.79,0,0,0,1.000,0.000000,1.0000
707,0.033,432.03,181.51,,,112.03,-58.49,126.38,0.7900,0.59,DETECTED,TRACKING,0.00,0.00,6.4,5.31,0,0,0,1.000,0.000000,1.0000
708,0.033,432.02,181.51,,,112.02,-58.49,126.37,0.7900,0.59,DETECTED,TRACKING,0.00,0.00,5.8,3.25,0,0,0,1.000,0.000000,1.0000
709,0.033,432.02,181.5,,,112.02,-58.5,126.37,0.7900,0.59,DETECTED,TRACKING,0.00,0.00,6.4,4.05,0,0,0,1.000,0.000000,1.0000
710,0.033,432.04,181.51,,,112.04,-58.49,126.37,0.7900,0.59,DETECTED,TRACKING,0.00,0.00,6.3,3.49,0,0,0,1.000,0.000000,1.0000
711,0.033,432.05,181.5,,,112.05,-58.5,126.38,0.7900,0.59,DETECTED,TRACKING,0.00,0.00,6.4,4.83,0,0,0,1.000,0.000000,1.0000
712,0.033,432.03,181.51,,,112.03,-58.49,126.38,0.7900,0.59,DETECTED,TRACKING,0.00,0.00,6.4,4.36,0,0,0,1.000,0.000000,1.0000
713,0.033,432.03,181.51,,,112.03,-58.49,126.38,0.7900,0.59,DETECTED,TRACKING,0.00,0.00,5.8,3.81,0,0,0,1.000,0.000000,1.0000
714,0.033,432.02,181.51,,,112.02,-58.49,126.37,0.7900,0.58,DETECTED,TRACKING,0.00,0.00,6.4,4.62,0,0,0,1.000,0.000000,1.0000
715,0.033,432.04,181.51,,,112.04,-58.49,126.38,0.7900,0.58,DETECTED,TRACKING,0.00,0.00,6.4,3.68,0,0,0,1.000,0.000000,1.0000
716,0.033,432.03,181.51,,,112.03,-58.49,126.38,0.7900,0.59,DETECTED,TRACKING,0.00,0.00,6.3,3.39,0,0,0,1.000,0.000000,1.0000
717,0.033,432.02,181.51,,,112.02,-58.49,126.37,0.7900,0.59,DETECTED,TRACKING,0.00,0.00,6.5,4.19,0,0,0,1.000,0.000000,1.0000
718,0.033,432.02,181.51,,,112.02,-58.49,126.37,0.7900,0.58,DETECTED,TRACKING,0.00,0.00,6.3,4.17,0,0,0,1.000,0.000000,1.0000
719,0.033,432.03,181.51,,,112.03,-58.49,126.37,0.7900,0.58,DETECTED,TRACKING,0.00,0.00,6.4,3.54,0,0,0,1.000,0.000000,1.0000
720,0.033,432.01,181.5,,,112.01,-58.5,126.37,0.7900,0.58,DETECTED,TRACKING,0.00,0.00,6.5,4.61,0,0,0,1.000,0.000000,1.0000
721,0.033,432.01,181.5,,,112.01,-58.5,126.37,0.7900,0.59,DETECTED,TRACKING,0.00,0.00,6.3,6.09,0,0,0,1.000,0.000000,1.0000
722,0.033,432.03,181.5,,,112.03,-58.5,126.37,0.7900,0.59,DETECTED,TRACKING,0.00,0.00,6.5,3.50,0,0,0,1.000,0.000000,1.0000
723,0.033,432.02,181.5,,,112.02,-58.5,126.37,0.7900,0.59,DETECTED,TRACKING,0.00,0.00,7.1,3.31,0,0,0,1.000,0.000000,1.0000
724,0.033,432.02,181.5,,,112.02,-58.5,126.37,0.7900,0.60,DETECTED,TRACKING,0.00,0.00,6.3,3.03,0,0,0,1.000,0.000000,1.0000
725,0.033,432.03,181.5,,,112.03,-58.5,126.37,0.7900,0.58,DETECTED,TRACKING,0.00,0.00,7.1,4.42,0,0,0,1.000,0.000000,1.0000
726,0.033,432.02,181.5,,,112.02,-58.5,126.37,0.7900,0.59,DETECTED,TRACKING,0.00,0.00,7.1,3.76,0,0,0,1.000,0.000000,1.0000
727,0.033,432.02,181.5,,,112.02,-58.5,126.37,0.7900,0.59,DETECTED,TRACKING,0.00,0.00,5.9,3.15,0,0,0,1.000,0.000000,1.0000
728,0.033,432.02,181.5,,,112.02,-58.5,126.37,0.7900,0.59,DETECTED,TRACKING,0.00,0.00,7.1,3.61,0,0,0,1.000,0.000000,1.0000
729,0.033,432.01,181.5,,,112.01,-58.5,126.37,0.7900,0.59,DETECTED,TRACKING,0.00,0.00,6.4,2.94,0,0,0,1.000,0.000000,1.0000
730,0.033,432.01,181.5,,,112.01,-58.5,126.37,0.7900,0.58,DETECTED,TRACKING,0.00,0.00,6.5,3.61,0,0,0,1.000,0.000000,1.0000
731,0.033,432.03,181.5,,,112.03,-58.5,126.37,0.7900,0.58,DETECTED,TRACKING,0.00,0.00,6.3,3.11,0,0,0,1.000,0.000000,1.0000
732,0.033,432.04,181.51,,,112.04,-58.49,126.37,0.7900,0.58,DETECTED,TRACKING,0.00,0.00,7.1,3.25,0,0,0,1.000,0.000000,1.0000
733,0.033,432.05,181.5,,,112.05,-58.5,126.38,0.7900,0.58,DETECTED,TRACKING,0.00,0.00,6.3,5.18,0,0,0,1.000,0.000000,1.0000
734,0.033,432.08,181.5,,,112.08,-58.5,126.38,0.7900,0.58,DETECTED,TRACKING,0.00,0.00,5.8,3.54,0,0,0,1.000,0.000000,1.0000
735,0.033,432.07,181.5,,,112.07,-58.5,126.38,0.7900,0.58,DETECTED,TRACKING,0.00,0.00,7.0,3.32,0,0,0,1.000,0.000000,1.0000
736,0.033,432.07,181.49,,,112.07,-58.51,126.39,0.7900,0.58,DETECTED,TRACKING,0.00,0.00,6.4,4.63,0,0,0,1.000,0.000000,1.0000
737,0.033,432.1,181.49,,,112.1,-58.51,126.39,0.7910,0.59,DETECTED,TRACKING,0.00,0.00,5.8,3.44,0,0,0,1.000,0.000000,1.0000
738,0.033,432.06,181.5,,,112.06,-58.5,126.4,0.7910,0.59,DETECTED,TRACKING,0.00,0.00,7.0,6.59,0,0,0,1.000,0.000000,1.0000
739,0.033,432.05,181.49,,,112.05,-58.51,126.4,0.7910,0.58,DETECTED,TRACKING,0.00,0.00,6.3,4.97,0,0,0,1.000,0.000000,1.0000
740,0.033,432.04,181.5,,,112.04,-58.5,126.4,0.7910,0.59,DETECTED,TRACKING,0.00,0.00,6.3,3.38,0,0,0,1.000,0.000000,1.0000
741,0.033,432.02,181.5,,,112.02,-58.5,126.4,0.7910,0.59,DETECTED,TRACKING,0.00,0.00,5.8,3.72,0,0,0,1.000,0.000000,1.0000
742,0.033,432.03,181.5,,,112.03,-58.5,126.4,0.7910,0.58,DETECTED,TRACKING,0.00,0.00,6.4,3.17,0,0,0,1.000,0.000000,1.0000
743,0.033,432.04,181.5,,,112.04,-58.5,126.4,0.7910,0.59,DETECTED,TRACKING,0.00,0.00,7.1,6.19,0,0,0,1.000,0.000000,1.0000
744,0.033,432.04,181.5,,,112.04,-58.5,126.4,0.7910,0.59,DETECTED,TRACKING,0.00,0.00,6.4,3.21,0,0,0,1.000,0.000000,1.0000
745,0.033,432.01,181.5,,,112.01,-58.5,126.39,0.7910,0.59,DETECTED,TRACKING,0.00,0.00,6.4,3.05,0,0,0,1.000,0.000000,1.0000
746,0.033,432.01,181.5,,,112.01,-58.5,126.39,0.7900,0.59,DETECTED,TRACKING,0.00,0.00,6.9,3.39,0,0,0,1.000,0.000000,1.0000
747,0.033,432.01,181.49,,,112.01,-58.51,126.39,0.7900,0.59,DETECTED,TRACKING,0.00,0.00,6.4,4.12,0,0,0,1.000,0.000000,1.0000
748,0.033,431.98,181.5,,,111.98,-58.5,126.39,0.7900,0.58,DETECTED,TRACKING,0.00,0.00,6.3,2.93,0,0,0,1.000,0.000000,1.0000
749,0.033,431.98,181.5,,,111.98,-58.5,126.38,0.7900,0.58,DETECTED,TRACKING,0.00,0.00,6.4,3.04,0,0,0,1.000,0.000000,1.0000
750,0.033,431.98,181.5,,,111.98,-58.5,126.38,0.7900,0.58,DETECTED,TRACKING,0.00,0.00,6.4,5.65,0,0,0,1.000,0.000000,1.0000
751,0.033,431.98,181.5,,,111.98,-58.5,126.37,0.7900,0.59,DETECTED,TRACKING,0.00,0.00,7.1,2.98,0,0,0,1.000,0.000000,1.0000
752,0.033,431.98,181.5,,,111.98,-58.5,126.37,0.7900,0.58,DETECTED,TRACKING,0.00,0.00,7.1,3.23,0,0,0,1.000,0.000000,1.0000
753,0.033,431.98,181.5,,,111.98,-58.5,126.37,0.7900,0.58,DETECTED,TRACKING,0.00,0.00,6.3,3.10,0,0,0,1.000,0.000000,1.0000
754,0.033,431.99,181.5,,,111.99,-58.5,126.37,0.7900,0.59,DETECTED,TRACKING,0.00,0.00,7.0,3.65,0,0,0,1.000,0.000000,1.0000
755,0.033,431.99,181.5,,,111.99,-58.5,126.36,0.7900,0.57,DETECTED,TRACKING,0.00,0.00,5.8,3.67,0,0,0,1.000,0.000000,1.0000
756,0.033,431.99,181.5,,,111.99,-58.5,126.36,0.7900,0.59,DETECTED,TRACKING,0.00,0.00,7.1,3.46,0,0,0,1.000,0.000000,1.0000
757,0.033,431.95,181.5,,,111.95,-58.5,126.36,0.7900,0.59,DETECTED,TRACKING,0.00,0.00,6.4,3.20,0,0,0,1.000,0.000000,1.0000
758,0.033,431.92,181.5,,,111.92,-58.5,126.35,0.7900,0.58,DETECTED,TRACKING,0.00,0.00,7.1,3.26,0,0,0,1.000,0.000000,1.0000
759,0.033,431.94,181.5,,,111.94,-58.5,126.34,0.7900,0.59,DETECTED,TRACKING,0.00,0.00,7.0,3.44,0,0,0,1.000,0.000000,1.0000
760,0.033,431.93,181.49,,,111.93,-58.51,126.34,0.7900,0.58,DETECTED,TRACKING,0.00,0.00,5.8,4.20,0,0,0,1.000,0.000000,1.0000
761,0.033,431.94,181.49,,,111.94,-58.51,126.33,0.7900,0.58,DETECTED,TRACKING,0.00,0.00,6.3,3.24,0,0,0,1.000,0.000000,1.0000
762,0.033,431.98,181.49,,,111.98,-58.51,126.33,0.7900,0.58,DETECTED,TRACKING,0.00,0.00,6.4,5.80,0,0,0,1.000,0.000000,1.0000
763,0.033,431.97,181.49,,,111.97,-58.51,126.33,0.7900,0.58,DETECTED,TRACKING,0.00,0.00,5.4,3.87,0,0,0,1.000,0.000000,1.0000
764,0.033,431.98,181.5,,,111.98,-58.5,126.33,0.7900,0.59,DETECTED,TRACKING,0.00,0.00,6.5,6.14,0,0,0,1.000,0.000000,1.0000
765,0.033,431.95,181.5,,,111.95,-58.5,126.33,0.7900,0.59,DETECTED,TRACKING,0.00,0.00,6.3,3.37,0,0,0,1.000,0.000000,1.0000
766,0.033,431.96,181.5,,,111.96,-58.5,126.33,0.7900,0.59,DETECTED,TRACKING,0.00,0.00,5.8,3.52,0,0,0,1.000,0.000000,1.0000
767,0.033,431.95,181.51,,,111.95,-58.49,126.32,0.7900,0.60,DETECTED,TRACKING,0.00,0.00,6.4,6.48,0,0,0,1.000,0.000000,1.0000
768,0.033,431.96,181.51,,,111.96,-58.49,126.32,0.7900,0.58,DETECTED,TRACKING,0.00,0.00,6.4,3.39,0,0,0,1.000,0.000000,1.0000
769,0.033,431.94,181.51,,,111.94,-58.49,126.32,0.7900,0.58,DETECTED,TRACKING,0.00,0.00,6.3,4.49,0,0,0,1.000,0.000000,1.0000
770,0.033,431.95,181.51,,,111.95,-58.49,126.31,0.7900,0.58,DETECTED,TRACKING,0.00,0.00,6.4,6.59,0,0,0,1.000,0.000000,1.0000
771,0.033,431.94,181.51,,,111.94,-58.49,126.31,0.7900,0.59,DETECTED,TRACKING,0.00,0.00,5.8,4.36,0,0,0,1.000,0.000000,1.0000
772,0.033,431.95,181.5,,,111.95,-58.5,126.31,0.7900,0.58,DETECTED,TRACKING,0.00,0.00,5.9,3.29,0,0,0,1.000,0.000000,1.0000
773,0.033,431.93,181.5,,,111.93,-58.5,126.31,0.7900,0.58,DETECTED,TRACKING,0.00,0.00,6.5,4.16,0,0,0,1.000,0.000000,1.0000
774,0.033,431.95,181.5,,,111.95,-58.5,126.3,0.7900,0.58,DETECTED,TRACKING,0.00,0.00,5.9,4.51,0,0,0,1.000,0.000000,1.0000
775,0.033,431.95,181.5,,,111.95,-58.5,126.3,0.7900,0.59,DETECTED,TRACKING,0.00,0.00,6.3,3.22,0,0,0,1.000,0.000000,1.0000
776,0.033,431.95,181.5,,,111.95,-58.5,126.3,0.7900,0.59,DETECTED,TRACKING,0.00,0.00,5.4,4.15,0,0,0,1.000,0.000000,1.0000
777,0.033,431.96,181.5,,,111.96,-58.5,126.3,0.7900,0.58,DETECTED,TRACKING,0.00,0.00,5.9,4.87,0,0,0,1.000,0.000000,1.0000
778,0.033,431.96,181.5,,,111.96,-58.5,126.3,0.7900,0.58,DETECTED,TRACKING,0.00,0.00,5.9,3.30,0,0,0,1.000,0.000000,1.0000
779,0.033,431.96,181.5,,,111.96,-58.5,126.3,0.7900,0.58,DETECTED,TRACKING,0.00,0.00,6.4,4.92,0,0,0,1.000,0.000000,1.0000
780,0.033,431.96,181.5,,,111.96,-58.5,126.3,0.7900,0.59,DETECTED,TRACKING,0.00,0.00,6.3,7.94,0,0,0,1.000,0.000000,1.0000
781,0.033,431.97,181.5,,,111.97,-58.5,126.3,0.7900,0.59,DETECTED,TRACKING,0.00,0.00,6.3,4.00,0,0,0,1.000,0.000000,1.0000
782,0.033,431.97,181.5,,,111.97,-58.5,126.31,0.7900,0.59,DETECTED,TRACKING,0.00,0.00,5.8,3.45,0,0,0,1.000,0.000000,1.0000
783,0.033,431.97,181.5,,,111.97,-58.5,126.31,0.7900,0.58,DETECTED,TRACKING,0.00,0.00,6.3,3.68,0,0,0,1.000,0.000000,1.0000
784,0.033,431.97,181.5,,,111.97,-58.5,126.31,0.7900,0.59,DETECTED,TRACKING,0.00,0.00,6.4,5.99,0,0,0,1.000,0.000000,1.0000
785,0.033,431.98,181.5,,,111.98,-58.5,126.31,0.7900,0.58,DETECTED,TRACKING,0.00,0.00,6.4,4.21,0,0,0,1.000,0.000000,1.0000
786,0.033,431.92,181.5,,,111.92,-58.5,126.31,0.7900,0.58,DETECTED,TRACKING,0.00,0.00,6.4,4.58,0,0,0,1.000,0.000000,1.0000
787,0.033,431.93,181.5,,,111.93,-58.5,126.3,0.7900,0.59,DETECTED,TRACKING,0.00,0.00,6.4,3.63,0,0,0,1.000,0.000000,1.0000
788,0.033,431.93,181.5,,,111.93,-58.5,126.3,0.7900,0.59,DETECTED,TRACKING,0.00,0.00,6.4,5.09,0,0,0,1.000,0.000000,1.0000
789,0.033,431.92,181.5,,,111.92,-58.5,126.3,0.7900,0.58,DETECTED,TRACKING,0.00,0.00,4.9,3.79,0,0,0,1.000,0.000000,1.0000
790,0.033,431.93,181.5,,,111.93,-58.5,126.3,0.7900,0.58,DETECTED,TRACKING,0.00,0.00,6.4,4.16,0,0,0,1.000,0.000000,1.0000
791,0.033,431.93,181.5,,,111.93,-58.5,126.3,0.7900,0.59,DETECTED,TRACKING,0.00,0.00,6.3,3.81,0,0,0,1.000,0.000000,1.0000
792,0.033,431.91,181.49,,,111.91,-58.51,126.29,0.7900,0.58,DETECTED,TRACKING,0.00,0.00,6.4,4.71,0,0,0,1.000,0.000000,1.0000
793,0.033,431.92,181.49,,,111.92,-58.51,126.29,0.7900,0.58,DETECTED,TRACKING,0.00,0.00,6.4,5.77,0,0,0,1.000,0.000000,1.0000
794,0.033,431.92,181.49,,,111.92,-58.51,126.29,0.7900,0.59,DETECTED,TRACKING,0.00,0.00,6.3,6.33,0,0,0,1.000,0.000000,1.0000
795,0.033,431.92,181.48,,,111.92,-58.52,126.29,0.7900,0.58,DETECTED,TRACKING,0.00,0.00,6.4,5.26,0,0,0,1.000,0.000000,1.0000
796,0.033,431.93,181.48,,,111.93,-58.52,126.29,0.7900,0.58,DETECTED,TRACKING,0.00,0.00,5.1,3.44,0,0,0,1.000,0.000000,1.0000
797,0.033,431.95,181.48,,,111.95,-58.52,126.29,0.7900,0.59,DETECTED,TRACKING,0.00,0.00,6.2,4.29,0,0,0,1.000,0.000000,1.0000
798,0.033,431.97,181.48,,,111.97,-58.52,126.3,0.7900,0.58,DETECTED,TRACKING,0.00,0.00,6.4,3.71,0,0,0,1.000,0.000000,1.0000
799,0.033,431.97,181.48,,,111.97,-58.52,126.3,0.7900,0.58,DETECTED,TRACKING,0.00,0.00,6.4,3.39,0,0,0,1.000,0.000000,1.0000
800,0.033,431.98,181.48,,,111.98,-58.52,126.3,0.7900,0.58,DETECTED,TRACKING,0.00,0.00,5.8,5.86,0,0,0,1.000,0.000000,1.0000
801,0.033,431.97,181.48,,,111.97,-58.52,126.31,0.7900,0.58,DETECTED,TRACKING,0.00,0.00,6.3,7.09,0,0,0,1.000,0.000000,1.0000
802,0.033,431.97,181.48,,,111.97,-58.52,126.31,0.7900,0.59,DETECTED,TRACKING,0.00,0.00,4.9,5.73,0,0,0,1.000,0.000000,1.0000
803,0.033,431.98,181.49,,,111.98,-58.51,126.31,0.7900,0.59,DETECTED,TRACKING,0.00,0.00,5.8,4.98,0,0,0,1.000,0.000000,1.0000
804,0.033,431.99,181.49,,,111.99,-58.51,126.32,0.7900,0.58,DETECTED,TRACKING,0.00,0.00,6.2,3.26,0,0,0,1.000,0.000000,1.0000
805,0.033,431.99,181.49,,,111.99,-58.51,126.32,0.7900,0.58,DETECTED,TRACKING,0.00,0.00,5.4,8.01,0,0,0,1.000,0.000000,1.0000
806,0.033,432.0,181.49,,,112.0,-58.51,126.32,0.7900,0.58,DETECTED,TRACKING,0.00,0.00,4.9,9.47,0,0,0,1.000,0.000000,1.0000
807,0.033,431.98,181.49,,,111.98,-58.51,126.33,0.7900,0.59,DETECTED,TRACKING,0.00,0.00,5.3,4.34,0,0,0,1.000,0.000000,1.0000
808,0.033,431.99,181.5,,,111.99,-58.5,126.33,0.7900,0.59,DETECTED,TRACKING,0.00,0.00,4.5,3.19,0,0,0,1.000,0.000000,1.0000
809,0.033,431.99,181.5,,,111.99,-58.5,126.33,0.7900,0.59,DETECTED,TRACKING,0.00,0.00,5.9,8.55,0,0,0,1.000,0.000000,1.0000
810,0.033,431.99,181.5,,,111.99,-58.5,126.33,0.7900,0.60,DETECTED,TRACKING,0.00,0.00,5.8,3.58,0,0,0,1.000,0.000000,1.0000
811,0.033,431.99,181.5,,,111.99,-58.5,126.33,0.7900,0.59,DETECTED,TRACKING,0.00,0.00,3.2,4.12,0,0,0,1.000,0.000000,1.0000
812,0.033,432.01,181.49,,,112.01,-58.51,126.34,0.7900,0.59,DETECTED,TRACKING,0.00,0.00,5.3,5.53,0,0,0,1.000,0.000000,1.0000
813,0.033,432.01,181.49,,,112.01,-58.51,126.34,0.7900,0.59,DETECTED,TRACKING,0.00,0.00,3.7,8.65,0,0,0,1.000,0.000000,1.0000
814,0.033,432.01,181.5,,,112.01,-58.5,126.35,0.7900,0.58,DETECTED,TRACKING,0.00,0.00,2.7,6.45,0,0,0,1.000,0.000000,1.0000
815,0.033,432.02,181.5,,,112.02,-58.5,126.35,0.7900,0.58,DETECTED,TRACKING,0.00,0.00,4.0,7.91,0,0,0,1.000,0.000000,1.0000
816,0.033,432.04,181.5,,,112.04,-58.5,126.35,0.7900,0.58,DETECTED,TRACKING,0.00,0.00,3.2,4.31,0,0,0,1.000,0.000000,1.0000
817,0.033,432.03,181.51,,,112.03,-58.49,126.36,0.7900,0.58,DETECTED,TRACKING,0.00,0.00,2.6,6.01,0,0,0,1.000,0.000000,1.0000
818,0.033,432.01,181.5,,,112.01,-58.5,126.36,0.7900,0.59,DETECTED,TRACKING,0.00,0.00,2.5,7.34,0,0,0,1.000,0.000000,1.0000
819,0.033,432.01,181.5,,,112.01,-58.5,126.36,0.7900,0.59,DETECTED,TRACKING,0.00,0.00,3.7,3.51,0,0,0,1.000,0.000000,1.0000
820,0.033,431.98,181.5,,,111.98,-58.5,126.36,0.7900,0.59,DETECTED,TRACKING,0.00,0.00,5.4,4.33,0,0,0,1.000,0.000000,1.0000
821,0.033,431.98,181.5,,,111.98,-58.5,126.36,0.7900,0.58,DETECTED,TRACKING,0.00,0.00,5.3,3.31,0,0,0,1.000,0.000000,1.0000
822,0.033,431.97,181.5,,,111.97,-58.5,126.36,0.7900,0.58,DETECTED,TRACKING,0.00,0.00,6.5,4.12,0,0,0,1.000,0.000000,1.0000
823,0.033,431.97,181.5,,,111.97,-58.5,126.36,0.7900,0.58,DETECTED,TRACKING,0.00,0.00,5.0,3.73,0,0,0,1.000,0.000000,1.0000
824,0.033,431.97,181.5,,,111.97,-58.5,126.36,0.7900,0.58,DETECTED,TRACKING,0.00,0.00,4.8,3.76,0,0,0,1.000,0.000000,1.0000
825,0.033,431.97,181.5,,,111.97,-58.5,126.36,0.7900,0.59,DETECTED,TRACKING,0.00,0.00,6.5,3.41,0,0,0,1.000,0.000000,1.0000
826,0.033,431.98,181.5,,,111.98,-58.5,126.36,0.7900,0.58,DETECTED,TRACKING,0.00,0.00,5.2,4.36,0,0,0,1.000,0.000000,1.0000
827,0.033,431.97,181.5,,,111.97,-58.5,126.35,0.7900,0.59,DETECTED,TRACKING,0.00,0.00,5.8,3.16,0,0,0,1.000,0.000000,1.0000
828,0.033,431.97,181.5,,,111.97,-58.5,126.35,0.7900,0.58,DETECTED,TRACKING,0.00,0.00,6.4,4.24,0,0,0,1.000,0.000000,1.0000
829,0.033,431.99,181.5,,,111.99,-58.5,126.35,0.7900,0.58,DETECTED,TRACKING,0.00,0.00,5.7,5.38,0,0,0,1.000,0.000000,1.0000
830,0.033,431.99,181.5,,,111.99,-58.5,126.35,0.7900,0.58,DETECTED,TRACKING,0.00,0.00,5.1,5.73,0,0,0,1.000,0.000000,1.0000
831,0.033,431.99,181.5,,,111.99,-58.5,126.35,0.7900,0.58,DETECTED,TRACKING,0.00,0.00,6.5,3.45,0,0,0,1.000,0.000000,1.0000
832,0.033,431.98,181.49,,,111.98,-58.51,126.35,0.7900,0.58,DETECTED,TRACKING,0.00,0.00,6.4,5.08,0,0,0,1.000,0.000000,1.0000
833,0.033,431.97,181.49,,,111.97,-58.51,126.35,0.7900,0.58,DETECTED,TRACKING,0.00,0.00,5.8,3.92,0,0,0,1.000,0.000000,1.0000
834,0.033,431.95,181.5,,,111.95,-58.5,126.35,0.7900,0.58,DETECTED,TRACKING,0.00,0.00,5.8,8.74,0,0,0,1.000,0.000000,1.0000
835,0.033,431.95,181.5,,,111.95,-58.5,126.35,0.7900,0.58,DETECTED,TRACKING,0.00,0.00,5.7,4.17,0,0,0,1.000,0.000000,1.0000
836,0.033,431.94,181.49,,,111.94,-58.51,126.34,0.7900,0.59,DETECTED,TRACKING,0.00,0.00,5.4,3.80,0,0,0,1.000,0.000000,1.0000
837,0.033,431.95,181.49,,,111.95,-58.51,126.34,0.7900,0.59,DETECTED,TRACKING,0.00,0.00,6.4,6.85,0,0,0,1.000,0.000000,1.0000
838,0.033,431.98,181.49,,,111.98,-58.51,126.34,0.7900,0.58,DETECTED,TRACKING,0.00,0.00,5.7,5.78,0,0,0,1.000,0.000000,1.0000
839,0.033,431.97,181.49,,,111.97,-58.51,126.34,0.7900,0.59,DETECTED,TRACKING,0.00,0.00,6.4,3.95,0,0,0,1.000,0.000000,1.0000
840,0.033,431.98,181.49,,,111.98,-58.51,126.34,0.7900,0.59,DETECTED,TRACKING,0.00,0.00,6.3,3.46,0,0,0,1.000,0.000000,1.0000
841,0.033,431.95,181.49,,,111.95,-58.51,126.34,0.7900,0.58,DETECTED,TRACKING,0.00,0.00,6.4,3.72,0,0,0,1.000,0.000000,1.0000
842,0.033,431.94,181.48,,,111.94,-58.52,126.34,0.7900,0.58,DETECTED,TRACKING,0.00,0.00,6.3,4.21,0,0,0,1.000,0.000000,1.0000
843,0.033,431.94,181.48,,,111.94,-58.52,126.33,0.7900,0.58,DETECTED,TRACKING,0.00,0.00,5.4,6.71,0,0,0,1.000,0.000000,1.0000
844,0.033,431.95,181.48,,,111.95,-58.52,126.33,0.7900,0.58,DETECTED,TRACKING,0.00,0.00,5.8,3.69,0,0,0,1.000,0.000000,1.0000
845,0.033,431.96,181.48,,,111.96,-58.52,126.33,0.7900,0.58,DETECTED,TRACKING,0.00,0.00,6.4,3.49,0,0,0,1.000,0.000000,1.0000
846,0.033,431.96,181.48,,,111.96,-58.52,126.33,0.7900,0.59,DETECTED,TRACKING,0.00,0.00,5.9,4.11,0,0,0,1.000,0.000000,1.0000
847,0.033,432.0,181.48,,,112.0,-58.52,126.33,0.7900,0.59,DETECTED,TRACKING,0.00,0.00,6.4,3.99,0,0,0,1.000,0.000000,1.0000
848,0.033,431.94,181.48,,,111.94,-58.52,126.33,0.7900,0.58,DETECTED,TRACKING,0.00,0.00,5.9,3.52,0,0,0,1.000,0.000000,1.0000
849,0.033,431.95,181.48,,,111.95,-58.52,126.33,0.7900,0.58,DETECTED,TRACKING,0.00,0.00,5.3,3.99,0,0,0,1.000,0.000000,1.0000
850,0.033,431.95,181.48,,,111.95,-58.52,126.33,0.7900,0.58,DETECTED,TRACKING,0.00,0.00,5.8,3.52,0,0,0,1.000,0.000000,1.0000
851,0.033,431.99,181.5,,,111.99,-58.5,126.33,0.7900,0.58,DETECTED,TRACKING,0.00,0.00,6.4,3.50,0,0,0,1.000,0.000000,1.0000
852,0.033,431.98,181.49,,,111.98,-58.51,126.33,0.7900,0.58,DETECTED,TRACKING,0.00,0.00,5.8,5.90,0,0,0,1.000,0.000000,1.0000
853,0.033,431.95,181.49,,,111.95,-58.51,126.33,0.7900,0.58,DETECTED,TRACKING,0.00,0.00,5.4,3.66,0,0,0,1.000,0.000000,1.0000
854,0.033,431.98,181.48,,,111.98,-58.52,126.33,0.7900,0.58,DETECTED,TRACKING,0.00,0.00,5.8,3.64,0,0,0,1.000,0.000000,1.0000
855,0.033,431.98,181.48,,,111.98,-58.52,126.33,0.7900,0.58,DETECTED,TRACKING,0.00,0.00,5.3,3.46,0,0,0,1.000,0.000000,1.0000
856,0.033,432.03,181.48,,,112.03,-58.52,126.34,0.7900,0.59,DETECTED,TRACKING,0.00,0.00,6.3,3.95,0,0,0,1.000,0.000000,1.0000
857,0.033,432.03,181.48,,,112.03,-58.52,126.34,0.7900,0.58,DETECTED,TRACKING,0.00,0.00,6.4,4.29,0,0,0,1.000,0.000000,1.0000
858,0.033,432.04,181.48,,,112.04,-58.52,126.35,0.7900,0.58,DETECTED,TRACKING,0.00,0.00,6.4,6.31,0,0,0,1.000,0.000000,1.0000
859,0.033,432.06,181.48,,,112.06,-58.52,126.36,0.7900,0.59,DETECTED,TRACKING,0.00,0.00,5.7,3.61,0,0,0,1.000,0.000000,1.0000
860,0.033,432.07,181.47,,,112.07,-58.53,126.36,0.7900,0.59,DETECTED,TRACKING,0.00,0.00,5.8,6.13,0,0,0,1.000,0.000000,1.0000
861,0.033,432.08,181.47,,,112.08,-58.53,126.37,0.7900,0.59,DETECTED,TRACKING,0.00,0.00,5.3,5.26,0,0,0,1.000,0.000000,1.0000
862,0.033,432.12,181.47,,,112.12,-58.53,126.38,0.7900,0.58,DETECTED,TRACKING,0.00,0.00,5.8,3.70,0,0,0,1.000,0.000000,1.0000
863,0.033,432.13,181.47,,,112.13,-58.53,126.39,0.7900,0.58,DETECTED,TRACKING,0.00,0.00,5.4,3.72,0,0,0,1.000,0.000000,1.0000
864,0.033,432.13,181.47,,,112.13,-58.53,126.4,0.7900,0.59,DETECTED,TRACKING,0.00,0.00,5.8,3.47,0,0,0,1.000,0.000000,1.0000
865,0.033,432.12,181.48,,,112.12,-58.52,126.41,0.7910,0.58,DETECTED,TRACKING,0.00,0.00,6.3,4.01,0,0,0,1.000,0.000000,1.0000
866,0.033,432.11,181.48,,,112.11,-58.52,126.42,0.7910,0.59,DETECTED,TRACKING,0.00,0.00,6.4,3.74,0,0,0,1.000,0.000000,1.0000
867,0.033,432.11,181.48,,,112.11,-58.52,126.43,0.7910,0.58,DETECTED,TRACKING,0.00,0.00,5.3,3.73,0,0,0,1.000,0.000000,1.0000
868,0.033,432.1,181.48,,,112.1,-58.52,126.43,0.7910,0.58,DETECTED,TRACKING,0.00,0.00,6.4,3.74,0,0,0,1.000,0.000000,1.0000
869,0.033,432.1,181.49,,,112.1,-58.51,126.44,0.7910,0.58,DETECTED,TRACKING,0.00,0.00,6.3,3.38,0,0,0,1.000,0.000000,1.0000
870,0.033,432.09,181.49,,,112.09,-58.51,126.44,0.7910,0.58,DETECTED,TRACKING,0.00,0.00,6.4,3.44,0,0,0,1.000,0.000000,1.0000
871,0.033,432.09,181.49,,,112.09,-58.51,126.44,0.7910,0.58,DETECTED,TRACKING,0.00,0.00,5.8,5.60,0,0,0,1.000,0.000000,1.0000
872,0.033,432.06,181.49,,,112.06,-58.51,126.44,0.7910,0.59,DETECTED,TRACKING,0.00,0.00,6.4,3.65,0,0,0,1.000,0.000000,1.0000
873,0.033,432.12,181.47,,,112.12,-58.53,126.45,0.7910,0.59,DETECTED,TRACKING,0.00,0.00,5.8,3.25,0,0,0,1.000,0.000000,1.0000
874,0.033,432.11,181.48,,,112.11,-58.52,126.45,0.7910,0.58,DETECTED,TRACKING,0.00,0.00,5.3,3.71,0,0,0,1.000,0.000000,1.0000
875,0.033,432.1,181.48,,,112.1,-58.52,126.46,0.7910,0.59,DETECTED,TRACKING,0.00,0.00,6.4,3.74,0,0,0,1.000,0.000000,1.0000
876,0.033,432.1,181.48,,,112.1,-58.52,126.46,0.7910,0.58,DETECTED,TRACKING,0.00,0.00,5.8,4.34,0,0,0,1.000,0.000000,1.0000
877,0.033,432.09,181.48,,,112.09,-58.52,126.46,0.7910,0.59,DETECTED,TRACKING,0.00,0.00,5.3,5.36,0,0,0,1.000,0.000000,1.0000
878,0.033,432.11,181.48,,,112.11,-58.52,126.47,0.7910,0.58,DETECTED,TRACKING,0.00,0.00,6.4,4.69,0,0,0,1.000,0.000000,1.0000
879,0.033,432.14,181.48,,,112.14,-58.52,126.47,0.7910,0.58,DETECTED,TRACKING,0.00,0.00,5.8,3.87,0,0,0,1.000,0.000000,1.0000
880,0.033,432.13,181.49,,,112.13,-58.51,126.48,0.7910,0.58,DETECTED,TRACKING,0.00,0.00,5.3,5.12,0,0,0,1.000,0.000000,1.0000
881,0.033,432.11,181.49,,,112.11,-58.51,126.48,0.7910,0.58,DETECTED,TRACKING,0.00,0.00,6.2,3.71,0,0,0,1.000,0.000000,1.0000
882,0.033,432.09,181.49,,,112.09,-58.51,126.48,0.7910,0.58,DETECTED,TRACKING,0.00,0.00,6.3,4.74,0,0,0,1.000,0.000000,1.0000
883,0.033,432.08,181.49,,,112.08,-58.51,126.48,0.7910,0.59,DETECTED,TRACKING,0.00,0.00,5.7,3.48,0,0,0,1.000,0.000000,1.0000
884,0.033,432.08,181.49,,,112.08,-58.51,126.48,0.7910,0.59,DETECTED,TRACKING,0.00,0.00,6.5,3.66,0,0,0,1.000,0.000000,1.0000
885,0.033,432.07,181.48,,,112.07,-58.52,126.47,0.7910,0.58,DETECTED,TRACKING,0.00,0.00,5.8,3.66,0,0,0,1.000,0.000000,1.0000
886,0.033,432.07,181.49,,,112.07,-58.51,126.47,0.7910,0.58,DETECTED,TRACKING,0.00,0.00,5.9,4.05,0,0,0,1.000,0.000000,1.0000
887,0.033,432.04,181.48,,,112.04,-58.52,126.47,0.7910,0.59,DETECTED,TRACKING,0.00,0.00,5.8,3.67,0,0,0,1.000,0.000000,1.0000
888,0.033,432.03,181.48,,,112.03,-58.52,126.46,0.7910,0.58,DETECTED,TRACKING,0.00,0.00,5.9,3.35,0,0,0,1.000,0.000000,1.0000
889,0.033,432.02,181.49,,,112.02,-58.51,126.46,0.7910,0.59,DETECTED,TRACKING,0.00,0.00,5.7,3.32,0,0,0,1.000,0.000000,1.0000
890,0.033,432.01,181.49,,,112.01,-58.51,126.45,0.7910,0.59,DETECTED,TRACKING,0.00,0.00,5.8,5.17,0,0,0,1.000,0.000000,1.0000
891,0.033,432.01,181.49,,,112.01,-58.51,126.45,0.7910,0.58,DETECTED,TRACKING,0.00,0.00,6.5,3.45,0,0,0,1.000,0.000000,1.0000
892,0.033,432.01,181.5,,,112.01,-58.5,126.44,0.7910,0.59,DETECTED,TRACKING,0.00,0.00,6.3,6.08,0,0,0,1.000,0.000000,1.0000
893,0.033,432.0,181.49,,,112.0,-58.51,126.43,0.7910,0.58,DETECTED,TRACKING,0.00,0.00,5.4,3.75,0,0,0,1.000,0.000000,1.0000
894,0.033,432.01,181.5,,,112.01,-58.5,126.43,0.7910,0.59,DETECTED,TRACKING,0.00,0.00,5.9,3.25,0,0,0,1.000,0.000000,1.0000
895,0.033,432.01,181.5,,,112.01,-58.5,126.42,0.7910,0.59,DETECTED,TRACKING,0.00,0.00,5.8,3.56,0,0,0,1.000,0.000000,1.0000
896,0.033,432.01,181.5,,,112.01,-58.5,126.42,0.7910,0.58,DETECTED,TRACKING,0.00,0.00,6.3,3.68,0,0,0,1.000,0.000000,1.0000
897,0.033,432.01,181.5,,,112.01,-58.5,126.41,0.7910,0.57,DETECTED,TRACKING,0.00,0.00,5.8,3.32,0,0,0,1.000,0.000000,1.0000
898,0.033,432.01,181.5,,,112.01,-58.5,126.41,0.7910,0.58,DETECTED,TRACKING,0.00,0.00,6.5,9.50,0,0,0,1.000,0.000000,1.0000
899,0.033,431.98,181.5,,,111.98,-58.5,126.4,0.7910,0.58,DETECTED,TRACKING,0.00,0.00,4.6,3.58,0,0,0,1.000,0.000000,1.0000
900,0.033,431.99,181.5,,,111.99,-58.5,126.39,0.7900,0.58,DETECTED,TRACKING,0.00,0.00,5.4,4.80,0,0,0,1.000,0.000000,1.0000
901,0.033,431.99,181.5,,,111.99,-58.5,126.39,0.7900,0.59,DETECTED,TRACKING,0.00,0.00,5.8,4.30,0,0,0,1.000,0.000000,1.0000
902,0.033,431.98,181.5,,,111.98,-58.5,126.38,0.7900,0.58,DETECTED,TRACKING,0.00,0.00,5.8,3.83,0,0,0,1.000,0.000000,1.0000
903,0.033,431.97,181.5,,,111.97,-58.5,126.38,0.7900,0.59,DETECTED,TRACKING,0.00,0.00,5.3,4.84,0,0,0,1.000,0.000000,1.0000
904,0.033,431.97,181.5,,,111.97,-58.5,126.37,0.7900,0.59,DETECTED,TRACKING,0.00,0.00,5.0,4.38,0,0,0,1.000,0.000000,1.0000
905,0.033,431.99,181.5,,,111.99,-58.5,126.37,0.7900,0.59,DETECTED,TRACKING,0.00,0.00,4.6,5.66,0,0,0,1.000,0.000000,1.0000
906,0.033,431.99,181.5,,,111.99,-58.5,126.36,0.7900,0.58,DETECTED,TRACKING,0.00,0.00,4.0,3.84,0,0,0,1.000,0.000000,1.0000
907,0.033,432.0,181.5,,,112.0,-58.5,126.36,0.7900,0.58,DETECTED,TRACKING,0.00,0.00,5.0,3.72,0,0,0,1.000,0.000000,1.0000
908,0.033,431.97,181.51,,,111.97,-58.49,126.36,0.7900,0.58,DETECTED,TRACKING,0.00,0.00,2.9,6.84,0,0,0,1.000,0.000000,1.0000
909,0.033,431.97,181.51,,,111.97,-58.49,126.35,0.7900,0.58,DETECTED,TRACKING,0.00,0.00,1.9,7.24,0,0,0,1.000,0.000000,1.0000
910,0.033,431.94,181.51,,,111.94,-58.49,126.34,0.7900,0.58,DETECTED,TRACKING,0.00,0.00,1.5,12.02,0,0,0,1.000,0.000000,1.0000
911,0.033,431.94,181.51,,,111.94,-58.49,126.34,0.7900,0.59,DETECTED,TRACKING,0.00,0.00,2.9,177.75,0,0,0,1.000,0.000000,1.0000
912,0.033,431.94,181.5,,,111.94,-58.5,126.33,0.7900,0.59,DETECTED,TRACKING,0.00,0.00,1.1,54.24,0,0,0,1.000,0.000000,1.0000
913,0.033,431.94,181.51,,,111.94,-58.49,126.33,0.7900,0.59,DETECTED,TRACKING,0.00,0.00,1.3,3.94,0,0,0,1.000,0.000000,1.0000
914,0.033,431.95,181.5,,,111.95,-58.5,126.32,0.7900,0.58,DETECTED,TRACKING,0.00,0.00,3.2,8.16,0,0,0,1.000,0.000000,1.0000
915,0.033,431.98,181.5,,,111.98,-58.5,126.32,0.7900,0.57,DETECTED,TRACKING,0.00,0.00,5.3,4.82,0,0,0,1.000,0.000000,1.0000
916,0.033,431.98,181.5,,,111.98,-58.5,126.32,0.7900,0.59,DETECTED,TRACKING,0.00,0.00,5.3,4.25,0,0,0,1.000,0.000000,1.0000
917,0.033,431.98,181.51,,,111.98,-58.49,126.32,0.7900,0.58,DETECTED,TRACKING,0.00,0.00,4.9,5.39,0,0,0,1.000,0.000000,1.0000
918,0.033,431.97,181.5,,,111.97,-58.5,126.32,0.7900,0.58,DETECTED,TRACKING,0.00,0.00,5.8,10.09,0,0,0,1.000,0.000000,1.0000
919,0.033,431.97,181.51,,,111.97,-58.49,126.31,0.7900,0.59,DETECTED,TRACKING,0.00,0.00,4.0,4.92,0,0,0,1.000,0.000000,1.0000
920,0.033,431.97,181.51,,,111.97,-58.49,126.31,0.7900,0.59,DETECTED,TRACKING,0.00,0.00,4.0,17.18,0,0,0,1.000,0.000000,1.0000
921,0.033,431.98,181.5,,,111.98,-58.5,126.31,0.7900,0.58,DETECTED,TRACKING,0.00,0.00,4.2,6.50,0,0,0,1.000,0.000000,1.0000
922,0.033,431.98,181.5,,,111.98,-58.5,126.31,0.7900,0.58,DETECTED,TRACKING,0.00,0.00,4.0,5.51,0,0,0,1.000,0.000000,1.0000
923,0.033,431.99,181.5,,,111.99,-58.5,126.31,0.7900,0.59,DETECTED,TRACKING,0.00,0.00,4.2,6.37,0,0,0,1.000,0.000000,1.0000
924,0.033,431.99,181.5,,,111.99,-58.5,126.31,0.7900,0.59,DETECTED,TRACKING,0.00,0.00,4.9,4.10,0,0,0,1.000,0.000000,1.0000
925,0.033,431.98,181.5,,,111.98,-58.5,126.31,0.7900,0.59,DETECTED,TRACKING,0.00,0.00,5.0,4.43,0,0,0,1.000,0.000000,1.0000
926,0.033,431.98,181.51,,,111.98,-58.49,126.31,0.7900,0.58,DETECTED,TRACKING,0.00,0.00,5.0,6.95,0,0,0,1.000,0.000000,1.0000
927,0.033,431.99,181.51,,,111.99,-58.49,126.32,0.7900,0.59,DETECTED,TRACKING,0.00,0.00,4.9,3.68,0,0,0,1.000,0.000000,1.0000
928,0.033,431.99,181.5,,,111.99,-58.5,126.32,0.7900,0.59,DETECTED,TRACKING,0.00,0.00,4.5,7.81,0,0,0,1.000,0.000000,1.0000
929,0.033,432.02,181.5,,,112.02,-58.5,126.32,0.7900,0.58,DETECTED,TRACKING,0.00,0.00,4.3,5.65,0,0,0,1.000,0.000000,1.0000
930,0.033,432.02,181.5,,,112.02,-58.5,126.32,0.7900,0.58,DETECTED,TRACKING,0.00,0.00,5.3,5.47,0,0,0,1.000,0.000000,1.0000
931,0.033,432.02,181.5,,,112.02,-58.5,126.33,0.7900,0.59,DETECTED,TRACKING,0.00,0.00,4.0,8.62,0,0,0,1.000,0.000000,1.0000
932,0.033,432.02,181.49,,,112.02,-58.51,126.33,0.7900,0.59,DETECTED,TRACKING,0.00,0.00,5.4,4.80,0,0,0,1.000,0.000000,1.0000
933,0.033,432.02,181.5,,,112.02,-58.5,126.33,0.7900,0.58,DETECTED,TRACKING,0.00,0.00,5.9,4.27,0,0,0,1.000,0.000000,1.0000
934,0.033,432.02,181.5,,,112.02,-58.5,126.34,0.7900,0.59,DETECTED,TRACKING,0.00,0.00,2.9,4.23,0,0,0,1.000,0.000000,1.0000
935,0.033,432.03,181.5,,,112.03,-58.5,126.34,0.7900,0.58,DETECTED,TRACKING,0.00,0.00,5.7,3.52,0,0,0,1.000,0.000000,1.0000
936,0.033,432.0,181.49,,,112.0,-58.51,126.34,0.7900,0.58,DETECTED,TRACKING,0.00,0.00,5.3,3.50,0,0,0,1.000,0.000000,1.0000
937,0.033,432.0,181.49,,,112.0,-58.51,126.34,0.7900,0.58,DETECTED,TRACKING,0.00,0.00,5.8,5.65,0,0,0,1.000,0.000000,1.0000
938,0.033,432.0,181.5,,,112.0,-58.5,126.35,0.7900,0.59,DETECTED,TRACKING,0.00,0.00,5.9,3.57,0,0,0,1.000,0.000000,1.0000
939,0.033,432.0,181.5,,,112.0,-58.5,126.35,0.7900,0.58,DETECTED,TRACKING,0.00,0.00,5.8,3.59,0,0,0,1.000,0.000000,1.0000
940,0.033,432.0,181.5,,,112.0,-58.5,126.35,0.7900,0.58,DETECTED,TRACKING,0.00,0.00,6.4,4.76,0,0,0,1.000,0.000000,1.0000
941,0.033,432.01,181.5,,,112.01,-58.5,126.35,0.7900,0.58,DETECTED,TRACKING,0.00,0.00,5.4,4.20,0,0,0,1.000,0.000000,1.0000
942,0.033,431.99,181.5,,,111.99,-58.5,126.35,0.7900,0.59,DETECTED,TRACKING,0.00,0.00,5.8,3.79,0,0,0,1.000,0.000000,1.0000
943,0.033,431.98,181.5,,,111.98,-58.5,126.35,0.7900,0.59,DETECTED,TRACKING,0.00,0.00,5.3,5.40,0,0,0,1.000,0.000000,1.0000
944,0.033,431.99,181.5,,,111.99,-58.5,126.35,0.7900,0.59,DETECTED,TRACKING,0.00,0.00,5.8,3.60,0,0,0,1.000,0.000000,1.0000
945,0.033,432.01,181.5,,,112.01,-58.5,126.35,0.7900,0.59,DETECTED,TRACKING,0.00,0.00,5.3,3.49,0,0,0,1.000,0.000000,1.0000
946,0.033,432.02,181.5,,,112.02,-58.5,126.35,0.7900,0.57,DETECTED,TRACKING,0.00,0.00,6.4,6.50,0,0,0,1.000,0.000000,1.0000
947,0.033,432.02,181.5,,,112.02,-58.5,126.35,0.7900,0.58,DETECTED,TRACKING,0.00,0.00,4.3,3.79,0,0,0,1.000,0.000000,1.0000
948,0.033,432.0,181.5,,,112.0,-58.5,126.36,0.7900,0.59,DETECTED,TRACKING,0.00,0.00,4.1,9.71,0,0,0,1.000,0.000000,1.0000
949,0.033,432.0,181.5,,,112.0,-58.5,126.36,0.7900,0.58,DETECTED,TRACKING,0.00,0.00,4.6,8.25,0,0,0,1.000,0.000000,1.0000
950,0.033,432.0,181.5,,,112.0,-58.5,126.36,0.7900,0.59,DETECTED,TRACKING,0.00,0.00,5.8,4.69,0,0,0,1.000,0.000000,1.0000
951,0.033,431.99,181.5,,,111.99,-58.5,126.36,0.7900,0.59,DETECTED,TRACKING,0.00,0.00,4.8,3.42,0,0,0,1.000,0.000000,1.0000
952,0.033,431.97,181.49,,,111.97,-58.51,126.35,0.7900,0.58,DETECTED,TRACKING,0.00,0.00,5.7,5.24,0,0,0,1.000,0.000000,1.0000
953,0.033,431.98,181.5,,,111.98,-58.5,126.35,0.7900,0.58,DETECTED,TRACKING,0.00,0.00,5.8,8.07,0,0,0,1.000,0.000000,1.0000
954,0.033,431.98,181.5,,,111.98,-58.5,126.35,0.7900,0.58,DETECTED,TRACKING,0.00,0.00,4.9,4.68,0,0,0,1.000,0.000000,1.0000
955,0.033,431.99,181.5,,,111.99,-58.5,126.35,0.7900,0.58,DETECTED,TRACKING,0.00,0.00,3.6,3.82,0,0,0,1.000,0.000000,1.0000
956,0.033,431.99,181.5,,,111.99,-58.5,126.35,0.7900,0.58,DETECTED,TRACKING,0.00,0.00,5.8,3.69,0,0,0,1.000,0.000000,1.0000
957,0.033,432.01,181.49,,,112.01,-58.51,126.35,0.7900,0.58,DETECTED,TRACKING,0.00,0.00,5.8,7.56,0,0,0,1.000,0.000000,1.0000
958,0.033,432.01,181.5,,,112.01,-58.5,126.36,0.7900,0.60,DETECTED,TRACKING,0.00,0.00,4.0,7.35,0,0,0,1.000,0.000000,1.0000
959,0.033,432.01,181.5,,,112.01,-58.5,126.36,0.7900,0.59,DETECTED,TRACKING,0.00,0.00,3.5,5.70,0,0,0,1.000,0.000000,1.0000
960,0.033,432.01,181.5,,,112.01,-58.5,126.36,0.7900,0.58,DETECTED,TRACKING,0.00,0.00,5.8,7.97,0,0,0,1.000,0.000000,1.0000
961,0.033,432.03,181.49,,,112.03,-58.51,126.36,0.7900,0.58,DETECTED,TRACKING,0.00,0.00,4.3,6.37,0,0,0,1.000,0.000000,1.0000
962,0.033,432.03,181.49,,,112.03,-58.51,126.36,0.7900,0.59,DETECTED,TRACKING,0.00,0.00,5.4,5.13,0,0,0,1.000,0.000000,1.0000
963,0.033,432.02,181.49,,,112.02,-58.51,126.37,0.7900,0.58,DETECTED,TRACKING,0.00,0.00,4.6,3.63,0,0,0,1.000,0.000000,1.0000
964,0.033,432.01,181.49,,,112.01,-58.51,126.37,0.7900,0.58,DETECTED,TRACKING,0.00,0.00,5.4,4.19,0,0,0,1.000,0.000000,1.0000
965,0.033,432.05,181.49,,,112.05,-58.51,126.37,0.7900,0.58,DETECTED,TRACKING,0.00,0.00,5.4,3.76,0,0,0,1.000,0.000000,1.0000
966,0.033,432.05,181.49,,,112.05,-58.51,126.37,0.7900,0.58,DETECTED,TRACKING,0.00,0.00,5.9,6.16,0,0,0,1.000,0.000000,1.0000
967,0.033,432.07,181.5,,,112.07,-58.5,126.38,0.7900,0.58,DETECTED,TRACKING,0.00,0.00,4.9,4.68,0,0,0,1.000,0.000000,1.0000
968,0.033,432.07,181.5,,,112.07,-58.5,126.38,0.7900,0.58,DETECTED,TRACKING,0.00,0.00,5.8,4.85,0,0,0,1.000,0.000000,1.0000
969,0.033,432.09,181.51,,,112.09,-58.49,126.39,0.7900,0.58,DETECTED,TRACKING,0.00,0.00,4.6,5.26,0,0,0,1.000,0.000000,1.0000
970,0.033,432.1,181.51,,,112.1,-58.49,126.4,0.7910,0.58,DETECTED,TRACKING,0.00,0.00,2.8,3.91,0,0,0,1.000,0.000000,1.0000
971,0.033,432.1,181.5,,,112.1,-58.5,126.4,0.7910,0.59,DETECTED,TRACKING,0.00,0.00,4.2,8.38,0,0,0,1.000,0.000000,1.0000
972,0.033,432.09,181.5,,,112.09,-58.5,126.41,0.7910,0.58,DETECTED,TRACKING,0.00,0.00,4.5,13.79,0,0,0,1.000,0.000000,1.0000
973,0.033,432.09,181.5,,,112.09,-58.5,126.41,0.7910,0.59,DETECTED,TRACKING,0.00,0.00,3.2,8.24,0,0,0,1.000,0.000000,1.0000
974,0.033,432.08,181.5,,,112.08,-58.5,126.41,0.7910,0.58,DETECTED,TRACKING,0.00,0.00,4.0,5.72,0,0,0,1.000,0.000000,1.0000
975,0.033,432.08,181.5,,,112.08,-58.5,126.42,0.7910,0.58,DETECTED,TRACKING,0.00,0.00,3.2,8.40,0,0,0,1.000,0.000000,1.0000
976,0.033,432.07,181.5,,,112.07,-58.5,126.42,0.7910,0.59,DETECTED,TRACKING,0.00,0.00,3.4,4.41,0,0,0,1.000,0.000000,1.0000
977,0.033,432.07,181.5,,,112.07,-58.5,126.42,0.7910,0.58,DETECTED,TRACKING,0.00,0.00,4.0,5.53,0,0,0,1.000,0.000000,1.0000
978,0.033,432.06,181.5,,,112.06,-58.5,126.42,0.7910,0.58,DETECTED,TRACKING,0.00,0.00,3.6,12.80,0,0,0,1.000,0.000000,1.0000
979,0.033,432.06,181.5,,,112.06,-58.5,126.42,0.7910,0.59,DETECTED,TRACKING,0.00,0.00,4.0,10.40,0,0,0,1.000,0.000000,1.0000
980,0.033,432.08,181.5,,,112.08,-58.5,126.43,0.7910,0.58,DETECTED,TRACKING,0.00,0.00,3.8,6.67,0,0,0,1.000,0.000000,1.0000
981,0.033,432.13,181.5,,,112.13,-58.5,126.43,0.7910,0.58,DETECTED,TRACKING,0.00,0.00,3.4,34.39,0,0,0,1.000,0.000000,1.0000
982,0.033,432.12,181.5,,,112.12,-58.5,126.44,0.7910,0.60,DETECTED,TRACKING,0.00,0.00,2.2,30.90,0,0,0,1.000,0.000000,1.0000
983,0.033,432.08,181.5,,,112.08,-58.5,126.44,0.7910,0.58,DETECTED,TRACKING,0.00,0.00,1.9,3.54,0,0,0,1.000,0.000000,1.0000
984,0.033,432.08,181.5,,,112.08,-58.5,126.44,0.7910,0.59,DETECTED,TRACKING,0.00,0.00,4.5,6.60,0,0,0,1.000,0.000000,1.0000
985,0.033,432.07,181.5,,,112.07,-58.5,126.44,0.7910,0.59,DETECTED,TRACKING,0.00,0.00,5.2,5.96,0,0,0,1.000,0.000000,1.0000
986,0.033,432.06,181.5,,,112.06,-58.5,126.44,0.7910,0.58,DETECTED,TRACKING,0.00,0.00,5.0,5.47,0,0,0,1.000,0.000000,1.0000
987,0.033,432.05,181.5,,,112.05,-58.5,126.44,0.7910,0.58,DETECTED,TRACKING,0.00,0.00,4.3,5.74,0,0,0,1.000,0.000000,1.0000
988,0.033,432.02,181.5,,,112.02,-58.5,126.43,0.7910,0.58,DETECTED,TRACKING,0.00,0.00,4.6,5.28,0,0,0,1.000,0.000000,1.0000
989,0.033,432.03,181.5,,,112.03,-58.5,126.43,0.7910,0.59,DETECTED,TRACKING,0.00,0.00,3.7,7.97,0,0,0,1.000,0.000000,1.0000
990,0.033,432.03,181.5,,,112.03,-58.5,126.43,0.7910,0.59,DETECTED,TRACKING,0.00,0.00,3.3,5.01,0,0,0,1.000,0.000000,1.0000
991,0.033,432.0,181.51,,,112.0,-58.49,126.42,0.7910,0.58,DETECTED,TRACKING,0.00,0.00,4.0,4.42,0,0,0,1.000,0.000000,1.0000
992,0.033,432.0,181.5,,,112.0,-58.5,126.42,0.7910,0.59,DETECTED,TRACKING,0.00,0.00,5.3,7.73,0,0,0,1.000,0.000000,1.0000
993,0.033,432.0,181.5,,,112.0,-58.5,126.41,0.7910,0.58,DETECTED,TRACKING,0.00,0.00,3.3,5.07,0,0,0,1.000,0.000000,1.0000
994,0.033,432.01,181.51,,,112.01,-58.49,126.41,0.7910,0.58,DETECTED,TRACKING,0.00,0.00,4.2,7.44,0,0,0,1.000,0.000000,1.0000
995,0.033,432.0,181.51,,,112.0,-58.49,126.4,0.7910,0.58,DETECTED,TRACKING,0.00,0.00,2.9,10.50,0,0,0,1.000,0.000000,1.0000
996,0.033,432.04,181.5,,,112.04,-58.5,126.4,0.7910,0.58,DETECTED,TRACKING,0.00,0.00,4.2,4.67,0,0,0,1.000,0.000000,1.0000
997,0.033,432.07,181.49,,,112.07,-58.51,126.41,0.7910,0.59,DETECTED,TRACKING,0.00,0.00,4.1,8.41,0,0,0,1.000,0.000000,1.0000
998,0.033,432.06,181.49,,,112.06,-58.51,126.41,0.7910,0.59,DETECTED,TRACKING,0.00,0.00,2.3,4.50,0,0,0,1.000,0.000000,1.0000
999,0.033,432.06,181.49,,,112.06,-58.51,126.41,0.7910,0.58,DETECTED,TRACKING,0.00,0.00,3.1,5.03,0,0,0,1.000,0.000000,1.0000
1000,0.033,432.05,181.5,,,112.05,-58.5,126.41,0.7910,0.57,DETECTED,TRACKING,0.00,0.00,4.9,5.42,0,0,0,1.000,0.000000,1.0000
1001,0.033,432.06,181.5,,,112.06,-58.5,126.41,0.7910,0.59,DETECTED,TRACKING,0.00,0.00,4.6,5.05,0,0,0,1.000,0.000000,1.0000
1002,0.033,432.06,181.5,,,112.06,-58.5,126.41,0.7910,0.59,DETECTED,TRACKING,0.00,0.00,5.4,3.97,0,0,0,1.000,0.000000,1.0000
1003,0.033,432.06,181.5,,,112.06,-58.5,126.41,0.7910,0.58,DETECTED,TRACKING,0.00,0.00,5.2,4.73,0,0,0,1.000,0.000000,1.0000
1004,0.033,432.05,181.5,,,112.05,-58.5,126.41,0.7910,0.58,DETECTED,TRACKING,0.00,0.00,4.6,4.29,0,0,0,1.000,0.000000,1.0000
1005,0.033,432.04,181.5,,,112.04,-58.5,126.41,0.7910,0.59,DETECTED,TRACKING,0.00,0.00,5.3,4.12,0,0,0,1.000,0.000000,1.0000
1006,0.033,432.04,181.5,,,112.04,-58.5,126.41,0.7910,0.59,DETECTED,TRACKING,0.00,0.00,4.9,5.52,0,0,0,1.000,0.000000,1.0000
1007,0.033,432.04,181.5,,,112.04,-58.5,126.4,0.7910,0.58,DETECTED,TRACKING,0.00,0.00,4.1,4.07,0,0,0,1.000,0.000000,1.0000
1008,0.033,432.04,181.5,,,112.04,-58.5,126.4,0.7910,0.59,DETECTED,TRACKING,0.00,0.00,3.8,3.59,0,0,0,1.000,0.000000,1.0000
1009,0.033,432.02,181.5,,,112.02,-58.5,126.4,0.7910,0.59,DETECTED,TRACKING,0.00,0.00,5.9,14.45,0,0,0,1.000,0.000000,1.0000
1010,0.033,432.01,181.5,,,112.01,-58.5,126.4,0.7910,0.58,DETECTED,TRACKING,0.00,0.00,3.8,4.29,0,0,0,1.000,0.000000,1.0000
1011,0.033,432.0,181.5,,,112.0,-58.5,126.39,0.7910,0.58,DETECTED,TRACKING,0.00,0.00,3.2,4.33,0,0,0,1.000,0.000000,1.0000
1012,0.033,432.0,181.5,,,112.0,-58.5,126.39,0.7900,0.59,DETECTED,TRACKING,0.00,0.00,5.3,4.20,0,0,0,1.000,0.000000,1.0000
1013,0.033,431.98,181.5,,,111.98,-58.5,126.38,0.7900,0.58,DETECTED,TRACKING,0.00,0.00,5.8,3.77,0,0,0,1.000,0.000000,1.0000
1014,0.033,431.98,181.5,,,111.98,-58.5,126.38,0.7900,0.59,DETECTED,TRACKING,0.00,0.00,5.3,5.17,0,0,0,1.000,0.000000,1.0000
1015,0.033,431.98,181.5,,,111.98,-58.5,126.38,0.7900,0.58,DETECTED,TRACKING,0.00,0.00,5.4,5.71,0,0,0,1.000,0.000000,1.0000
1016,0.033,431.96,181.5,,,111.96,-58.5,126.37,0.7900,0.59,DETECTED,TRACKING,0.00,0.00,5.3,3.82,0,0,0,1.000,0.000000,1.0000
1017,0.033,431.95,181.49,,,111.95,-58.51,126.36,0.7900,0.59,DETECTED,TRACKING,0.00,0.00,5.9,3.89,0,0,0,1.000,0.000000,1.0000
1018,0.033,431.99,181.49,,,111.99,-58.51,126.36,0.7900,0.59,DETECTED,TRACKING,0.00,0.00,5.7,4.08,0,0,0,1.000,0.000000,1.0000
1019,0.033,432.0,181.49,,,112.0,-58.51,126.36,0.7900,0.58,DETECTED,TRACKING,0.00,0.00,5.8,4.15,0,0,0,1.000,0.000000,1.0000
1020,0.033,432.01,181.49,,,112.01,-58.51,126.36,0.7900,0.58,DETECTED,TRACKING,0.00,0.00,5.8,5.95,0,0,0,1.000,0.000000,1.0000
1021,0.033,432.04,181.49,,,112.04,-58.51,126.36,0.7900,0.58,DETECTED,TRACKING,0.00,0.00,5.9,6.62,0,0,0,1.000,0.000000,1.0000
1022,0.033,432.03,181.49,,,112.03,-58.51,126.36,0.7900,0.58,DETECTED,TRACKING,0.00,0.00,4.9,4.60,0,0,0,1.000,0.000000,1.0000
1023,0.033,432.05,181.49,,,112.05,-58.51,126.37,0.7900,0.58,DETECTED,TRACKING,0.00,0.00,5.4,5.42,0,0,0,1.000,0.000000,1.0000
1024,0.033,432.04,181.49,,,112.04,-58.51,126.37,0.7900,0.59,DETECTED,TRACKING,0.00,0.00,4.0,3.81,0,0,0,1.000,0.000000,1.0000
1025,0.033,432.05,181.49,,,112.05,-58.51,126.37,0.7900,0.59,DETECTED,TRACKING,0.00,0.00,5.6,5.42,0,0,0,1.000,0.000000,1.0000
1026,0.033,432.03,181.49,,,112.03,-58.51,126.37,0.7900,0.59,DETECTED,TRACKING,0.00,0.00,6.0,4.13,0,0,0,1.000,0.000000,1.0000
1027,0.033,432.03,181.49,,,112.03,-58.51,126.37,0.7900,0.59,DETECTED,TRACKING,0.00,0.00,5.8,7.18,0,0,0,1.000,0.000000,1.0000
1028,0.033,432.02,181.49,,,112.02,-58.51,126.37,0.7900,0.59,DETECTED,TRACKING,0.00,0.00,5.3,4.35,0,0,0,1.000,0.000000,1.0000
1029,0.033,432.03,181.49,,,112.03,-58.51,126.37,0.7900,0.59,DETECTED,TRACKING,0.00,0.00,6.4,3.78,0,0,0,1.000,0.000000,1.0000
1030,0.033,432.03,181.49,,,112.03,-58.51,126.37,0.7900,0.58,DETECTED,TRACKING,0.00,0.00,5.5,13.00,0,0,0,1.000,0.000000,1.0000
1031,0.033,432.02,181.49,,,112.02,-58.51,126.37,0.7900,0.59,DETECTED,TRACKING,0.00,0.00,5.3,6.49,0,0,0,1.000,0.000000,1.0000
1032,0.033,432.02,181.49,,,112.02,-58.51,126.37,0.7900,0.59,DETECTED,TRACKING,0.00,0.00,5.8,4.37,0,0,0,1.000,0.000000,1.0000
1033,0.033,431.99,181.49,,,111.99,-58.51,126.37,0.7900,0.59,DETECTED,TRACKING,0.00,0.00,4.9,3.61,0,0,0,1.000,0.000000,1.0000
1034,0.033,431.98,181.49,,,111.98,-58.51,126.37,0.7900,0.58,DETECTED,TRACKING,0.00,0.00,4.6,4.36,0,0,0,1.000,0.000000,1.0000
1035,0.033,431.98,181.49,,,111.98,-58.51,126.37,0.7900,0.57,DETECTED,TRACKING,0.00,0.00,5.0,5.70,0,0,0,1.000,0.000000,1.0000
1036,0.033,431.98,181.49,,,111.98,-58.51,126.36,0.7900,0.59,DETECTED,TRACKING,0.00,0.00,5.6,5.78,0,0,0,1.000,0.000000,1.0000
1037,0.033,431.98,181.49,,,111.98,-58.51,126.36,0.7900,0.58,DETECTED,TRACKING,0.00,0.00,4.1,4.40,0,0,0,1.000,0.000000,1.0000
1038,0.033,431.99,181.49,,,111.99,-58.51,126.36,0.7900,0.58,DETECTED,TRACKING,0.00,0.00,6.5,5.92,0,0,0,1.000,0.000000,1.0000
1039,0.033,432.0,181.48,,,112.0,-58.52,126.36,0.7900,0.58,DETECTED,TRACKING,0.00,0.00,5.3,4.39,0,0,0,1.000,0.000000,1.0000
1040,0.033,432.0,181.48,,,112.0,-58.52,126.36,0.7900,0.59,DETECTED,TRACKING,0.00,0.00,5.8,3.75,0,0,0,1.000,0.000000,1.0000
1041,0.033,432.01,181.48,,,112.01,-58.52,126.36,0.7900,0.59,DETECTED,TRACKING,0.00,0.00,5.7,3.50,0,0,0,1.000,0.000000,1.0000
1042,0.033,432.01,181.48,,,112.01,-58.52,126.36,0.7900,0.58,DETECTED,TRACKING,0.00,0.00,5.4,7.17,0,0,0,1.000,0.000000,1.0000
1043,0.033,432.01,181.48,,,112.01,-58.52,126.36,0.7900,0.58,DETECTED,TRACKING,0.00,0.00,5.0,4.90,0,0,0,1.000,0.000000,1.0000
1044,0.033,432.01,181.49,,,112.01,-58.51,126.36,0.7900,0.58,DETECTED,TRACKING,0.00,0.00,4.6,5.87,0,0,0,1.000,0.000000,1.0000
1045,0.033,431.99,181.49,,,111.99,-58.51,126.36,0.7900,0.58,DETECTED,TRACKING,0.00,0.00,4.8,5.49,0,0,0,1.000,0.000000,1.0000
1046,0.033,431.99,181.49,,,111.99,-58.51,126.36,0.7900,0.58,DETECTED,TRACKING,0.00,0.00,4.9,7.13,0,0,0,1.000,0.000000,1.0000
1047,0.033,432.04,181.48,,,112.04,-58.52,126.36,0.7900,0.59,DETECTED,TRACKING,0.00,0.00,4.3,4.53,0,0,0,1.000,0.000000,1.0000
1048,0.033,432.03,181.48,,,112.03,-58.52,126.36,0.7900,0.59,DETECTED,TRACKING,0.00,0.00,4.9,5.11,0,0,0,1.000,0.000000,1.0000
1049,0.033,432.03,181.48,,,112.03,-58.52,126.37,0.7900,0.58,DETECTED,TRACKING,0.00,0.00,4.6,5.80,0,0,0,1.000,0.000000,1.0000
1050,0.033,432.02,181.48,,,112.02,-58.52,126.37,0.7900,0.59,DETECTED,TRACKING,0.00,0.00,4.2,5.06,0,0,0,1.000,0.000000,1.0000
1051,0.033,432.02,181.48,,,112.02,-58.52,126.37,0.7900,0.58,DETECTED,TRACKING,0.00,0.00,5.3,5.08,0,0,0,1.000,0.000000,1.0000
1052,0.033,431.98,181.48,,,111.98,-58.52,126.37,0.7900,0.58,DETECTED,TRACKING,0.00,0.00,5.2,6.05,0,0,0,1.000,0.000000,1.0000
1053,0.033,431.97,181.49,,,111.97,-58.51,126.36,0.7900,0.58,DETECTED,TRACKING,0.00,0.00,4.7,6.53,0,0,0,1.000,0.000000,1.0000
1054,0.033,431.97,181.49,,,111.97,-58.51,126.36,0.7900,0.58,DETECTED,TRACKING,0.00,0.00,4.6,4.74,0,0,0,1.000,0.000000,1.0000
1055,0.033,431.96,181.49,,,111.96,-58.51,126.36,0.7900,0.59,DETECTED,TRACKING,0.00,0.00,4.9,6.26,0,0,0,1.000,0.000000,1.0000
1056,0.033,432.01,181.49,,,112.01,-58.51,126.36,0.7900,0.59,DETECTED,TRACKING,0.00,0.00,5.2,5.70,0,0,0,1.000,0.000000,1.0000
1057,0.033,432.01,181.49,,,112.01,-58.51,126.36,0.7900,0.60,DETECTED,TRACKING,0.00,0.00,4.8,6.38,0,0,0,1.000,0.000000,1.0000
1058,0.033,432.01,181.49,,,112.01,-58.51,126.36,0.7900,0.59,DETECTED,TRACKING,0.00,0.00,5.3,4.97,0,0,0,1.000,0.000000,1.0000
1059,0.033,432.0,181.49,,,112.0,-58.51,126.36,0.7900,0.58,DETECTED,TRACKING,0.00,0.00,4.6,4.35,0,0,0,1.000,0.000000,1.0000
1060,0.033,431.99,181.49,,,111.99,-58.51,126.36,0.7900,0.59,DETECTED,TRACKING,0.00,0.00,5.2,6.50,0,0,0,1.000,0.000000,1.0000
1061,0.033,431.99,181.49,,,111.99,-58.51,126.36,0.7900,0.59,DETECTED,TRACKING,0.00,0.00,4.6,4.52,0,0,0,1.000,0.000000,1.0000
1062,0.033,431.96,181.49,,,111.96,-58.51,126.36,0.7900,0.59,DETECTED,TRACKING,0.00,0.00,4.9,5.03,0,0,0,1.000,0.000000,1.0000
1063,0.033,431.96,181.49,,,111.96,-58.51,126.35,0.7900,0.58,DETECTED,TRACKING,0.00,0.00,5.3,4.44,0,0,0,1.000,0.000000,1.0000
1064,0.033,431.96,181.49,,,111.96,-58.51,126.35,0.7900,0.58,DETECTED,TRACKING,0.00,0.00,4.4,4.86,0,0,0,1.000,0.000000,1.0000
1065,0.033,431.96,181.49,,,111.96,-58.51,126.35,0.7900,0.58,DETECTED,TRACKING,0.00,0.00,4.4,7.01,0,0,0,1.000,0.000000,1.0000
1066,0.033,431.96,181.49,,,111.96,-58.51,126.34,0.7900,0.58,DETECTED,TRACKING,0.00,0.00,4.5,4.88,0,0,0,1.000,0.000000,1.0000
1067,0.033,431.96,181.49,,,111.96,-58.51,126.34,0.7900,0.59,DETECTED,TRACKING,0.00,0.00,4.2,7.84,0,0,0,1.000,0.000000,1.0000
1068,0.033,431.92,181.49,,,111.92,-58.51,126.34,0.7900,0.58,DETECTED,TRACKING,0.00,0.00,4.0,4.53,0,0,0,1.000,0.000000,1.0000
1069,0.033,431.93,181.49,,,111.93,-58.51,126.33,0.7900,0.59,DETECTED,TRACKING,0.00,0.00,4.3,4.85,0,0,0,1.000,0.000000,1.0000
1070,0.033,431.93,181.49,,,111.93,-58.51,126.33,0.7900,0.58,DETECTED,TRACKING,0.00,0.00,4.5,5.27,0,0,0,1.000,0.000000,1.0000
1071,0.033,431.91,181.49,,,111.91,-58.51,126.32,0.7900,0.58,DETECTED,TRACKING,0.00,0.00,4.9,8.14,0,0,0,1.000,0.000000,1.0000
1072,0.033,431.92,181.49,,,111.92,-58.51,126.32,0.7900,0.58,DETECTED,TRACKING,0.00,0.00,3.4,16.57,0,0,0,1.000,0.000000,1.0000
1073,0.033,431.9,181.49,,,111.9,-58.51,126.31,0.7900,0.58,DETECTED,TRACKING,0.00,0.00,1.5,51.90,0,0,0,1.000,0.000000,1.0000
1074,0.033,431.92,181.49,,,111.92,-58.51,126.31,0.7900,0.58,DETECTED,TRACKING,0.00,0.00,2.2,13.21,0,0,0,1.000,0.000000,1.0000
1075,0.033,431.91,181.49,,,111.91,-58.51,126.3,0.7900,0.58,DETECTED,TRACKING,0.00,0.00,1.7,21.86,0,0,0,1.000,0.000000,1.0000
1076,0.033,431.91,181.48,,,111.91,-58.52,126.3,0.7900,0.58,DETECTED,TRACKING,0.00,0.00,2.3,199.86,0,0,0,1.000,0.000000,1.0000
1077,0.033,431.91,181.49,,,111.91,-58.51,126.3,0.7900,0.59,DETECTED,TRACKING,0.00,0.00,0.8,6.67,0,0,0,1.000,0.000000,1.0000
1078,0.033,431.94,181.48,,,111.94,-58.52,126.3,0.7900,0.58,DETECTED,TRACKING,0.00,0.00,1.1,6.95,0,0,0,1.000,0.000000,1.0000
1079,0.033,431.94,181.49,,,111.94,-58.51,126.3,0.7900,0.59,DETECTED,TRACKING,0.00,0.00,0.5,14.36,0,0,0,1.000,0.000000,1.0000
1080,0.033,431.95,181.48,,,111.95,-58.52,126.3,0.7900,0.58,DETECTED,TRACKING,0.00,0.00,0.8,143.53,0,0,0,1.000,0.000000,1.0000
1081,0.033,431.95,181.48,,,111.95,-58.52,126.3,0.7900,0.59,DETECTED,TRACKING,0.00,0.00,0.7,16.01,0,0,0,1.000,0.000000,1.0000
1082,0.033,431.93,181.48,,,111.93,-58.52,126.3,0.7900,0.58,DETECTED,TRACKING,0.00,0.00,0.8,15.10,0,0,0,1.000,0.000000,1.0000
1083,0.033,431.91,181.47,,,111.91,-58.53,126.29,0.7900,0.59,DETECTED,TRACKING,0.00,0.00,1.1,12.53,0,0,0,1.000,0.000000,1.0000
1084,0.033,431.96,181.48,,,111.96,-58.52,126.3,0.7900,0.58,DETECTED,TRACKING,0.00,0.00,1.2,11.26,0,0,0,1.000,0.000000,1.0000
1085,0.033,432.01,181.48,,,112.01,-58.52,126.3,0.7900,0.58,DETECTED,TRACKING,0.00,0.00,0.9,6.60,0,0,0,1.000,0.000000,1.0000
1086,0.033,431.99,181.48,,,111.99,-58.52,126.3,0.7900,0.59,DETECTED,TRACKING,0.00,0.00,3.0,12.35,0,0,0,1.000,0.000000,1.0000
1087,0.033,431.99,181.48,,,111.99,-58.52,126.31,0.7900,0.59,DETECTED,TRACKING,0.00,0.00,3.4,4.97,0,0,0,1.000,0.000000,1.0000
1088,0.033,432.0,181.49,,,112.0,-58.51,126.31,0.7900,0.58,DETECTED,TRACKING,0.00,0.00,4.0,5.06,0,0,0,1.000,0.000000,1.0000
1089,0.033,432.0,181.49,,,112.0,-58.51,126.32,0.7900,0.58,DETECTED,TRACKING,0.00,0.00,3.6,7.52,0,0,0,1.000,0.000000,1.0000
1090,0.033,432.0,181.49,,,112.0,-58.51,126.32,0.7900,0.58,DETECTED,TRACKING,0.00,0.00,4.3,6.06,0,0,0,1.000,0.000000,1.0000
1091,0.033,431.99,181.49,,,111.99,-58.51,126.32,0.7900,0.59,DETECTED,TRACKING,0.00,0.00,3.2,12.50,0,0,0,1.000,0.000000,1.0000
1092,0.033,431.99,181.49,,,111.99,-58.51,126.33,0.7900,0.59,DETECTED,TRACKING,0.00,0.00,3.8,6.72,0,0,0,1.000,0.000000,1.0000
1093,0.033,431.98,181.49,,,111.98,-58.51,126.33,0.7900,0.59,DETECTED,TRACKING,0.00,0.00,3.6,303.35,0,0,0,1.000,0.000000,1.0000
1094,0.033,432.01,181.49,,,112.01,-58.51,126.33,0.7900,0.58,DETECTED,TRACKING,0.00,0.00,1.0,26.39,0,0,0,1.000,0.000000,1.0000
1095,0.033,432.01,181.49,,,112.01,-58.51,126.33,0.7900,0.59,DETECTED,TRACKING,0.00,0.00,2.5,38.65,0,0,0,1.000,0.000000,1.0000
1096,0.033,432.05,181.5,,,112.05,-58.5,126.34,0.7900,0.59,DETECTED,TRACKING,0.00,0.00,1.5,32.94,0,0,0,1.000,0.000000,1.0000
1097,0.033,432.04,181.5,,,112.04,-58.5,126.35,0.7900,0.59,DETECTED,TRACKING,0.00,0.00,2.3,5.53,0,0,0,1.000,0.000000,1.0000
1098,0.033,432.04,181.5,,,112.04,-58.5,126.35,0.7900,0.58,DETECTED,TRACKING,0.00,0.00,2.7,8.46,0,0,0,1.000,0.000000,1.0000
1099,0.033,432.03,181.51,,,112.03,-58.49,126.35,0.7900,0.58,DETECTED,TRACKING,0.00,0.00,3.0,11.66,0,0,0,1.000,0.000000,1.0000
1100,0.033,432.03,181.51,,,112.03,-58.49,126.36,0.7900,0.58,DETECTED,TRACKING,0.00,0.00,2.0,32.93,0,0,0,1.000,0.000000,1.0000
1101,0.033,432.03,181.51,,,112.03,-58.49,126.36,0.7900,0.59,DETECTED,TRACKING,0.00,0.00,1.8,5.39,0,0,0,1.000,0.000000,1.0000
1102,0.033,432.03,181.51,,,112.03,-58.49,126.36,0.7900,0.59,DETECTED,TRACKING,0.00,0.00,2.9,5.03,0,0,0,1.000,0.000000,1.0000
1103,0.033,432.04,181.51,,,112.04,-58.49,126.37,0.7900,0.59,DETECTED,TRACKING,0.00,0.00,4.0,10.24,0,0,0,1.000,0.000000,1.0000
1104,0.033,432.04,181.51,,,112.04,-58.49,126.37,0.7900,0.59,DETECTED,TRACKING,0.00,0.00,4.0,9.62,0,0,0,1.000,0.000000,1.0000
1105,0.033,432.06,181.51,,,112.06,-58.49,126.38,0.7900,0.58,DETECTED,TRACKING,0.00,0.00,3.7,7.78,0,0,0,1.000,0.000000,1.0000
1106,0.033,432.07,181.51,,,112.07,-58.49,126.38,0.7900,0.58,DETECTED,TRACKING,0.00,0.00,2.8,9.21,0,0,0,1.000,0.000000,1.0000
1107,0.033,432.07,181.51,,,112.07,-58.49,126.39,0.7900,0.58,DETECTED,TRACKING,0.00,0.00,2.7,9.84,0,0,0,1.000,0.000000,1.0000
1108,0.033,432.05,181.5,,,112.05,-58.5,126.39,0.7900,0.59,DETECTED,TRACKING,0.00,0.00,0.8,7.40,0,0,0,1.000,0.000000,1.0000
1109,0.033,432.05,181.5,,,112.05,-58.5,126.39,0.7910,0.58,DETECTED,TRACKING,0.00,0.00,0.9,9.13,0,0,0,1.000,0.000000,1.0000
1110,0.033,432.06,181.5,,,112.06,-58.5,126.4,0.7910,0.58,DETECTED,TRACKING,0.00,0.00,2.2,4.91,0,0,0,1.000,0.000000,1.0000
1111,0.033,432.06,181.5,,,112.06,-58.5,126.4,0.7910,0.59,DETECTED,TRACKING,0.00,0.00,3.1,5.64,0,0,0,1.000,0.000000,1.0000
1112,0.033,432.07,181.51,,,112.07,-58.49,126.4,0.7910,0.59,DETECTED,TRACKING,0.00,0.00,2.6,10.98,0,0,0,1.000,0.000000,1.0000
1113,0.033,432.06,181.51,,,112.06,-58.49,126.4,0.7910,0.59,DETECTED,TRACKING,0.00,0.00,2.8,5.08,0,0,0,1.000,0.000000,1.0000
1114,0.033,432.05,181.51,,,112.05,-58.49,126.41,0.7910,0.59,DETECTED,TRACKING,0.00,0.00,3.6,7.76,0,0,0,1.000,0.000000,1.0000
1115,0.033,432.05,181.51,,,112.05,-58.49,126.41,0.7910,0.59,DETECTED,TRACKING,0.00,0.00,3.3,8.68,0,0,0,1.000,0.000000,1.0000
1116,0.033,432.03,181.51,,,112.03,-58.49,126.41,0.7910,0.58,DETECTED,TRACKING,0.00,0.00,1.9,9.86,0,0,0,1.000,0.000000,1.0000
1117,0.033,432.02,181.51,,,112.02,-58.49,126.41,0.7910,0.58,DETECTED,TRACKING,0.00,0.00,1.8,5.34,0,0,0,1.000,0.000000,1.0000
1118,0.033,432.02,181.51,,,112.02,-58.49,126.4,0.7910,0.59,DETECTED,TRACKING,0.00,0.00,2.1,8.13,0,0,0,1.000,0.000000,1.0000
1119,0.033,432.02,181.51,,,112.02,-58.49,126.4,0.7910,0.58,DETECTED,TRACKING,0.00,0.00,1.5,11.07,0,0,0,1.000,0.000000,1.0000
1120,0.033,432.02,181.51,,,112.02,-58.49,126.4,0.7910,0.58,DETECTED,TRACKING,0.00,0.00,2.9,8.09,0,0,0,1.000,0.000000,1.0000
1121,0.033,432.02,181.51,,,112.02,-58.49,126.4,0.7910,0.58,DETECTED,TRACKING,0.00,0.00,3.6,5.65,0,0,0,1.000,0.000000,1.0000
1122,0.033,432.01,181.5,,,112.01,-58.5,126.4,0.7910,0.58,DETECTED,TRACKING,0.00,0.00,4.6,14.41,0,0,0,1.000,0.000000,1.0000
1123,0.033,432.01,181.5,,,112.01,-58.5,126.4,0.7910,0.60,DETECTED,TRACKING,0.00,0.00,2.3,4.87,0,0,0,1.000,0.000000,1.0000
1124,0.033,432.01,181.5,,,112.01,-58.5,126.4,0.7910,0.58,DETECTED,TRACKING,0.00,0.00,1.2,5.03,0,0,0,1.000,0.000000,1.0000
1125,0.033,432.01,181.5,,,112.01,-58.5,126.39,0.7910,0.59,DETECTED,TRACKING,0.00,0.00,4.0,4.84,0,0,0,1.000,0.000000,1.0000
1126,0.033,432.01,181.51,,,112.01,-58.49,126.39,0.7910,0.59,DETECTED,TRACKING,0.00,0.00,4.6,8.26,0,0,0,1.000,0.000000,1.0000
1127,0.033,432.03,181.51,,,112.03,-58.49,126.39,0.7910,0.57,DETECTED,TRACKING,0.00,0.00,3.8,7.71,0,0,0,1.000,0.000000,1.0000
1128,0.033,432.03,181.52,,,112.03,-58.48,126.39,0.7910,0.58,DETECTED,TRACKING,0.00,0.00,3.5,6.45,0,0,0,1.000,0.000000,1.0000
1129,0.033,432.05,181.51,,,112.05,-58.49,126.39,0.7910,0.59,DETECTED,TRACKING,0.00,0.00,3.8,17.56,0,0,0,1.000,0.000000,1.0000
1130,0.033,432.06,181.51,,,112.06,-58.49,126.39,0.7910,0.59,DETECTED,TRACKING,0.00,0.00,2.6,57.00,0,0,0,1.000,0.000000,1.0000
1131,0.033,432.05,181.51,,,112.05,-58.49,126.39,0.7910,0.59,DETECTED,TRACKING,0.00,0.00,1.7,13.62,0,0,0,1.000,0.000000,1.0000
1132,0.033,432.05,181.51,,,112.05,-58.49,126.4,0.7910,0.59,DETECTED,TRACKING,0.00,0.00,1.6,17.05,0,0,0,1.000,0.000000,1.0000
1133,0.033,432.05,181.51,,,112.05,-58.49,126.4,0.7910,0.59,DETECTED,TRACKING,0.00,0.00,1.9,15.36,0,0,0,1.000,0.000000,1.0000
1134,0.033,432.05,181.51,,,112.05,-58.49,126.4,0.7910,0.58,DETECTED,TRACKING,0.00,0.00,1.4,7.45,0,0,0,1.000,0.000000,1.0000
1135,0.033,432.03,181.51,,,112.03,-58.49,126.4,0.7910,0.58,DETECTED,TRACKING,0.00,0.00,0.3,11.25,0,0,0,1.000,0.000000,1.0000
1136,0.033,432.01,181.51,,,112.01,-58.49,126.39,0.7910,0.58,DETECTED,TRACKING,0.00,0.00,0.7,11.31,0,0,0,1.000,0.000000,1.0000
1137,0.033,431.99,181.51,,,111.99,-58.49,126.39,0.7910,0.58,DETECTED,TRACKING,0.00,0.00,0.7,12.39,0,0,0,1.000,0.000000,1.0000
1138,0.033,431.99,181.5,,,111.99,-58.5,126.39,0.7900,0.59,DETECTED,TRACKING,0.00,0.00,1.3,6.62,0,0,0,1.000,0.000000,1.0000
1139,0.033,432.0,181.5,,,112.0,-58.5,126.38,0.7900,0.58,DETECTED,TRACKING,0.00,0.00,2.4,5.48,0,0,0,1.000,0.000000,1.0000
1140,0.033,432.0,181.5,,,112.0,-58.5,126.38,0.7900,0.59,DETECTED,TRACKING,0.00,0.00,2.7,13.21,0,0,0,1.000,0.000000,1.0000
1141,0.033,432.02,181.5,,,112.02,-58.5,126.38,0.7900,0.58,DETECTED,TRACKING,0.00,0.00,2.4,10.85,0,0,0,1.000,0.000000,1.0000
1142,0.033,432.01,181.5,,,112.01,-58.5,126.38,0.7900,0.58,DETECTED,TRACKING,0.00,0.00,2.5,8.96,0,0,0,1.000,0.000000,1.0000
1143,0.033,432.05,181.5,,,112.05,-58.5,126.38,0.7900,0.59,DETECTED,TRACKING,0.00,0.00,3.1,17.03,0,0,0,1.000,0.000000,1.0000
1144,0.033,432.01,181.5,,,112.01,-58.5,126.38,0.7900,0.58,DETECTED,TRACKING,0.00,0.00,2.0,7.86,0,0,0,1.000,0.000000,1.0000
1145,0.033,431.99,181.49,,,111.99,-58.51,126.38,0.7900,0.58,DETECTED,TRACKING,0.00,0.00,1.8,9.56,0,0,0,1.000,0.000000,1.0000
1146,0.033,432.01,181.49,,,112.01,-58.51,126.38,0.7900,0.58,DETECTED,TRACKING,0.00,0.00,2.3,6.72,0,0,0,1.000,0.000000,1.0000
1147,0.033,432.01,181.49,,,112.01,-58.51,126.38,0.7900,0.58,DETECTED,TRACKING,0.00,0.00,2.3,5.37,0,0,0,1.000,0.000000,1.0000
1148,0.033,432.0,181.48,,,112.0,-58.52,126.37,0.7900,0.59,DETECTED,TRACKING,0.00,0.00,2.5,6.15,0,0,0,1.000,0.000000,1.0000
1149,0.033,431.99,181.48,,,111.99,-58.52,126.37,0.7900,0.59,DETECTED,TRACKING,0.00,0.00,2.8,9.21,0,0,0,1.000,0.000000,1.0000
1150,0.033,431.98,181.48,,,111.98,-58.52,126.37,0.7900,0.59,DETECTED,TRACKING,0.00,0.00,2.9,30.30,0,0,0,1.000,0.000000,1.0000
1151,0.033,431.99,181.48,,,111.99,-58.52,126.37,0.7900,0.58,DETECTED,TRACKING,0.00,0.00,1.0,9.26,0,0,0,1.000,0.000000,1.0000
1152,0.033,431.98,181.49,,,111.98,-58.51,126.37,0.7900,0.59,DETECTED,TRACKING,0.00,0.00,1.3,71.35,0,0,0,1.000,0.000000,1.0000
1153,0.033,431.98,181.49,,,111.98,-58.51,126.36,0.7900,0.58,DETECTED,TRACKING,0.00,0.00,0.7,133.55,0,0,0,1.000,0.000000,1.0000
1154,0.033,431.95,181.49,,,111.95,-58.51,126.36,0.7900,0.58,DETECTED,TRACKING,0.00,0.00,0.5,10.22,0,0,0,1.000,0.000000,1.0000
1155,0.033,431.94,181.49,,,111.94,-58.51,126.35,0.7900,0.58,DETECTED,TRACKING,0.00,0.00,0.5,11.53,0,0,0,1.000,0.000000,1.0000
1156,0.033,431.95,181.49,,,111.95,-58.51,126.35,0.7900,0.59,DETECTED,TRACKING,0.00,0.00,0.3,9.12,0,0,0,1.000,0.000000,1.0000
1157,0.033,431.97,181.48,,,111.97,-58.52,126.35,0.7900,0.59,DETECTED,TRACKING,0.00,0.00,0.8,7.49,0,0,0,1.000,0.000000,1.0000
1158,0.033,431.98,181.47,,,111.98,-58.53,126.35,0.7900,0.59,DETECTED,TRACKING,0.00,0.00,1.1,15.85,0,0,0,1.000,0.000000,1.0000
1159,0.033,431.98,181.47,,,111.98,-58.53,126.35,0.7900,0.58,DETECTED,TRACKING,0.00,0.00,1.0,35.49,0,0,0,1.000,0.000000,1.0000
1160,0.033,431.99,181.47,,,111.99,-58.53,126.35,0.7900,0.59,DETECTED,TRACKING,0.00,0.00,1.7,14.85,0,0,0,1.000,0.000000,1.0000
1161,0.033,431.99,181.47,,,111.99,-58.53,126.35,0.7900,0.59,DETECTED,TRACKING,0.00,0.00,1.4,13.79,0,0,0,1.000,0.000000,1.0000
1162,0.033,432.0,181.47,,,112.0,-58.53,126.35,0.7900,0.59,DETECTED,TRACKING,0.00,0.00,2.5,23.79,0,0,0,1.000,0.000000,1.0000
1163,0.033,432.01,181.47,,,112.01,-58.53,126.35,0.7900,0.58,DETECTED,TRACKING,0.00,0.00,2.6,9.76,0,0,0,1.000,0.000000,1.0000
1164,0.033,432.0,181.47,,,112.0,-58.53,126.35,0.7900,0.58,DETECTED,TRACKING,0.00,0.00,2.4,6.21,0,0,0,1.000,0.000000,1.0000
1165,0.033,431.96,181.47,,,111.96,-58.53,126.35,0.7900,0.58,DETECTED,TRACKING,0.00,0.00,2.2,8.35,0,0,0,1.000,0.000000,1.0000
1166,0.033,431.96,181.48,,,111.96,-58.52,126.35,0.7900,0.58,DETECTED,TRACKING,0.00,0.00,2.0,8.19,0,0,0,1.000,0.000000,1.0000
1167,0.033,431.98,181.49,,,111.98,-58.51,126.35,0.7900,0.58,DETECTED,TRACKING,0.00,0.00,2.2,15.61,0,0,0,1.000,0.000000,1.0000
1168,0.033,431.98,181.49,,,111.98,-58.51,126.34,0.7900,0.59,DETECTED,TRACKING,0.00,0.00,1.8,9.20,0,0,0,1.000,0.000000,1.0000
1169,0.033,431.98,181.49,,,111.98,-58.51,126.34,0.7900,0.59,DETECTED,TRACKING,0.00,0.00,2.3,8.81,0,0,0,1.000,0.000000,1.0000
1170,0.033,431.98,181.49,,,111.98,-58.51,126.34,0.7900,0.58,DETECTED,TRACKING,0.00,0.00,2.3,13.45,0,0,0,1.000,0.000000,1.0000
1171,0.033,432.01,181.49,,,112.01,-58.51,126.34,0.7900,0.59,DETECTED,TRACKING,0.00,0.00,3.2,6.35,0,0,0,1.000,0.000000,1.0000
1172,0.033,432.0,181.49,,,112.0,-58.51,126.35,0.7900,0.59,DETECTED,TRACKING,0.00,0.00,2.6,6.31,0,0,0,1.000,0.000000,1.0000
1173,0.033,431.97,181.49,,,111.97,-58.51,126.34,0.7900,0.58,DETECTED,TRACKING,0.00,0.00,2.7,6.06,0,0,0,1.000,0.000000,1.0000
1174,0.033,431.97,181.49,,,111.97,-58.51,126.34,0.7900,0.59,DETECTED,TRACKING,0.00,0.00,3.0,6.40,0,0,0,1.000,0.000000,1.0000
1175,0.033,431.98,181.49,,,111.98,-58.51,126.34,0.7900,0.58,DETECTED,TRACKING,0.00,0.00,2.7,9.99,0,0,0,1.000,0.000000,1.0000
1176,0.033,431.98,181.5,,,111.98,-58.5,126.34,0.7900,0.59,DETECTED,TRACKING,0.00,0.00,2.3,51.67,0,0,0,1.000,0.000000,1.0000
1177,0.033,431.98,181.5,,,111.98,-58.5,126.34,0.7900,0.58,DETECTED,TRACKING,0.00,0.00,1.0,21.01,0,0,0,1.000,0.000000,1.0000
1178,0.033,431.99,181.5,,,111.99,-58.5,126.34,0.7900,0.58,DETECTED,TRACKING,0.00,0.00,0.9,8.33,0,0,0,1.000,0.000000,1.0000
1179,0.033,432.0,181.5,,,112.0,-58.5,126.34,0.7900,0.58,DETECTED,TRACKING,0.00,0.00,0.9,31.05,0,0,0,1.000,0.000000,1.0000
1180,0.033,432.0,181.5,,,112.0,-58.5,126.34,0.7900,0.59,DETECTED,TRACKING,0.00,0.00,1.3,6.34,0,0,0,1.000,0.000000,1.0000
1181,0.033,432.0,181.5,,,112.0,-58.5,126.34,0.7900,0.58,DETECTED,TRACKING,0.00,0.00,1.7,14.84,0,0,0,1.000,0.000000,1.0000
1182,0.033,432.0,181.5,,,112.0,-58.5,126.34,0.7900,0.58,DETECTED,TRACKING,0.00,0.00,1.0,34.10,0,0,0,1.000,0.000000,1.0000
1183,0.033,431.97,181.5,,,111.97,-58.5,126.34,0.7900,0.58,DETECTED,TRACKING,0.00,0.00,1.3,12.56,0,0,0,1.000,0.000000,1.0000
1184,0.033,431.97,181.5,,,111.97,-58.5,126.34,0.7900,0.58,DETECTED,TRACKING,0.00,0.00,1.5,13.75,0,0,0,1.000,0.000000,1.0000
1185,0.033,431.99,181.51,,,111.99,-58.49,126.34,0.7900,0.59,DETECTED,TRACKING,0.00,0.00,1.1,9.17,0,0,0,1.000,0.000000,1.0000
1186,0.033,432.02,181.5,,,112.02,-58.5,126.34,0.7900,0.58,DETECTED,TRACKING,0.00,0.00,1.6,10.56,0,0,0,1.000,0.000000,1.0000
1187,0.033,432.02,181.49,,,112.02,-58.51,126.35,0.7900,0.59,DETECTED,TRACKING,0.00,0.00,0.9,10.31,0,0,0,1.000,0.000000,1.0000
1188,0.033,432.01,181.49,,,112.01,-58.51,126.35,0.7900,0.59,DETECTED,TRACKING,0.00,0.00,0.9,5.94,0,0,0,1.000,0.000000,1.0000
1189,0.033,432.02,181.49,,,112.02,-58.51,126.35,0.7900,0.59,DETECTED,TRACKING,0.00,0.00,1.2,27.46,0,0,0,1.000,0.000000,1.0000
1190,0.033,432.02,181.49,,,112.02,-58.51,126.35,0.7900,0.59,DETECTED,TRACKING,0.00,0.00,1.6,15.24,0,0,0,1.000,0.000000,1.0000
1191,0.033,432.02,181.5,,,112.02,-58.5,126.36,0.7900,0.58,DETECTED,TRACKING,0.00,0.00,0.8,47.70,0,0,0,1.000,0.000000,1.0000
1192,0.033,432.0,181.49,,,112.0,-58.51,126.36,0.7900,0.57,DETECTED,TRACKING,0.00,0.00,0.8,14.70,0,0,0,1.000,0.000000,1.0000
1193,0.033,432.03,181.49,,,112.03,-58.51,126.36,0.7900,0.59,DETECTED,TRACKING,0.00,0.00,0.4,14.72,0,0,0,1.000,0.000000,1.0000
1194,0.033,432.02,181.49,,,112.02,-58.51,126.36,0.7900,0.59,DETECTED,TRACKING,0.00,0.00,0.9,9.49,0,0,0,1.000,0.000000,1.0000
1195,0.033,432.02,181.49,,,112.02,-58.51,126.36,0.7900,0.58,DETECTED,TRACKING,0.00,0.00,1.0,92.35,0,0,0,1.000,0.000000,1.0000
1196,0.033,432.01,181.49,,,112.01,-58.51,126.36,0.7900,0.58,DETECTED,TRACKING,0.00,0.00,1.3,10.21,0,0,0,1.000,0.000000,1.0000
1197,0.033,432.01,181.49,,,112.01,-58.51,126.37,0.7900,0.57,DETECTED,TRACKING,0.00,0.00,0.7,6.69,0,0,0,1.000,0.000000,1.0000
1198,0.033,432.02,181.48,,,112.02,-58.52,126.37,0.7900,0.58,DETECTED,TRACKING,0.00,0.00,1.1,6.13,0,0,0,1.000,0.000000,1.0000
1199,0.033,432.04,181.48,,,112.04,-58.52,126.37,0.7900,0.59,DETECTED,TRACKING,0.00,0.00,1.3,6.15,0,0,0,1.000,0.000000,1.0000
1200,0.033,432.03,181.48,,,112.03,-58.52,126.37,0.7900,0.59,DETECTED,TRACKING,0.00,0.00,2.2,7.61,0,0,0,1.000,0.000000,1.0000