frame_number,timestamp_s,centroid_x,centroid_y,reference_x,reference_y,error_x_px,error_y_px,total_error_px,angular_error_deg,confidence,detection_status,tracking_state,pan_deg,tilt_deg,fps,processing_time_ms,slew_saturated,gimbal_limit,is_link_blocked,range_km,angular_rate_deg_s,atmosphere_path_frac
1,15.233,321.0,246.0,321.0,246.0,1.0,6.0,7.35,0.0460,0.97,DETECTED,LOCKED,13.70,14.17,17.5,4.42,0,0,0,1.000,0.000000,1.0000
2,15.267,317.0,248.0,317.0,248.0,-3.0,8.0,7.37,0.0460,0.98,DETECTED,LOCKED,13.76,14.05,20.1,3.50,0,0,0,1.000,0.000000,1.0000
3,15.300,319.0,247.0,319.0,247.0,-1.0,7.0,7.35,0.0460,0.97,DETECTED,LOCKED,13.79,13.93,16.6,3.29,0,0,0,1.000,0.000000,1.0000
4,15.333,321.0,247.0,321.0,247.0,1.0,7.0,7.35,0.0460,0.97,DETECTED,LOCKED,13.82,13.80,24.2,5.40,0,0,0,1.000,0.000000,1.0000
5,15.367,322.0,247.0,322.0,247.0,2.0,7.0,7.36,0.0470,0.97,DETECTED,LOCKED,13.85,13.67,13.7,2.75,0,0,0,1.000,0.000000,1.0000
6,15.400,324.0,246.0,324.0,246.0,4.0,6.0,7.31,0.0460,0.97,DETECTED,LOCKED,13.88,13.55,17.8,4.34,0,0,0,1.000,0.000000,1.0000
7,15.433,324.0,247.0,324.0,247.0,4.0,7.0,7.36,0.0460,0.97,DETECTED,LOCKED,13.91,13.42,20.1,4.86,0,0,0,1.000,0.000000,1.0000
8,15.467,322.0,247.0,322.0,247.0,2.0,7.0,7.37,0.0460,0.97,DETECTED,LOCKED,13.97,13.30,16.8,3.85,0,0,0,1.000,0.000000,1.0000
9,15.500,319.0,247.0,319.0,247.0,-1.0,7.0,7.33,0.0460,0.97,DETECTED,LOCKED,14.03,13.17,16.9,6.81,0,0,0,1.000,0.000000,1.0000
10,15.533,320.0,249.0,320.0,249.0,0.0,9.0,7.48,0.0470,0.97,DETECTED,LOCKED,14.06,13.04,18.6,5.31,0,0,0,1.000,0.000000,1.0000
11,15.567,322.0,248.0,322.0,248.0,2.0,8.0,7.57,0.0480,0.97,DETECTED,LOCKED,14.09,12.91,18.6,2.92,0,0,0,1.000,0.000000,1.0000
12,15.600,324.0,248.0,324.0,248.0,4.0,8.0,7.69,0.0480,0.97,DETECTED,LOCKED,14.12,12.78,18.8,7.93,0,0,0,1.000,0.000000,1.0000
13,15.633,320.0,248.0,320.0,248.0,0.0,8.0,7.74,0.0490,0.98,DETECTED,LOCKED,14.18,12.65,9.1,5.74,0,0,0,1.000,0.000000,1.0000
14,15.667,322.0,247.0,322.0,247.0,2.0,7.0,7.72,0.0480,0.97,DETECTED,LOCKED,14.21,12.51,17.4,5.69,0,0,0,1.000,0.000000,1.0000
15,15.700,323.0,247.0,323.0,247.0,3.0,7.0,7.73,0.0480,0.98,DETECTED,LOCKED,14.25,12.38,17.4,2.68,0,0,0,1.000,0.000000,1.0000
16,15.733,320.0,246.0,320.0,246.0,0.0,6.0,7.59,0.0480,0.97,DETECTED,LOCKED,14.31,12.24,12.6,5.86,0,0,0,1.000,0.000000,1.0000
17,15.767,322.0,246.0,322.0,246.0,2.0,6.0,7.5,0.0470,0.97,DETECTED,LOCKED,14.34,12.11,17.9,3.49,0,0,0,1.000,0.000000,1.0000
18,15.800,322.0,248.0,322.0,248.0,2.0,8.0,7.58,0.0470,0.97,DETECTED,LOCKED,14.37,11.97,15.0,5.12,0,0,0,1.000,0.000000,1.0000
19,15.833,320.0,247.0,320.0,247.0,0.0,7.0,7.53,0.0470,0.98,DETECTED,LOCKED,14.43,11.84,16.3,3.78,0,0,0,1.000,0.000000,1.0000
20,15.867,321.0,248.0,321.0,248.0,1.0,8.0,7.59,0.0480,0.97,DETECTED,LOCKED,14.46,11.71,19.9,3.64,0,0,0,1.000,0.000000,1.0000
21,15.900,322.0,248.0,322.0,248.0,2.0,8.0,7.67,0.0480,0.98,DETECTED,LOCKED,14.49,11.57,18.1,4.16,0,0,0,1.000,0.000000,1.0000
22,15.933,324.0,247.0,324.0,247.0,4.0,7.0,7.69,0.0480,0.97,DETECTED,LOCKED,14.52,11.43,16.6,2.97,0,0,0,1.000,0.000000,1.0000
23,15.967,320.0,248.0,320.0,248.0,0.0,8.0,7.72,0.0480,0.97,DETECTED,LOCKED,14.58,11.29,18.0,2.79,0,0,0,1.000,0.000000,1.0000
24,16.000,318.0,247.0,318.0,247.0,-2.0,7.0,7.63,0.0480,0.98,DETECTED,LOCKED,14.64,11.15,18.2,3.02,0,0,0,1.000,0.000000,1.0000
25,16.033,319.0,248.0,319.0,248.0,-1.0,8.0,7.66,0.0470,0.98,DETECTED,LOCKED,14.67,11.01,18.1,8.17,0,0,0,1.000,0.000000,1.0000
26,16.067,320.0,249.0,320.0,249.0,0.0,9.0,7.79,0.0480,0.97,DETECTED,LOCKED,14.71,10.87,16.7,7.49,0,0,0,1.000,0.000000,1.0000
27,16.100,322.0,247.0,322.0,247.0,2.0,7.0,7.76,0.0480,0.98,DETECTED,LOCKED,14.74,10.73,16.4,6.01,0,0,0,1.000,0.000000,1.0000
28,16.133,323.0,248.0,323.0,248.0,3.0,8.0,7.83,0.0490,0.98,DETECTED,LOCKED,14.77,10.59,16.9,6.15,0,0,0,1.000,0.000000,1.0000
29,16.167,323.0,248.0,323.0,248.0,3.0,8.0,7.9,0.0500,0.97,DETECTED,LOCKED,14.80,10.44,9.3,3.97,0,0,0,1.000,0.000000,1.0000
30,16.200,325.0,246.0,325.0,246.0,5.0,6.0,7.82,0.0490,0.97,DETECTED,LOCKED,14.84,10.29,19.5,5.29,0,0,0,1.000,0.000000,1.0000
31,16.233,322.0,247.0,322.0,247.0,2.0,7.0,7.79,0.0490,0.97,DETECTED,LOCKED,14.90,10.15,19.6,6.68,0,0,0,1.000,0.000000,1.0000
32,16.267,319.0,246.0,319.0,246.0,-1.0,6.0,7.62,0.0480,0.97,DETECTED,LOCKED,14.96,10.00,16.1,4.17,0,0,0,1.000,0.000000,1.0000
33,16.300,320.0,247.0,320.0,247.0,0.0,7.0,7.56,0.0480,0.97,DETECTED,LOCKED,14.99,9.86,20.9,5.04,0,0,0,1.000,0.000000,1.0000
34,16.333,321.0,247.0,321.0,247.0,1.0,7.0,7.53,0.0470,0.97,DETECTED,LOCKED,15.02,9.71,13.4,3.94,0,0,0,1.000,0.000000,1.0000
35,16.367,323.0,247.0,323.0,247.0,3.0,7.0,7.52,0.0470,0.98,DETECTED,LOCKED,15.05,9.57,16.3,3.79,0,0,0,1.000,0.000000,1.0000
36,16.400,323.0,249.0,323.0,249.0,3.0,9.0,7.69,0.0480,0.97,DETECTED,LOCKED,15.09,9.43,18.1,9.60,0,0,0,1.000,0.000000,1.0000
37,16.433,320.0,248.0,320.0,248.0,0.0,8.0,7.72,0.0480,0.97,DETECTED,LOCKED,15.15,9.28,13.5,8.10,0,0,0,1.000,0.000000,1.0000
38,16.467,322.0,248.0,322.0,248.0,2.0,8.0,7.77,0.0490,0.97,DETECTED,LOCKED,15.18,9.13,13.4,5.35,0,0,0,1.000,0.000000,1.0000
39,16.500,322.0,249.0,322.0,249.0,2.0,9.0,7.91,0.0500,0.97,DETECTED,LOCKED,15.21,8.98,16.3,3.77,0,0,0,1.000,0.000000,1.0000
40,16.533,320.0,248.0,320.0,248.0,0.0,8.0,7.93,0.0500,0.97,DETECTED,LOCKED,15.27,8.83,9.8,6.73,0,0,0,1.000,0.000000,1.0000
41,16.567,321.0,247.0,321.0,247.0,1.0,7.0,7.87,0.0490,0.97,DETECTED,LOCKED,15.31,8.67,13.4,6.83,0,0,0,1.000,0.000000,1.0000
42,16.600,322.0,247.0,322.0,247.0,2.0,7.0,7.83,0.0490,0.97,DETECTED,LOCKED,15.34,8.52,13.9,3.28,0,0,0,1.000,0.000000,1.0000
43,16.633,323.0,247.0,323.0,247.0,3.0,7.0,7.81,0.0490,0.97,DETECTED,LOCKED,15.37,8.37,13.3,5.27,0,0,0,1.000,0.000000,1.0000
44,16.667,319.0,247.0,319.0,247.0,-1.0,7.0,7.72,0.0480,0.97,DETECTED,LOCKED,15.43,8.22,11.0,3.43,0,0,0,1.000,0.000000,1.0000
45,16.700,321.0,247.0,321.0,247.0,1.0,7.0,7.67,0.0480,0.97,DETECTED,LOCKED,15.46,8.07,11.7,6.32,0,0,0,1.000,0.000000,1.0000
46,16.733,322.0,247.0,322.0,247.0,2.0,7.0,7.63,0.0480,0.97,DETECTED,LOCKED,15.50,7.91,13.9,6.02,0,0,0,1.000,0.000000,1.0000
47,16.767,322.0,248.0,322.0,248.0,2.0,8.0,7.69,0.0480,0.97,DETECTED,LOCKED,15.53,7.76,12.8,3.63,0,0,0,1.000,0.000000,1.0000
48,16.800,324.0,247.0,324.0,247.0,4.0,7.0,7.69,0.0480,0.98,DETECTED,LOCKED,15.56,7.61,14.9,2.96,0,0,0,1.000,0.000000,1.0000
49,16.833,320.0,248.0,320.0,248.0,0.0,8.0,7.71,0.0480,0.97,DETECTED,LOCKED,15.63,7.46,16.9,2.29,0,0,0,1.000,0.000000,1.0000
50,16.867,317.0,248.0,317.0,248.0,-3.0,8.0,7.68,0.0480,0.98,DETECTED,LOCKED,15.69,7.30,17.2,6.62,0,0,0,1.000,0.000000,1.0000
51,16.900,319.0,248.0,319.0,248.0,-1.0,8.0,7.7,0.0480,0.97,DETECTED,LOCKED,15.72,7.15,14.1,5.71,0,0,0,1.000,0.000000,1.0000
52,16.933,319.0,248.0,319.0,248.0,-1.0,8.0,7.71,0.0480,0.97,DETECTED,LOCKED,15.75,6.99,16.7,3.71,0,0,0,1.000,0.000000,1.0000
53,16.967,321.0,247.0,321.0,247.0,1.0,7.0,7.66,0.0480,0.97,DETECTED,LOCKED,15.78,6.83,16.7,4.42,0,0,0,1.000,0.000000,1.0000
54,17.000,322.0,247.0,322.0,247.0,2.0,7.0,7.62,0.0470,0.98,DETECTED,LOCKED,15.82,6.67,15.7,3.31,0,0,0,1.000,0.000000,1.0000
55,17.033,322.0,247.0,322.0,247.0,2.0,7.0,7.58,0.0470,0.97,DETECTED,LOCKED,15.85,6.52,13.2,7.46,0,0,0,1.000,0.000000,1.0000
56,17.067,324.0,246.0,324.0,246.0,4.0,6.0,7.49,0.0470,0.97,DETECTED,LOCKED,15.89,6.36,16.8,3.45,0,0,0,1.000,0.000000,1.0000
57,17.100,324.0,247.0,324.0,247.0,4.0,7.0,7.49,0.0470,0.98,DETECTED,LOCKED,15.92,6.20,16.7,9.09,0,0,0,1.000,0.000000,1.0000
58,17.133,325.0,248.0,325.0,248.0,5.0,8.0,7.61,0.0470,0.97,DETECTED,LOCKED,15.95,6.05,14.3,4.83,0,0,0,1.000,0.000000,1.0000
59,17.167,322.0,248.0,322.0,248.0,2.0,8.0,7.66,0.0480,0.97,DETECTED,LOCKED,16.02,5.89,12.1,6.21,0,0,0,1.000,0.000000,1.0000
60,17.200,317.0,248.0,317.0,248.0,-3.0,8.0,7.63,0.0480,0.98,DETECTED,LOCKED,16.08,5.73,18.7,8.75,0,0,0,1.000,0.000000,1.0000
61,17.233,319.0,247.0,319.0,247.0,-1.0,7.0,7.55,0.0480,0.97,DETECTED,LOCKED,16.11,5.57,17.3,3.63,0,0,0,1.000,0.000000,1.0000
62,17.267,320.0,248.0,320.0,248.0,0.0,8.0,7.58,0.0480,0.97,DETECTED,LOCKED,16.15,5.41,19.3,4.50,0,0,0,1.000,0.000000,1.0000
63,17.300,320.0,247.0,320.0,247.0,0.0,7.0,7.52,0.0470,0.98,DETECTED,LOCKED,16.18,5.25,19.9,3.72,0,0,0,1.000,0.000000,1.0000
64,17.333,322.0,246.0,322.0,246.0,2.0,6.0,7.4,0.0460,0.97,DETECTED,LOCKED,16.21,5.08,16.7,6.17,0,0,0,1.000,0.000000,1.0000
65,17.367,322.0,247.0,322.0,247.0,2.0,7.0,7.38,0.0470,0.97,DETECTED,LOCKED,16.25,4.92,18.7,4.71,0,0,0,1.000,0.000000,1.0000
66,17.400,323.0,247.0,323.0,247.0,3.0,7.0,7.37,0.0460,0.97,DETECTED,LOCKED,16.28,4.76,17.8,6.89,0,0,0,1.000,0.000000,1.0000
67,17.433,325.0,247.0,325.0,247.0,5.0,7.0,7.4,0.0460,0.97,DETECTED,LOCKED,16.32,4.60,19.4,3.98,0,0,0,1.000,0.000000,1.0000
68,17.467,321.0,248.0,321.0,248.0,1.0,8.0,7.45,0.0470,0.97,DETECTED,LOCKED,16.38,4.45,18.0,3.09,0,0,0,1.000,0.000000,1.0000
69,17.500,318.0,247.0,318.0,247.0,-2.0,7.0,7.36,0.0460,0.97,DETECTED,LOCKED,16.44,4.28,17.6,2.86,0,0,0,1.000,0.000000,1.0000
70,17.533,318.0,248.0,318.0,248.0,-2.0,8.0,7.38,0.0460,0.97,DETECTED,LOCKED,16.47,4.12,19.8,6.37,0,0,0,1.000,0.000000,1.0000
71,17.567,319.0,247.0,319.0,247.0,-1.0,7.0,7.32,0.0460,0.97,DETECTED,LOCKED,16.51,3.96,11.0,17.96,0,0,0,1.000,0.000000,1.0000
72,17.600,321.0,247.0,321.0,247.0,1.0,7.0,7.29,0.0450,0.97,DETECTED,LOCKED,16.54,3.79,7.1,4.17,0,0,0,1.000,0.000000,1.0000
73,17.633,321.0,248.0,321.0,248.0,1.0,8.0,7.35,0.0460,0.97,DETECTED,LOCKED,16.57,3.63,13.6,3.21,0,0,0,1.000,0.000000,1.0000
74,17.667,322.0,246.0,322.0,246.0,2.0,6.0,7.24,0.0450,0.97,DETECTED,LOCKED,16.61,3.47,11.1,5.06,0,0,0,1.000,0.000000,1.0000
75,17.700,323.0,247.0,323.0,247.0,3.0,7.0,7.24,0.0450,0.97,DETECTED,LOCKED,16.64,3.30,21.7,3.50,0,0,0,1.000,0.000000,1.0000
76,17.733,323.0,246.0,323.0,246.0,3.0,6.0,7.15,0.0450,0.97,DETECTED,LOCKED,16.68,3.14,17.8,3.12,0,0,0,1.000,0.000000,1.0000
77,17.767,325.0,246.0,325.0,246.0,5.0,6.0,7.11,0.0440,0.97,DETECTED,LOCKED,16.71,2.98,17.6,5.12,0,0,0,1.000,0.000000,1.0000
78,17.800,320.0,248.0,320.0,248.0,0.0,8.0,7.16,0.0450,0.98,DETECTED,LOCKED,16.77,2.82,19.4,3.99,0,0,0,1.000,0.000000,1.0000
79,17.833,322.0,247.0,322.0,247.0,2.0,7.0,7.16,0.0450,0.97,DETECTED,LOCKED,16.81,2.65,15.4,7.02,0,0,0,1.000,0.000000,1.0000
80,17.867,323.0,247.0,323.0,247.0,3.0,7.0,7.18,0.0450,0.97,DETECTED,LOCKED,16.84,2.49,17.4,3.20,0,0,0,1.000,0.000000,1.0000
81,17.900,318.0,248.0,318.0,248.0,-2.0,8.0,7.19,0.0450,0.97,DETECTED,LOCKED,16.90,2.33,19.2,3.33,0,0,0,1.000,0.000000,1.0000
82,17.933,320.0,246.0,320.0,246.0,0.0,6.0,7.06,0.0450,0.97,DETECTED,LOCKED,16.94,2.16,19.6,2.78,0,0,0,1.000,0.000000,1.0000
83,17.967,321.0,247.0,321.0,247.0,1.0,7.0,7.05,0.0440,0.97,DETECTED,LOCKED,16.97,2.00,18.4,4.54,0,0,0,1.000,0.000000,1.0000
84,18.000,321.0,247.0,321.0,247.0,1.0,7.0,7.04,0.0440,0.97,DETECTED,LOCKED,17.01,1.83,15.4,4.70,0,0,0,1.000,0.000000,1.0000
85,18.033,322.0,247.0,322.0,247.0,2.0,7.0,7.04,0.0440,0.97,DETECTED,LOCKED,17.04,1.67,19.7,2.83,0,0,0,1.000,0.000000,1.0000
86,18.067,322.0,247.0,322.0,247.0,2.0,7.0,7.05,0.0440,0.97,DETECTED,LOCKED,17.07,1.50,21.2,2.85,0,0,0,1.000,0.000000,1.0000
87,18.100,324.0,246.0,324.0,246.0,4.0,6.0,7.0,0.0440,0.97,DETECTED,LOCKED,17.11,1.34,16.9,3.02,0,0,0,1.000,0.000000,1.0000
88,18.133,320.0,246.0,320.0,246.0,0.0,6.0,6.89,0.0430,0.97,DETECTED,LOCKED,17.17,1.17,20.8,3.78,0,0,0,1.000,0.000000,1.0000
89,18.167,320.0,247.0,320.0,247.0,0.0,7.0,6.87,0.0430,0.97,DETECTED,LOCKED,17.20,1.01,18.8,6.65,0,0,0,1.000,0.000000,1.0000
90,18.200,322.0,246.0,322.0,246.0,2.0,6.0,6.8,0.0430,0.97,DETECTED,LOCKED,17.24,0.84,15.9,5.49,0,0,0,1.000,0.000000,1.0000
91,18.233,322.0,247.0,322.0,247.0,2.0,7.0,6.82,0.0430,0.97,DETECTED,LOCKED,17.27,0.68,12.5,3.37,0,0,0,1.000,0.000000,1.0000
92,18.267,323.0,246.0,323.0,246.0,3.0,6.0,6.77,0.0420,0.97,DETECTED,LOCKED,17.31,0.51,16.6,2.44,0,0,0,1.000,0.000000,1.0000
93,18.300,320.0,246.0,320.0,246.0,0.0,6.0,6.67,0.0420,0.98,DETECTED,LOCKED,17.37,0.35,19.9,3.91,0,0,0,1.000,0.000000,1.0000
94,18.333,320.0,246.0,320.0,246.0,0.0,6.0,6.58,0.0410,0.97,DETECTED,LOCKED,17.40,0.19,19.6,6.66,0,0,0,1.000,0.000000,1.0000
95,18.367,321.0,246.0,321.0,246.0,1.0,6.0,6.51,0.0410,0.97,DETECTED,LOCKED,17.44,0.03,18.3,4.10,0,0,0,1.000,0.000000,1.0000
96,18.400,321.0,247.0,321.0,247.0,1.0,7.0,6.53,0.0410,0.97,DETECTED,LOCKED,17.47,-0.14,20.9,2.73,0,0,0,1.000,0.000000,1.0000
97,18.433,322.0,247.0,322.0,247.0,2.0,7.0,6.57,0.0410,0.97,DETECTED,LOCKED,17.51,-0.30,17.9,3.42,0,0,0,1.000,0.000000,1.0000
98,18.467,324.0,246.0,324.0,246.0,4.0,6.0,6.56,0.0410,0.97,DETECTED,LOCKED,17.54,-0.46,18.4,4.08,0,0,0,1.000,0.000000,1.0000
99,18.500,319.0,247.0,319.0,247.0,-1.0,7.0,6.55,0.0410,0.98,DETECTED,LOCKED,17.61,-0.63,16.8,4.64,0,0,0,1.000,0.000000,1.0000
100,18.533,320.0,247.0,320.0,247.0,0.0,7.0,6.55,0.0410,0.97,DETECTED,LOCKED,17.64,-0.79,24.0,5.61,0,0,0,1.000,0.000000,1.0000
101,18.567,321.0,246.0,321.0,246.0,1.0,6.0,6.49,0.0410,0.97,DETECTED,LOCKED,17.68,-0.96,17.0,4.51,0,0,0,1.000,0.000000,1.0000
102,18.600,321.0,246.0,321.0,246.0,1.0,6.0,6.43,0.0410,0.97,DETECTED,LOCKED,17.71,-1.12,20.2,3.53,0,0,0,1.000,0.000000,1.0000
103,18.633,322.0,245.0,322.0,245.0,2.0,5.0,6.31,0.0400,0.98,DETECTED,LOCKED,17.74,-1.29,18.2,2.54,0,0,0,1.000,0.000000,1.0000
104,18.667,322.0,246.0,322.0,246.0,2.0,6.0,6.28,0.0390,0.97,DETECTED,LOCKED,17.78,-1.45,17.1,3.30,0,0,0,1.000,0.000000,1.0000
105,18.700,323.0,245.0,323.0,245.0,3.0,5.0,6.19,0.0390,0.97,DETECTED,LOCKED,17.82,-1.61,17.0,5.40,0,0,0,1.000,0.000000,1.0000
106,18.733,324.0,245.0,324.0,245.0,4.0,5.0,6.13,0.0390,0.97,DETECTED,LOCKED,17.85,-1.78,18.7,3.81,0,0,0,1.000,0.000000,1.0000
107,18.767,319.0,246.0,319.0,246.0,-1.0,6.0,6.05,0.0380,0.97,DETECTED,LOCKED,17.92,-1.94,18.2,3.65,0,0,0,1.000,0.000000,1.0000
108,18.800,320.0,246.0,320.0,246.0,0.0,6.0,5.99,0.0380,0.97,DETECTED,LOCKED,17.95,-2.10,16.9,5.62,0,0,0,1.000,0.000000,1.0000
109,18.833,321.0,246.0,321.0,246.0,1.0,6.0,5.97,0.0370,0.97,DETECTED,LOCKED,17.98,-2.26,18.6,6.86,0,0,0,1.000,0.000000,1.0000
110,18.867,321.0,246.0,321.0,246.0,1.0,6.0,5.94,0.0370,0.97,DETECTED,LOCKED,18.02,-2.42,13.0,2.65,0,0,0,1.000,0.000000,1.0000
111,18.900,323.0,246.0,323.0,246.0,3.0,6.0,5.96,0.0370,0.97,DETECTED,LOCKED,18.05,-2.58,19.7,2.65,0,0,0,1.000,0.000000,1.0000
112,18.933,322.0,247.0,322.0,247.0,2.0,7.0,6.05,0.0380,0.97,DETECTED,LOCKED,18.09,-2.74,19.4,3.10,0,0,0,1.000,0.000000,1.0000
113,18.967,324.0,246.0,324.0,246.0,4.0,6.0,6.1,0.0390,0.97,DETECTED,LOCKED,18.13,-2.90,19.4,2.62,0,0,0,1.000,0.000000,1.0000
114,19.000,319.0,245.0,319.0,245.0,-1.0,5.0,5.94,0.0370,0.97,DETECTED,LOCKED,18.19,-3.07,18.9,6.32,0,0,0,1.000,0.000000,1.0000
115,19.033,319.0,246.0,319.0,246.0,-1.0,6.0,5.88,0.0370,0.97,DETECTED,LOCKED,18.23,-3.23,14.8,2.72,0,0,0,1.000,0.000000,1.0000
116,19.067,321.0,244.0,321.0,244.0,1.0,4.0,5.69,0.0360,0.97,DETECTED,LOCKED,18.26,-3.39,19.9,4.18,0,0,0,1.000,0.000000,1.0000
117,19.100,321.0,245.0,321.0,245.0,1.0,5.0,5.61,0.0350,0.97,DETECTED,LOCKED,18.30,-3.55,18.0,5.36,0,0,0,1.000,0.000000,1.0000
118,19.133,321.0,245.0,321.0,245.0,1.0,5.0,5.52,0.0350,0.97,DETECTED,LOCKED,18.33,-3.71,17.8,3.95,0,0,0,1.000,0.000000,1.0000
119,19.167,322.0,245.0,322.0,245.0,2.0,5.0,5.47,0.0340,0.98,DETECTED,LOCKED,18.37,-3.87,18.8,4.28,0,0,0,1.000,0.000000,1.0000
120,19.200,322.0,246.0,322.0,246.0,2.0,6.0,5.5,0.0340,0.97,DETECTED,LOCKED,18.40,-4.03,19.8,3.53,0,0,0,1.000,0.000000,1.0000
121,19.233,323.0,245.0,323.0,245.0,3.0,5.0,5.47,0.0340,0.97,DETECTED,LOCKED,18.44,-4.18,18.6,5.59,0,0,0,1.000,0.000000,1.0000
122,19.267,324.0,246.0,324.0,246.0,4.0,6.0,5.57,0.0350,0.97,DETECTED,LOCKED,18.47,-4.34,14.8,5.76,0,0,0,1.000,0.000000,1.0000
123,19.300,319.0,246.0,319.0,246.0,-1.0,6.0,5.53,0.0340,0.97,DETECTED,LOCKED,18.54,-4.50,10.8,7.59,0,0,0,1.000,0.000000,1.0000
124,19.333,321.0,245.0,321.0,245.0,1.0,5.0,5.46,0.0340,0.97,DETECTED,LOCKED,18.57,-4.66,13.3,4.31,0,0,0,1.000,0.000000,1.0000
125,19.367,320.0,245.0,320.0,245.0,0.0,5.0,5.37,0.0340,0.97,DETECTED,LOCKED,18.61,-4.82,12.3,6.15,0,0,0,1.000,0.000000,1.0000
126,19.400,321.0,244.0,321.0,244.0,1.0,4.0,5.23,0.0330,0.97,DETECTED,LOCKED,18.64,-4.98,8.4,4.51,0,0,0,1.000,0.000000,1.0000
127,19.433,322.0,244.0,322.0,244.0,2.0,4.0,5.11,0.0320,0.97,DETECTED,LOCKED,18.68,-5.14,13.0,5.59,0,0,0,1.000,0.000000,1.0000
128,19.467,322.0,244.0,322.0,244.0,2.0,4.0,5.01,0.0310,0.97,DETECTED,LOCKED,18.71,-5.29,10.6,5.25,0,0,0,1.000,0.000000,1.0000
129,19.500,323.0,244.0,323.0,244.0,3.0,4.0,4.94,0.0310,0.97,DETECTED,LOCKED,18.75,-5.44,13.2,6.18,0,0,0,1.000,0.000000,1.0000
130,19.533,319.0,245.0,319.0,245.0,-1.0,5.0,4.85,0.0300,0.97,DETECTED,LOCKED,18.81,-5.60,13.7,4.77,0,0,0,1.000,0.000000,1.0000
131,19.567,319.0,245.0,319.0,245.0,-1.0,5.0,4.78,0.0300,0.98,DETECTED,LOCKED,18.85,-5.75,15.6,4.57,0,0,0,1.000,0.000000,1.0000
132,19.600,320.0,245.0,320.0,245.0,0.0,5.0,4.74,0.0300,0.97,DETECTED,LOCKED,18.88,-5.90,12.2,3.64,0,0,0,1.000,0.000000,1.0000
133,19.633,320.0,246.0,320.0,246.0,0.0,6.0,4.8,0.0300,0.97,DETECTED,LOCKED,18.92,-6.05,16.2,2.95,0,0,0,1.000,0.000000,1.0000
134,19.667,320.0,245.0,320.0,245.0,0.0,5.0,4.77,0.0290,0.98,DETECTED,LOCKED,18.95,-6.21,13.9,3.68,0,0,0,1.000,0.000000,1.0000
135,19.700,322.0,245.0,322.0,245.0,2.0,5.0,4.77,0.0300,0.97,DETECTED,LOCKED,18.99,-6.36,14.0,4.18,0,0,0,1.000,0.000000,1.0000
136,19.733,321.0,245.0,321.0,245.0,1.0,5.0,4.76,0.0300,0.98,DETECTED,LOCKED,19.02,-6.51,17.5,5.61,0,0,0,1.000,0.000000,1.0000
137,19.767,322.0,244.0,322.0,244.0,2.0,4.0,4.68,0.0300,0.97,DETECTED,LOCKED,19.06,-6.67,16.0,3.20,0,0,0,1.000,0.000000,1.0000
138,19.800,322.0,244.0,322.0,244.0,2.0,4.0,4.61,0.0290,0.98,DETECTED,LOCKED,19.10,-6.82,15.1,16.79,0,0,0,1.000,0.000000,1.0000
139,19.833,323.0,243.0,323.0,243.0,3.0,3.0,4.49,0.0280,0.98,DETECTED,LOCKED,19.13,-6.97,12.6,4.06,0,0,0,1.000,0.000000,1.0000
140,19.867,324.0,243.0,324.0,243.0,4.0,3.0,4.4,0.0280,0.97,DETECTED,LOCKED,19.17,-7.12,14.2,4.60,0,0,0,1.000,0.000000,1.0000
141,19.900,323.0,244.0,323.0,244.0,3.0,4.0,4.4,0.0280,0.97,DETECTED,LOCKED,19.20,-7.27,18.5,4.47,0,0,0,1.000,0.000000,1.0000
142,19.933,320.0,243.0,320.0,243.0,0.0,3.0,4.21,0.0270,0.97,DETECTED,LOCKED,19.27,-7.42,16.9,4.47,0,0,0,1.000,0.000000,1.0000
143,19.967,321.0,243.0,321.0,243.0,1.0,3.0,4.07,0.0260,0.98,DETECTED,LOCKED,19.30,-7.57,13.6,3.64,0,0,0,1.000,0.000000,1.0000
144,20.000,320.0,244.0,320.0,244.0,0.0,4.0,3.99,0.0250,0.98,DETECTED,LOCKED,19.34,-7.71,17.6,5.75,0,0,0,1.000,0.000000,1.0000
145,20.033,321.0,244.0,321.0,244.0,1.0,4.0,3.95,0.0240,0.97,DETECTED,LOCKED,19.37,-7.86,14.0,3.55,0,0,0,1.000,0.000000,1.0000
146,20.067,321.0,245.0,321.0,245.0,1.0,5.0,3.99,0.0250,0.97,DETECTED,LOCKED,19.41,-8.00,13.1,4.38,0,0,0,1.000,0.000000,1.0000
147,20.100,322.0,244.0,322.0,244.0,2.0,4.0,3.99,0.0240,0.97,DETECTED,LOCKED,19.44,-8.14,12.2,4.80,0,0,0,1.000,0.000000,1.0000
148,20.133,322.0,245.0,322.0,245.0,2.0,5.0,4.06,0.0260,0.97,DETECTED,LOCKED,19.48,-8.29,10.4,4.35,0,0,0,1.000,0.000000,1.0000
149,20.167,322.0,245.0,322.0,245.0,2.0,5.0,4.14,0.0260,0.97,DETECTED,LOCKED,19.52,-8.43,14.7,3.15,0,0,0,1.000,0.000000,1.0000
150,20.200,323.0,243.0,323.0,243.0,3.0,3.0,4.08,0.0250,0.97,DETECTED,LOCKED,19.55,-8.58,14.7,4.13,0,0,0,1.000,0.000000,1.0000
151,20.233,319.0,244.0,319.0,244.0,-1.0,4.0,3.98,0.0250,0.97,DETECTED,LOCKED,19.62,-8.72,14.5,3.53,0,0,0,1.000,0.000000,1.0000
152,20.267,319.0,244.0,319.0,244.0,-1.0,4.0,3.9,0.0240,0.97,DETECTED,LOCKED,19.65,-8.87,12.5,4.94,0,0,0,1.000,0.000000,1.0000
153,20.300,320.0,242.0,320.0,242.0,0.0,2.0,3.68,0.0230,0.97,DETECTED,LOCKED,19.69,-9.01,10.2,4.07,0,0,0,1.000,0.000000,1.0000
154,20.333,320.0,243.0,320.0,243.0,0.0,3.0,3.56,0.0220,0.97,DETECTED,LOCKED,19.72,-9.16,12.3,9.29,0,0,0,1.000,0.000000,1.0000
155,20.367,321.0,242.0,321.0,242.0,1.0,2.0,3.39,0.0210,0.98,DETECTED,LOCKED,19.76,-9.30,14.6,3.99,0,0,0,1.000,0.000000,1.0000
156,20.400,321.0,243.0,321.0,243.0,1.0,3.0,3.31,0.0210,0.97,DETECTED,LOCKED,19.79,-9.44,6.1,3.38,0,0,0,1.000,0.000000,1.0000
157,20.433,321.0,243.0,321.0,243.0,1.0,3.0,3.24,0.0200,0.97,DETECTED,LOCKED,19.83,-9.57,6.1,11.67,0,0,0,1.000,0.000000,1.0000
158,20.467,322.0,242.0,322.0,242.0,2.0,2.0,3.12,0.0190,0.97,DETECTED,LOCKED,19.87,-9.71,12.7,9.21,0,0,0,1.000,0.000000,1.0000
159,20.500,321.0,244.0,321.0,244.0,1.0,4.0,3.15,0.0200,0.98,DETECTED,LOCKED,19.90,-9.85,12.3,4.65,0,0,0,1.000,0.000000,1.0000
160,20.533,322.0,243.0,322.0,243.0,2.0,3.0,3.13,0.0190,0.97,DETECTED,LOCKED,19.94,-9.98,15.6,9.72,0,0,0,1.000,0.000000,1.0000
161,20.567,323.0,243.0,323.0,243.0,3.0,3.0,3.14,0.0200,0.97,DETECTED,LOCKED,19.97,-10.12,14.3,3.14,0,0,0,1.000,0.000000,1.0000
162,20.600,322.0,243.0,322.0,243.0,2.0,3.0,3.13,0.0200,0.98,DETECTED,LOCKED,20.01,-10.25,17.0,2.77,0,0,0,1.000,0.000000,1.0000
163,20.633,323.0,243.0,323.0,243.0,3.0,3.0,3.16,0.0200,0.97,DETECTED,LOCKED,20.05,-10.39,18.0,4.72,0,0,0,1.000,0.000000,1.0000
164,20.667,323.0,243.0,323.0,243.0,3.0,3.0,3.2,0.0200,0.97,DETECTED,LOCKED,20.08,-10.52,18.0,5.74,0,0,0,1.000,0.000000,1.0000
165,20.700,319.0,242.0,319.0,242.0,-1.0,2.0,2.99,0.0190,0.97,DETECTED,LOCKED,20.15,-10.66,11.1,3.15,0,0,0,1.000,0.000000,1.0000
166,20.733,320.0,241.0,320.0,241.0,0.0,1.0,2.76,0.0170,0.97,DETECTED,LOCKED,20.18,-10.79,18.7,5.05,0,0,0,1.000,0.000000,1.0000
167,20.767,319.0,243.0,319.0,243.0,-1.0,3.0,2.66,0.0170,0.97,DETECTED,LOCKED,20.22,-10.92,17.5,3.73,0,0,0,1.000,0.000000,1.0000
168,20.800,320.0,242.0,320.0,242.0,0.0,2.0,2.53,0.0160,0.97,DETECTED,LOCKED,20.25,-11.05,16.3,2.82,0,0,0,1.000,0.000000,1.0000
169,20.833,321.0,242.0,321.0,242.0,1.0,2.0,2.45,0.0150,0.97,DETECTED,LOCKED,20.29,-11.18,14.8,2.84,0,0,0,1.000,0.000000,1.0000
170,20.867,320.0,243.0,320.0,243.0,0.0,3.0,2.42,0.0150,0.97,DETECTED,LOCKED,20.33,-11.31,17.3,4.40,0,0,0,1.000,0.000000,1.0000
171,20.900,321.0,243.0,321.0,243.0,1.0,3.0,2.42,0.0150,0.97,DETECTED,LOCKED,20.36,-11.43,14.0,9.47,0,0,0,1.000,0.000000,1.0000
172,20.933,321.0,243.0,321.0,243.0,1.0,3.0,2.43,0.0150,0.97,DETECTED,LOCKED,20.40,-11.56,14.0,3.35,0,0,0,1.000,0.000000,1.0000
173,20.967,321.0,242.0,321.0,242.0,1.0,2.0,2.36,0.0150,0.97,DETECTED,LOCKED,20.43,-11.69,16.7,2.82,0,0,0,1.000,0.000000,1.0000
174,21.000,322.0,242.0,322.0,242.0,2.0,2.0,2.33,0.0140,0.97,DETECTED,LOCKED,20.47,-11.82,14.2,6.66,0,0,0,1.000,0.000000,1.0000
175,21.033,321.0,242.0,321.0,242.0,1.0,2.0,2.27,0.0140,0.97,DETECTED,LOCKED,20.51,-11.94,18.8,3.60,0,0,0,1.000,0.000000,1.0000
176,21.067,322.0,241.0,322.0,241.0,2.0,1.0,2.18,0.0130,0.97,DETECTED,LOCKED,20.54,-12.07,20.4,3.19,0,0,0,1.000,0.000000,1.0000
177,21.100,323.0,241.0,323.0,241.0,3.0,1.0,2.15,0.0140,0.98,DETECTED,LOCKED,20.58,-12.19,16.7,3.43,0,0,0,1.000,0.000000,1.0000
178,21.133,322.0,242.0,322.0,242.0,2.0,2.0,2.15,0.0140,0.97,DETECTED,LOCKED,20.62,-12.32,17.9,4.94,0,0,0,1.000,0.000000,1.0000
179,21.167,323.0,241.0,323.0,241.0,3.0,1.0,2.16,0.0130,0.97,DETECTED,LOCKED,20.65,-12.44,17.9,2.73,0,0,0,1.000,0.000000,1.0000
180,21.200,323.0,241.0,323.0,241.0,3.0,1.0,2.18,0.0130,0.98,DETECTED,LOCKED,20.69,-12.56,17.8,10.30,0,0,0,1.000,0.000000,1.0000
181,21.233,319.0,245.0,319.0,245.0,-1.0,5.0,2.22,0.0140,0.98,DETECTED,LOCKED,20.75,-12.65,13.6,2.26,0,0,0,1.000,0.000000,1.0000
182,21.267,319.0,245.0,319.0,245.0,-1.0,5.0,2.3,0.0140,0.97,DETECTED,LOCKED,20.79,-12.77,19.5,6.23,0,0,0,1.000,0.000000,1.0000
183,21.300,319.0,244.0,319.0,244.0,-1.0,4.0,2.34,0.0140,0.97,DETECTED,LOCKED,20.82,-12.90,20.0,3.75,0,0,0,1.000,0.000000,1.0000
184,21.333,320.0,241.0,320.0,241.0,0.0,1.0,2.18,0.0130,0.97,DETECTED,LOCKED,20.86,-13.03,16.3,10.45,0,0,0,1.000,0.000000,1.0000
185,21.367,320.0,240.0,320.0,240.0,0.0,0.0,1.95,0.0120,0.98,DETECTED,LOCKED,20.89,-13.15,15.4,3.55,0,0,0,1.000,0.000000,1.0000
186,21.400,320.0,239.0,320.0,239.0,0.0,-1.0,1.65,0.0100,0.97,DETECTED,LOCKED,20.93,-13.28,15.2,7.00,0,0,0,1.000,0.000000,1.0000
187,21.433,321.0,242.0,321.0,242.0,1.0,2.0,1.65,0.0100,0.98,DETECTED,LOCKED,20.97,-13.37,15.0,2.99,0,0,0,1.000,0.000000,1.0000
188,21.467,320.0,245.0,320.0,245.0,0.0,5.0,1.86,0.0120,0.98,DETECTED,LOCKED,21.00,-13.47,20.2,3.23,0,0,0,1.000,0.000000,1.0000
189,21.500,321.0,243.0,321.0,243.0,1.0,3.0,1.93,0.0120,0.97,DETECTED,LOCKED,21.04,-13.59,17.2,5.71,0,0,0,1.000,0.000000,1.0000
190,21.533,321.0,241.0,321.0,241.0,1.0,1.0,1.84,0.0120,0.97,DETECTED,LOCKED,21.08,-13.72,18.8,2.66,0,0,0,1.000,0.000000,1.0000
191,21.567,321.0,239.0,321.0,239.0,1.0,-1.0,1.59,0.0100,0.97,DETECTED,LOCKED,21.11,-13.84,18.4,4.44,0,0,0,1.000,0.000000,1.0000
192,21.600,322.0,240.0,322.0,240.0,2.0,0.0,1.49,0.0090,0.97,DETECTED,LOCKED,21.15,-13.94,18.9,4.49,0,0,0,1.000,0.000000,1.0000
193,21.633,321.0,244.0,321.0,244.0,1.0,4.0,1.66,0.0100,0.97,DETECTED,LOCKED,21.19,-14.03,17.3,7.49,0,0,0,1.000,0.000000,1.0000
194,21.667,321.0,245.0,321.0,245.0,1.0,5.0,1.91,0.0120,0.98,DETECTED,LOCKED,21.22,-14.13,16.6,3.05,0,0,0,1.000,0.000000,1.0000
195,21.700,322.0,241.0,322.0,241.0,2.0,1.0,1.87,0.0120,0.97,DETECTED,LOCKED,21.26,-14.25,20.2,3.05,0,0,0,1.000,0.000000,1.0000
196,21.733,321.0,240.0,321.0,240.0,1.0,0.0,1.72,0.0110,0.97,DETECTED,LOCKED,21.29,-14.38,16.9,3.37,0,0,0,1.000,0.000000,1.0000
197,21.767,322.0,240.0,322.0,240.0,2.0,0.0,1.64,0.0100,0.98,DETECTED,LOCKED,21.33,-14.47,21.6,3.72,0,0,0,1.000,0.000000,1.0000
198,21.800,322.0,242.0,322.0,242.0,2.0,2.0,1.71,0.0110,0.98,DETECTED,LOCKED,21.37,-14.57,16.2,23.34,0,0,0,1.000,0.000000,1.0000
199,21.833,322.0,243.0,322.0,243.0,2.0,3.0,1.85,0.0110,0.97,DETECTED,LOCKED,21.40,-14.67,9.0,2.79,0,0,0,1.000,0.000000,1.0000
200,21.867,323.0,243.0,323.0,243.0,3.0,3.0,2.04,0.0130,0.97,DETECTED,LOCKED,21.44,-14.76,19.5,3.55,0,0,0,1.000,0.000000,1.0000
201,21.900,322.0,241.0,322.0,241.0,2.0,1.0,2.04,0.0130,0.97,DETECTED,LOCKED,21.48,-14.89,16.3,3.05,0,0,0,1.000,0.000000,1.0000
202,21.933,323.0,240.0,323.0,240.0,3.0,0.0,2.05,0.0130,0.97,DETECTED,LOCKED,21.51,-14.98,15.8,3.84,0,0,0,1.000,0.000000,1.0000
203,21.967,319.0,241.0,319.0,241.0,-1.0,1.0,1.85,0.0120,0.97,DETECTED,LOCKED,21.58,-15.08,14.8,9.48,0,0,0,1.000,0.000000,1.0000
204,22.000,318.0,242.0,318.0,242.0,-2.0,2.0,1.68,0.0110,0.97,DETECTED,LOCKED,21.61,-15.18,15.8,4.11,0,0,0,1.000,0.000000,1.0000
205,22.033,319.0,241.0,319.0,241.0,-1.0,1.0,1.52,0.0100,0.97,DETECTED,LOCKED,21.65,-15.28,15.4,9.10,0,0,0,1.000,0.000000,1.0000
206,22.067,319.0,241.0,319.0,241.0,-1.0,1.0,1.38,0.0080,0.97,DETECTED,LOCKED,21.69,-15.38,14.4,2.38,0,0,0,1.000,0.000000,1.0000
207,22.100,319.0,240.0,319.0,240.0,-1.0,0.0,1.18,0.0080,0.97,DETECTED,LOCKED,21.72,-15.47,18.7,5.68,0,0,0,1.000,0.000000,1.0000
208,22.133,319.0,240.0,319.0,240.0,-1.0,0.0,1.0,0.0060,0.97,DETECTED,LOCKED,21.76,-15.57,17.4,5.55,0,0,0,1.000,0.000000,1.0000
209,22.167,319.0,239.0,319.0,239.0,-1.0,-1.0,0.75,0.0040,0.98,DETECTED,LOCKED,21.79,-15.67,17.7,3.80,0,0,0,1.000,0.000000,1.0000
210,22.200,320.0,238.0,320.0,238.0,0.0,-2.0,0.46,0.0030,0.98,DETECTED,LOCKED,21.83,-15.77,21.6,3.57,0,0,0,1.000,0.000000,1.0000
211,22.233,320.0,237.0,320.0,237.0,0.0,-3.0,0.15,0.0010,0.97,DETECTED,LOCKED,21.87,-15.87,19.9,3.07,0,0,0,1.000,0.000000,1.0000
212,22.267,319.0,236.0,319.0,236.0,-1.0,-4.0,0.37,0.0020,0.97,DETECTED,LOCKED,21.90,-15.97,20.4,5.23,0,0,0,1.000,0.000000,1.0000
213,22.300,320.0,234.0,320.0,234.0,0.0,-6.0,0.95,0.0060,0.97,DETECTED,LOCKED,21.94,-16.06,16.0,6.67,0,0,0,1.000,0.000000,1.0000
214,22.333,320.0,233.0,320.0,233.0,0.0,-7.0,1.6,0.0100,0.97,DETECTED,LOCKED,21.98,-16.16,18.1,4.33,0,0,0,1.000,0.000000,1.0000
215,22.367,320.0,235.0,320.0,235.0,0.0,-5.0,2.03,0.0130,0.98,DETECTED,LOCKED,22.01,-16.23,15.0,4.19,0,0,0,1.000,0.000000,1.0000
216,22.400,320.0,239.0,320.0,239.0,0.0,-1.0,2.08,0.0130,0.97,DETECTED,LOCKED,22.05,-16.30,18.4,6.15,0,0,0,1.000,0.000000,1.0000
217,22.433,320.0,243.0,320.0,243.0,0.0,3.0,1.76,0.0110,0.97,DETECTED,LOCKED,22.09,-16.36,18.2,4.20,0,0,0,1.000,0.000000,1.0000
218,22.467,320.0,244.0,320.0,244.0,0.0,4.0,1.37,0.0090,0.97,DETECTED,LOCKED,22.12,-16.43,21.6,3.79,0,0,0,1.000,0.000000,1.0000
219,22.500,320.0,242.0,320.0,242.0,0.0,2.0,1.18,0.0070,0.97,DETECTED,LOCKED,22.16,-16.53,21.3,2.80,0,0,0,1.000,0.000000,1.0000
220,22.533,319.0,240.0,319.0,240.0,-1.0,0.0,1.18,0.0070,0.97,DETECTED,LOCKED,22.20,-16.63,17.7,6.91,0,0,0,1.000,0.000000,1.0000
221,22.567,321.0,236.0,321.0,236.0,1.0,-4.0,1.48,0.0090,0.97,DETECTED,LOCKED,22.23,-16.73,17.7,4.17,0,0,0,1.000,0.000000,1.0000
222,22.600,320.0,234.0,320.0,234.0,0.0,-6.0,1.97,0.0120,0.97,DETECTED,LOCKED,22.27,-16.83,16.5,2.54,0,0,0,1.000,0.000000,1.0000
223,22.633,320.0,235.0,320.0,235.0,0.0,-5.0,2.34,0.0150,0.97,DETECTED,LOCKED,22.31,-16.90,18.7,3.69,0,0,0,1.000,0.000000,1.0000
224,22.667,320.0,239.0,320.0,239.0,0.0,-1.0,2.34,0.0150,0.97,DETECTED,LOCKED,22.34,-16.96,19.8,2.41,0,0,0,1.000,0.000000,1.0000
225,22.700,320.0,242.0,320.0,242.0,0.0,2.0,2.07,0.0130,0.97,DETECTED,LOCKED,22.38,-17.02,17.9,4.08,0,0,0,1.000,0.000000,1.0000
226,22.733,320.0,243.0,320.0,243.0,0.0,3.0,1.71,0.0110,0.97,DETECTED,LOCKED,22.42,-17.08,15.0,2.61,0,0,0,1.000,0.000000,1.0000
227,22.767,320.0,245.0,320.0,245.0,0.0,5.0,1.2,0.0070,0.97,DETECTED,LOCKED,22.45,-17.15,19.0,4.15,0,0,0,1.000,0.000000,1.0000
228,22.800,320.0,240.0,320.0,240.0,0.0,0.0,1.15,0.0070,0.97,DETECTED,LOCKED,22.49,-17.25,19.1,6.53,0,0,0,1.000,0.000000,1.0000
229,22.833,321.0,235.0,321.0,235.0,1.0,-5.0,1.51,0.0090,0.97,DETECTED,LOCKED,22.53,-17.35,18.4,4.35,0,0,0,1.000,0.000000,1.0000
230,22.867,320.0,232.0,320.0,232.0,0.0,-8.0,2.14,0.0130,0.97,DETECTED,LOCKED,22.56,-17.45,18.2,2.62,0,0,0,1.000,0.000000,1.0000
231,22.900,320.0,233.0,320.0,233.0,0.0,-7.0,2.65,0.0170,0.97,DETECTED,LOCKED,22.60,-17.52,14.2,4.02,0,0,0,1.000,0.000000,1.0000
232,22.933,320.0,235.0,320.0,235.0,0.0,-5.0,2.96,0.0180,0.97,DETECTED,LOCKED,22.64,-17.57,15.4,3.68,0,0,0,1.000,0.000000,1.0000
233,22.967,320.0,239.0,320.0,239.0,0.0,-1.0,2.9,0.0180,0.97,DETECTED,LOCKED,22.67,-17.62,9.8,4.32,0,0,0,1.000,0.000000,1.0000
234,23.000,320.0,241.0,320.0,241.0,0.0,1.0,2.65,0.0170,0.97,DETECTED,LOCKED,22.71,-17.67,16.5,2.78,0,0,0,1.000,0.000000,1.0000
235,23.033,320.0,244.0,320.0,244.0,0.0,4.0,2.15,0.0130,0.97,DETECTED,LOCKED,22.74,-17.73,18.0,6.26,0,0,0,1.000,0.000000,1.0000
236,23.067,320.0,243.0,320.0,243.0,0.0,3.0,1.75,0.0110,0.97,DETECTED,LOCKED,22.78,-17.79,20.4,7.31,0,0,0,1.000,0.000000,1.0000
237,23.100,320.0,242.0,320.0,242.0,0.0,2.0,1.46,0.0090,0.97,DETECTED,LOCKED,22.82,-17.86,9.8,7.09,0,0,0,1.000,0.000000,1.0000
238,23.133,319.0,237.0,319.0,237.0,-1.0,-3.0,1.64,0.0100,0.97,DETECTED,LOCKED,22.85,-17.96,9.0,9.25,0,0,0,1.000,0.000000,1.0000
239,23.167,320.0,235.0,320.0,235.0,0.0,-5.0,1.96,0.0120,0.97,DETECTED,LOCKED,22.89,-18.04,9.5,7.83,0,0,0,1.000,0.000000,1.0000
240,23.200,320.0,234.0,320.0,234.0,0.0,-6.0,2.36,0.0150,0.97,DETECTED,LOCKED,22.93,-18.10,10.2,8.88,0,0,0,1.000,0.000000,1.0000
241,23.233,320.0,235.0,320.0,235.0,0.0,-5.0,2.66,0.0170,0.97,DETECTED,LOCKED,22.96,-18.16,5.3,3.62,0,0,0,1.000,0.000000,1.0000
242,23.267,320.0,236.0,320.0,236.0,0.0,-4.0,2.84,0.0180,0.98,DETECTED,LOCKED,23.00,-18.22,10.9,7.97,0,0,0,1.000,0.000000,1.0000
243,23.300,320.0,238.0,320.0,238.0,0.0,-2.0,2.84,0.0180,0.97,DETECTED,LOCKED,23.04,-18.27,8.6,3.06,0,0,0,1.000,0.000000,1.0000
244,23.333,320.0,238.0,320.0,238.0,0.0,-2.0,2.84,0.0180,0.98,DETECTED,LOCKED,23.07,-18.32,11.9,6.95,0,0,0,1.000,0.000000,1.0000
245,23.367,320.0,240.0,320.0,240.0,0.0,0.0,2.65,0.0170,0.97,DETECTED,LOCKED,23.11,-18.37,12.4,4.21,0,0,0,1.000,0.000000,1.0000
246,23.400,319.0,240.0,319.0,240.0,-1.0,0.0,2.48,0.0150,0.98,DETECTED,LOCKED,23.15,-18.42,16.8,6.75,0,0,0,1.000,0.000000,1.0000
247,23.433,320.0,238.0,320.0,238.0,0.0,-2.0,2.49,0.0150,0.97,DETECTED,LOCKED,23.18,-18.48,13.6,3.45,0,0,0,1.000,0.000000,1.0000
248,23.467,320.0,239.0,320.0,239.0,0.0,-1.0,2.4,0.0150,0.97,DETECTED,LOCKED,23.22,-18.54,15.5,7.58,0,0,0,1.000,0.000000,1.0000
249,23.500,319.0,237.0,319.0,237.0,-1.0,-3.0,2.5,0.0150,0.97,DETECTED,LOCKED,23.26,-18.60,18.5,2.91,0,0,0,1.000,0.000000,1.0000
250,23.533,320.0,236.0,320.0,236.0,0.0,-4.0,2.67,0.0170,0.98,DETECTED,LOCKED,23.29,-18.66,15.8,3.65,0,0,0,1.000,0.000000,1.0000
251,23.567,319.0,236.0,319.0,236.0,-1.0,-4.0,2.84,0.0180,0.97,DETECTED,LOCKED,23.33,-18.71,21.3,3.66,0,0,0,1.000,0.000000,1.0000
252,23.600,320.0,235.0,320.0,235.0,0.0,-5.0,3.08,0.0190,0.98,DETECTED,LOCKED,23.37,-18.76,16.4,2.89,0,0,0,1.000,0.000000,1.0000
253,23.633,319.0,236.0,319.0,236.0,-1.0,-4.0,3.23,0.0200,0.97,DETECTED,LOCKED,23.40,-18.81,18.7,3.60,0,0,0,1.000,0.000000,1.0000
254,23.667,319.0,237.0,319.0,237.0,-1.0,-3.0,3.29,0.0200,0.97,DETECTED,LOCKED,23.44,-18.86,16.6,4.09,0,0,0,1.000,0.000000,1.0000
255,23.700,320.0,236.0,320.0,236.0,0.0,-4.0,3.41,0.0210,0.97,DETECTED,LOCKED,23.48,-18.90,17.2,3.12,0,0,0,1.000,0.000000,1.0000
256,23.733,319.0,238.0,319.0,238.0,-1.0,-2.0,3.36,0.0210,0.97,DETECTED,LOCKED,23.51,-18.94,18.5,2.99,0,0,0,1.000,0.000000,1.0000
257,23.767,319.0,238.0,319.0,238.0,-1.0,-2.0,3.31,0.0200,0.97,DETECTED,LOCKED,23.55,-18.98,16.8,11.78,0,0,0,1.000,0.000000,1.0000
258,23.800,320.0,237.0,320.0,237.0,0.0,-3.0,3.34,0.0210,0.97,DETECTED,LOCKED,23.59,-19.03,13.4,9.17,0,0,0,1.000,0.000000,1.0000
259,23.833,319.0,238.0,319.0,238.0,-1.0,-2.0,3.28,0.0200,0.97,DETECTED,LOCKED,23.62,-19.07,13.6,6.28,0,0,0,1.000,0.000000,1.0000
260,23.867,319.0,237.0,319.0,237.0,-1.0,-3.0,3.32,0.0200,0.97,DETECTED,LOCKED,23.66,-19.12,18.0,2.99,0,0,0,1.000,0.000000,1.0000
261,23.900,319.0,237.0,319.0,237.0,-1.0,-3.0,3.35,0.0200,0.97,DETECTED,LOCKED,23.70,-19.16,20.1,4.88,0,0,0,1.000,0.000000,1.0000
262,23.933,319.0,236.0,319.0,236.0,-1.0,-4.0,3.47,0.0220,0.97,DETECTED,LOCKED,23.73,-19.20,16.1,3.10,0,0,0,1.000,0.000000,1.0000
263,23.967,319.0,235.0,319.0,235.0,-1.0,-5.0,3.66,0.0230,0.97,DETECTED,LOCKED,23.77,-19.24,12.9,5.32,0,0,0,1.000,0.000000,1.0000
264,24.000,318.0,236.0,318.0,236.0,-2.0,-4.0,3.78,0.0240,0.97,DETECTED,LOCKED,23.81,-19.28,15.3,7.01,0,0,0,1.000,0.000000,1.0000
265,24.033,319.0,235.0,319.0,235.0,-1.0,-5.0,3.96,0.0250,0.98,DETECTED,LOCKED,23.84,-19.32,15.0,10.43,0,0,0,1.000,0.000000,1.0000
266,24.067,319.0,236.0,319.0,236.0,-1.0,-4.0,4.04,0.0250,0.97,DETECTED,LOCKED,23.88,-19.35,12.7,7.48,0,0,0,1.000,0.000000,1.0000
267,24.100,318.0,237.0,318.0,237.0,-2.0,-3.0,4.04,0.0250,0.97,DETECTED,LOCKED,23.92,-19.38,14.0,5.31,0,0,0,1.000,0.000000,1.0000
268,24.133,319.0,236.0,319.0,236.0,-1.0,-4.0,4.11,0.0260,0.97,DETECTED,LOCKED,23.95,-19.42,19.2,3.44,0,0,0,1.000,0.000000,1.0000
269,24.167,318.0,237.0,318.0,237.0,-2.0,-3.0,4.12,0.0260,0.97,DETECTED,LOCKED,23.99,-19.44,14.6,3.61,0,0,0,1.000,0.000000,1.0000
270,24.200,318.0,237.0,318.0,237.0,-2.0,-3.0,4.12,0.0250,0.97,DETECTED,LOCKED,24.03,-19.47,16.5,8.05,0,0,0,1.000,0.000000,1.0000
271,24.233,318.0,237.0,318.0,237.0,-2.0,-3.0,4.12,0.0260,0.97,DETECTED,LOCKED,24.06,-19.51,16.0,16.87,0,0,0,1.000,0.000000,1.0000
272,24.267,317.0,237.0,317.0,237.0,-3.0,-3.0,4.16,0.0260,0.97,DETECTED,LOCKED,24.10,-19.54,14.4,5.72,0,0,0,1.000,0.000000,1.0000
273,24.300,322.0,235.0,322.0,235.0,2.0,-5.0,4.2,0.0260,0.98,DETECTED,LOCKED,24.11,-19.57,15.3,6.34,0,0,0,1.000,0.000000,1.0000
274,24.333,322.0,235.0,322.0,235.0,2.0,-5.0,4.25,0.0270,0.98,DETECTED,LOCKED,24.15,-19.60,12.4,3.79,0,0,0,1.000,0.000000,1.0000
275,24.367,321.0,236.0,321.0,236.0,1.0,-4.0,4.25,0.0270,0.97,DETECTED,LOCKED,24.18,-19.62,12.7,2.79,0,0,0,1.000,0.000000,1.0000
276,24.400,322.0,235.0,322.0,235.0,2.0,-5.0,4.33,0.0270,0.97,DETECTED,LOCKED,24.22,-19.65,14.1,8.23,0,0,0,1.000,0.000000,1.0000
277,24.433,321.0,236.0,321.0,236.0,1.0,-4.0,4.33,0.0270,0.97,DETECTED,LOCKED,24.26,-19.67,17.4,4.26,0,0,0,1.000,0.000000,1.0000
278,24.467,321.0,235.0,321.0,235.0,1.0,-5.0,4.43,0.0280,0.98,DETECTED,LOCKED,24.29,-19.69,19.1,3.35,0,0,0,1.000,0.000000,1.0000
279,24.500,321.0,236.0,321.0,236.0,1.0,-4.0,4.44,0.0280,0.97,DETECTED,LOCKED,24.33,-19.71,19.6,3.38,0,0,0,1.000,0.000000,1.0000
280,24.533,320.0,237.0,320.0,237.0,0.0,-3.0,4.36,0.0270,0.98,DETECTED,LOCKED,24.37,-19.73,13.4,3.37,0,0,0,1.000,0.000000,1.0000
281,24.567,321.0,235.0,321.0,235.0,1.0,-5.0,4.46,0.0280,0.97,DETECTED,LOCKED,24.40,-19.75,20.0,8.21,0,0,0,1.000,0.000000,1.0000
282,24.600,320.0,236.0,320.0,236.0,0.0,-4.0,4.47,0.0280,0.97,DETECTED,LOCKED,24.44,-19.77,12.3,5.95,0,0,0,1.000,0.000000,1.0000
283,24.633,320.0,236.0,320.0,236.0,0.0,-4.0,4.47,0.0280,0.97,DETECTED,LOCKED,24.48,-19.79,8.7,7.28,0,0,0,1.000,0.000000,1.0000
284,24.667,320.0,235.0,320.0,235.0,0.0,-5.0,4.56,0.0290,0.97,DETECTED,LOCKED,24.51,-19.81,12.7,14.26,0,0,0,1.000,0.000000,1.0000
285,24.700,319.0,236.0,319.0,236.0,-1.0,-4.0,4.56,0.0280,0.97,DETECTED,LOCKED,24.55,-19.82,9.2,3.00,0,0,0,1.000,0.000000,1.0000
286,24.733,320.0,235.0,320.0,235.0,0.0,-5.0,4.64,0.0290,0.97,DETECTED,LOCKED,24.59,-19.84,14.2,8.24,0,0,0,1.000,0.000000,1.0000
287,24.767,319.0,235.0,319.0,235.0,-1.0,-5.0,4.72,0.0290,0.97,DETECTED,LOCKED,24.62,-19.86,14.6,6.63,0,0,0,1.000,0.000000,1.0000
288,24.800,319.0,234.0,319.0,234.0,-1.0,-6.0,4.88,0.0300,0.97,DETECTED,LOCKED,24.66,-19.87,16.2,2.93,0,0,0,1.000,0.000000,1.0000
289,24.833,320.0,234.0,320.0,234.0,0.0,-6.0,5.03,0.0310,0.97,DETECTED,LOCKED,24.70,-19.88,20.3,2.46,0,0,0,1.000,0.000000,1.0000
290,24.867,319.0,235.0,319.0,235.0,-1.0,-5.0,5.08,0.0320,0.97,DETECTED,LOCKED,24.73,-19.89,21.6,5.37,0,0,0,1.000,0.000000,1.0000
291,24.900,319.0,235.0,319.0,235.0,-1.0,-5.0,5.13,0.0320,0.97,DETECTED,LOCKED,24.77,-19.90,17.5,3.45,0,0,0,1.000,0.000000,1.0000
292,24.933,319.0,235.0,319.0,235.0,-1.0,-5.0,5.18,0.0320,0.97,DETECTED,LOCKED,24.81,-19.90,19.9,4.20,0,0,0,1.000,0.000000,1.0000
293,24.967,318.0,236.0,318.0,236.0,-2.0,-4.0,5.14,0.0320,0.97,DETECTED,LOCKED,24.84,-19.91,21.3,3.53,0,0,0,1.000,0.000000,1.0000
294,25.000,319.0,236.0,319.0,236.0,-1.0,-4.0,5.09,0.0320,0.97,DETECTED,LOCKED,24.88,-19.91,18.9,2.76,0,0,0,1.000,0.000000,1.0000
295,25.033,318.0,236.0,318.0,236.0,-2.0,-4.0,5.06,0.0310,0.97,DETECTED,LOCKED,24.92,-19.92,16.6,6.34,0,0,0,1.000,0.000000,1.0000
296,25.067,318.0,235.0,318.0,235.0,-2.0,-5.0,5.11,0.0320,0.97,DETECTED,LOCKED,24.95,-19.92,17.6,3.97,0,0,0,1.000,0.000000,1.0000
297,25.100,318.0,235.0,318.0,235.0,-2.0,-5.0,5.17,0.0330,0.97,DETECTED,LOCKED,24.99,-19.93,16.1,4.49,0,0,0,1.000,0.000000,1.0000
298,25.133,317.0,236.0,317.0,236.0,-3.0,-4.0,5.15,0.0320,0.98,DETECTED,LOCKED,25.02,-19.93,17.0,3.42,0,0,0,1.000,0.000000,1.0000
299,25.167,318.0,234.0,318.0,234.0,-2.0,-6.0,5.29,0.0330,0.97,DETECTED,LOCKED,25.06,-19.94,19.0,4.64,0,0,0,1.000,0.000000,1.0000
300,25.200,318.0,233.0,318.0,233.0,-2.0,-7.0,5.51,0.0340,0.98,DETECTED,LOCKED,25.10,-19.94,20.1,2.97,0,0,0,1.000,0.000000,1.0000
301,25.233,317.0,234.0,317.0,234.0,-3.0,-6.0,5.66,0.0350,0.97,DETECTED,LOCKED,25.13,-19.94,21.9,3.10,0,0,0,1.000,0.000000,1.0000
302,25.267,317.0,233.0,317.0,233.0,-3.0,-7.0,5.88,0.0360,0.98,DETECTED,LOCKED,25.17,-19.94,17.5,3.19,0,0,0,1.000,0.000000,1.0000
303,25.300,321.0,234.0,321.0,234.0,1.0,-6.0,5.91,0.0370,0.97,DETECTED,LOCKED,25.18,-19.93,13.9,6.13,0,0,0,1.000,0.000000,1.0000
304,25.333,320.0,235.0,320.0,235.0,0.0,-5.0,5.88,0.0370,0.97,DETECTED,LOCKED,25.22,-19.92,18.1,5.38,0,0,0,1.000,0.000000,1.0000
305,25.367,320.0,235.0,320.0,235.0,0.0,-5.0,5.85,0.0370,0.97,DETECTED,LOCKED,25.25,-19.91,7.5,7.07,0,0,0,1.000,0.000000,1.0000
306,25.400,320.0,236.0,320.0,236.0,0.0,-4.0,5.73,0.0360,0.97,DETECTED,LOCKED,25.29,-19.90,17.8,3.88,0,0,0,1.000,0.000000,1.0000
307,25.433,320.0,235.0,320.0,235.0,0.0,-5.0,5.7,0.0360,0.97,DETECTED,LOCKED,25.33,-19.90,19.2,6.52,0,0,0,1.000,0.000000,1.0000
308,25.467,320.0,236.0,320.0,236.0,0.0,-4.0,5.58,0.0350,0.97,DETECTED,LOCKED,25.36,-19.89,17.4,3.24,0,0,0,1.000,0.000000,1.0000
309,25.500,319.0,235.0,319.0,235.0,-1.0,-5.0,5.58,0.0350,0.97,DETECTED,LOCKED,25.40,-19.88,18.0,6.51,0,0,0,1.000,0.000000,1.0000
310,25.533,320.0,234.0,320.0,234.0,0.0,-6.0,5.64,0.0360,0.98,DETECTED,LOCKED,25.44,-19.88,16.7,3.99,0,0,0,1.000,0.000000,1.0000
311,25.567,319.0,234.0,319.0,234.0,-1.0,-6.0,5.71,0.0360,0.97,DETECTED,LOCKED,25.47,-19.87,14.6,7.15,0,0,0,1.000,0.000000,1.0000
312,25.600,319.0,233.0,319.0,233.0,-1.0,-7.0,5.87,0.0360,0.97,DETECTED,LOCKED,25.51,-19.86,16.1,5.26,0,0,0,1.000,0.000000,1.0000
313,25.633,319.0,233.0,319.0,233.0,-1.0,-7.0,6.01,0.0370,0.97,DETECTED,LOCKED,25.55,-19.85,21.5,5.75,0,0,0,1.000,0.000000,1.0000
314,25.667,318.0,233.0,318.0,233.0,-2.0,-7.0,6.17,0.0390,0.97,DETECTED,LOCKED,25.58,-19.83,19.0,6.82,0,0,0,1.000,0.000000,1.0000
315,25.700,318.0,233.0,318.0,233.0,-2.0,-7.0,6.31,0.0400,0.97,DETECTED,LOCKED,25.62,-19.81,18.4,4.42,0,0,0,1.000,0.000000,1.0000
316,25.733,317.0,234.0,317.0,234.0,-3.0,-6.0,6.38,0.0400,0.97,DETECTED,LOCKED,25.66,-19.79,21.8,2.76,0,0,0,1.000,0.000000,1.0000
317,25.767,317.0,235.0,317.0,235.0,-3.0,-5.0,6.36,0.0400,0.97,DETECTED,LOCKED,25.69,-19.77,17.9,7.81,0,0,0,1.000,0.000000,1.0000
318,25.800,318.0,234.0,318.0,234.0,-2.0,-6.0,6.4,0.0400,0.97,DETECTED,LOCKED,25.73,-19.75,12.8,5.49,0,0,0,1.000,0.000000,1.0000
319,25.833,321.0,236.0,321.0,236.0,1.0,-4.0,6.21,0.0390,0.97,DETECTED,LOCKED,25.74,-19.73,9.9,6.22,0,0,0,1.000,0.000000,1.0000
320,25.867,321.0,235.0,321.0,235.0,1.0,-5.0,6.11,0.0380,0.97,DETECTED,LOCKED,25.78,-19.71,8.5,3.59,0,0,0,1.000,0.000000,1.0000
321,25.900,321.0,234.0,321.0,234.0,1.0,-6.0,6.11,0.0380,0.97,DETECTED,LOCKED,25.81,-19.69,13.7,4.59,0,0,0,1.000,0.000000,1.0000
322,25.933,320.0,234.0,320.0,234.0,0.0,-6.0,6.13,0.0380,0.98,DETECTED,LOCKED,25.85,-19.67,10.4,6.22,0,0,0,1.000,0.000000,1.0000
323,25.967,320.0,233.0,320.0,233.0,0.0,-7.0,6.23,0.0390,0.97,DETECTED,LOCKED,25.89,-19.65,12.6,6.35,0,0,0,1.000,0.000000,1.0000
324,26.000,319.0,234.0,319.0,234.0,-1.0,-6.0,6.25,0.0390,0.98,DETECTED,LOCKED,25.92,-19.62,7.7,40.59,0,0,0,1.000,0.000000,1.0000
325,26.033,319.0,233.0,319.0,233.0,-1.0,-7.0,6.36,0.0390,0.97,DETECTED,LOCKED,25.96,-19.60,5.4,7.53,0,0,0,1.000,0.000000,1.0000
326,26.067,320.0,233.0,320.0,233.0,0.0,-7.0,6.44,0.0400,0.98,DETECTED,LOCKED,25.99,-19.58,14.7,5.40,0,0,0,1.000,0.000000,1.0000
327,26.100,318.0,234.0,318.0,234.0,-2.0,-6.0,6.46,0.0400,0.97,DETECTED,LOCKED,26.03,-19.55,16.7,4.09,0,0,0,1.000,0.000000,1.0000
328,26.133,319.0,233.0,319.0,233.0,-1.0,-7.0,6.55,0.0410,0.97,DETECTED,LOCKED,26.07,-19.52,18.8,6.20,0,0,0,1.000,0.000000,1.0000
329,26.167,319.0,233.0,319.0,233.0,-1.0,-7.0,6.64,0.0410,0.97,DETECTED,LOCKED,26.10,-19.49,14.1,3.77,0,0,0,1.000,0.000000,1.0000
330,26.200,318.0,233.0,318.0,233.0,-2.0,-7.0,6.73,0.0420,0.98,DETECTED,LOCKED,26.14,-19.45,15.9,5.65,0,0,0,1.000,0.000000,1.0000
331,26.233,318.0,233.0,318.0,233.0,-2.0,-7.0,6.82,0.0430,0.97,DETECTED,LOCKED,26.18,-19.42,21.8,9.03,0,0,0,1.000,0.000000,1.0000
332,26.267,317.0,235.0,317.0,235.0,-3.0,-5.0,6.74,0.0420,0.97,DETECTED,LOCKED,26.21,-19.38,18.4,3.97,0,0,0,1.000,0.000000,1.0000
333,26.300,318.0,234.0,318.0,234.0,-2.0,-6.0,6.74,0.0420,0.97,DETECTED,LOCKED,26.25,-19.35,16.5,4.96,0,0,0,1.000,0.000000,1.0000
334,26.333,317.0,234.0,317.0,234.0,-3.0,-6.0,6.75,0.0420,0.97,DETECTED,LOCKED,26.29,-19.32,18.2,4.74,0,0,0,1.000,0.000000,1.0000
335,26.367,316.0,234.0,316.0,234.0,-4.0,-6.0,6.79,0.0420,0.97,DETECTED,LOCKED,26.32,-19.28,17.8,3.52,0,0,0,1.000,0.000000,1.0000
336,26.400,321.0,232.0,321.0,232.0,1.0,-8.0,6.89,0.0430,0.97,DETECTED,LOCKED,26.33,-19.25,20.1,4.47,0,0,0,1.000,0.000000,1.0000
337,26.433,325.0,233.0,325.0,233.0,5.0,-7.0,6.85,0.0420,0.97,DETECTED,LOCKED,26.34,-19.21,19.5,6.67,0,0,0,1.000,0.000000,1.0000
338,26.467,324.0,233.0,324.0,233.0,4.0,-7.0,6.86,0.0430,0.97,DETECTED,LOCKED,26.38,-19.17,16.5,3.35,0,0,0,1.000,0.000000,1.0000
339,26.500,324.0,233.0,324.0,233.0,4.0,-7.0,6.89,0.0430,0.98,DETECTED,LOCKED,26.41,-19.13,19.1,9.90,0,0,0,1.000,0.000000,1.0000
340,26.533,323.0,233.0,323.0,233.0,3.0,-7.0,6.94,0.0430,0.97,DETECTED,LOCKED,26.45,-19.09,11.0,4.89,0,0,0,1.000,0.000000,1.0000
341,26.567,324.0,232.0,324.0,232.0,4.0,-8.0,7.1,0.0440,0.97,DETECTED,LOCKED,26.49,-19.05,16.2,3.36,0,0,0,1.000,0.000000,1.0000
342,26.600,323.0,234.0,323.0,234.0,3.0,-6.0,7.07,0.0440,0.98,DETECTED,LOCKED,26.52,-19.00,20.7,3.37,0,0,0,1.000,0.000000,1.0000
343,26.633,322.0,234.0,322.0,234.0,2.0,-6.0,7.04,0.0450,0.97,DETECTED,LOCKED,26.56,-18.96,20.8,3.74,0,0,0,1.000,0.000000,1.0000
344,26.667,323.0,233.0,323.0,233.0,3.0,-7.0,7.12,0.0450,0.97,DETECTED,LOCKED,26.60,-18.91,15.7,4.58,0,0,0,1.000,0.000000,1.0000
345,26.700,322.0,234.0,322.0,234.0,2.0,-6.0,7.09,0.0440,0.98,DETECTED,LOCKED,26.63,-18.86,21.1,2.89,0,0,0,1.000,0.000000,1.0000
346,26.733,322.0,233.0,322.0,233.0,2.0,-7.0,7.16,0.0450,0.97,DETECTED,LOCKED,26.67,-18.82,19.6,7.32,0,0,0,1.000,0.000000,1.0000
347,26.767,318.0,233.0,318.0,233.0,-2.0,-7.0,7.14,0.0450,0.97,DETECTED,LOCKED,26.73,-18.77,17.1,3.36,0,0,0,1.000,0.000000,1.0000
348,26.800,317.0,233.0,317.0,233.0,-3.0,-7.0,7.12,0.0450,0.97,DETECTED,LOCKED,26.77,-18.72,20.2,2.52,0,0,0,1.000,0.000000,1.0000
349,26.833,317.0,232.0,317.0,232.0,-3.0,-8.0,7.19,0.0450,0.97,DETECTED,LOCKED,26.80,-18.68,18.8,4.15,0,0,0,1.000,0.000000,1.0000
350,26.867,317.0,234.0,317.0,234.0,-3.0,-6.0,7.1,0.0440,0.97,DETECTED,LOCKED,26.84,-18.62,16.4,6.00,0,0,0,1.000,0.000000,1.0000
351,26.900,316.0,233.0,316.0,233.0,-4.0,-7.0,7.11,0.0440,0.97,DETECTED,LOCKED,26.87,-18.57,16.9,3.38,0,0,0,1.000,0.000000,1.0000
352,26.933,317.0,232.0,317.0,232.0,-3.0,-8.0,7.22,0.0450,0.97,DETECTED,LOCKED,26.91,-18.52,22.5,3.46,0,0,0,1.000,0.000000,1.0000
353,26.967,315.0,233.0,315.0,233.0,-5.0,-7.0,7.25,0.0450,0.97,DETECTED,LOCKED,26.95,-18.47,18.1,5.48,0,0,0,1.000,0.000000,1.0000
354,27.000,316.0,232.0,316.0,232.0,-4.0,-8.0,7.38,0.0460,0.97,DETECTED,LOCKED,26.98,-18.42,19.6,4.04,0,0,0,1.000,0.000000,1.0000
355,27.033,316.0,232.0,316.0,232.0,-4.0,-8.0,7.52,0.0470,0.97,DETECTED,LOCKED,27.02,-18.36,21.6,2.99,0,0,0,1.000,0.000000,1.0000
356,27.067,315.0,232.0,315.0,232.0,-5.0,-8.0,7.67,0.0480,0.98,DETECTED,LOCKED,27.05,-18.30,19.8,4.29,0,0,0,1.000,0.000000,1.0000
357,27.100,319.0,232.0,319.0,232.0,-1.0,-8.0,7.75,0.0480,0.97,DETECTED,LOCKED,27.06,-18.24,17.6,4.89,0,0,0,1.000,0.000000,1.0000
358,27.133,322.0,233.0,322.0,233.0,2.0,-7.0,7.69,0.0480,0.97,DETECTED,LOCKED,27.07,-18.18,18.1,4.28,0,0,0,1.000,0.000000,1.0000
359,27.167,322.0,233.0,322.0,233.0,2.0,-7.0,7.64,0.0480,0.97,DETECTED,LOCKED,27.11,-18.12,19.9,3.17,0,0,0,1.000,0.000000,1.0000
360,27.200,322.0,233.0,322.0,233.0,2.0,-7.0,7.59,0.0470,0.98,DETECTED,LOCKED,27.15,-18.06,20.2,5.57,0,0,0,1.000,0.000000,1.0000
361,27.233,321.0,234.0,321.0,234.0,1.0,-6.0,7.47,0.0470,0.97,DETECTED,LOCKED,27.18,-18.00,18.1,3.57,0,0,0,1.000,0.000000,1.0000
362,27.267,321.0,233.0,321.0,233.0,1.0,-7.0,7.45,0.0460,0.97,DETECTED,LOCKED,27.22,-17.93,19.6,5.41,0,0,0,1.000,0.000000,1.0000
363,27.300,321.0,233.0,321.0,233.0,1.0,-7.0,7.43,0.0460,0.97,DETECTED,LOCKED,27.26,-17.87,19.5,3.49,0,0,0,1.000,0.000000,1.0000
364,27.333,320.0,233.0,320.0,233.0,0.0,-7.0,7.41,0.0460,0.97,DETECTED,LOCKED,27.29,-17.81,18.3,4.93,0,0,0,1.000,0.000000,1.0000
365,27.367,320.0,232.0,320.0,232.0,0.0,-8.0,7.48,0.0470,0.97,DETECTED,LOCKED,27.33,-17.75,17.6,5.93,0,0,0,1.000,0.000000,1.0000
366,27.400,319.0,232.0,319.0,232.0,-1.0,-8.0,7.56,0.0470,0.97,DETECTED,LOCKED,27.36,-17.68,15.9,2.70,0,0,0,1.000,0.000000,1.0000
367,27.433,319.0,231.0,319.0,231.0,-1.0,-9.0,7.71,0.0480,0.98,DETECTED,LOCKED,27.40,-17.62,19.2,4.34,0,0,0,1.000,0.000000,1.0000
368,27.467,319.0,232.0,319.0,232.0,-1.0,-8.0,7.77,0.0480,0.97,DETECTED,LOCKED,27.44,-17.55,18.8,5.49,0,0,0,1.000,0.000000,1.0000
369,27.500,318.0,232.0,318.0,232.0,-2.0,-8.0,7.83,0.0490,0.97,DETECTED,LOCKED,27.47,-17.48,13.6,3.14,0,0,0,1.000,0.000000,1.0000
370,27.533,319.0,231.0,319.0,231.0,-1.0,-9.0,7.98,0.0500,0.97,DETECTED,LOCKED,27.51,-17.41,16.7,6.36,0,0,0,1.000,0.000000,1.0000
371,27.567,318.0,233.0,318.0,233.0,-2.0,-7.0,7.94,0.0490,0.97,DETECTED,LOCKED,27.54,-17.33,16.3,3.67,0,0,0,1.000,0.000000,1.0000
372,27.600,317.0,233.0,317.0,233.0,-3.0,-7.0,7.92,0.0490,0.97,DETECTED,LOCKED,27.58,-17.26,17.7,3.18,0,0,0,1.000,0.000000,1.0000
373,27.633,318.0,233.0,318.0,233.0,-2.0,-7.0,7.89,0.0490,0.97,DETECTED,LOCKED,27.62,-17.18,14.7,3.06,0,0,0,1.000,0.000000,1.0000
374,27.667,317.0,233.0,317.0,233.0,-3.0,-7.0,7.87,0.0500,0.97,DETECTED,LOCKED,27.65,-17.11,13.0,3.79,0,0,0,1.000,0.000000,1.0000
375,27.700,317.0,233.0,317.0,233.0,-3.0,-7.0,7.86,0.0490,0.97,DETECTED,LOCKED,27.69,-17.03,17.8,2.56,0,0,0,1.000,0.000000,1.0000
376,27.733,316.0,233.0,316.0,233.0,-4.0,-7.0,7.87,0.0490,0.97,DETECTED,LOCKED,27.72,-16.96,17.1,3.75,0,0,0,1.000,0.000000,1.0000
377,27.767,320.0,232.0,320.0,232.0,0.0,-8.0,7.89,0.0490,0.97,DETECTED,LOCKED,27.73,-16.89,16.3,5.91,0,0,0,1.000,0.000000,1.0000
378,27.800,325.0,231.0,325.0,231.0,5.0,-9.0,7.93,0.0490,0.97,DETECTED,LOCKED,27.74,-16.81,13.4,6.74,0,0,0,1.000,0.000000,1.0000
379,27.833,323.0,232.0,323.0,232.0,3.0,-8.0,7.92,0.0490,0.97,DETECTED,LOCKED,27.78,-16.74,11.0,7.38,0,0,0,1.000,0.000000,1.0000
380,27.867,323.0,231.0,323.0,231.0,3.0,-9.0,8.02,0.0500,0.97,DETECTED,LOCKED,27.81,-16.66,14.7,6.81,0,0,0,1.000,0.000000,1.0000
381,27.900,323.0,231.0,323.0,231.0,3.0,-9.0,8.13,0.0510,0.97,DETECTED,LOCKED,27.85,-16.58,12.0,5.46,0,0,0,1.000,0.000000,1.0000
382,27.933,322.0,232.0,322.0,232.0,2.0,-8.0,8.15,0.0510,0.97,DETECTED,LOCKED,27.89,-16.49,16.2,2.91,0,0,0,1.000,0.000000,1.0000
383,27.967,322.0,232.0,322.0,232.0,2.0,-8.0,8.17,0.0510,0.97,DETECTED,LOCKED,27.92,-16.41,16.6,3.03,0,0,0,1.000,0.000000,1.0000
384,28.000,321.0,233.0,321.0,233.0,1.0,-7.0,8.1,0.0510,0.97,DETECTED,LOCKED,27.96,-16.32,7.6,4.85,0,0,0,1.000,0.000000,1.0000
385,28.033,321.0,233.0,321.0,233.0,1.0,-7.0,8.04,0.0500,0.97,DETECTED,LOCKED,27.99,-16.23,17.8,4.23,0,0,0,1.000,0.000000,1.0000
386,28.067,322.0,233.0,322.0,233.0,2.0,-7.0,7.98,0.0500,0.97,DETECTED,LOCKED,28.03,-16.15,16.0,3.56,0,0,0,1.000,0.000000,1.0000
387,28.100,320.0,234.0,320.0,234.0,0.0,-6.0,7.83,0.0490,0.97,DETECTED,LOCKED,28.07,-16.07,10.4,7.31,0,0,0,1.000,0.000000,1.0000
388,28.133,320.0,232.0,320.0,232.0,0.0,-8.0,7.85,0.0490,0.97,DETECTED,LOCKED,28.10,-15.98,14.7,6.54,0,0,0,1.000,0.000000,1.0000
389,28.167,320.0,231.0,320.0,231.0,0.0,-9.0,7.97,0.0500,0.97,DETECTED,LOCKED,28.14,-15.90,10.7,6.00,0,0,0,1.000,0.000000,1.0000
390,28.200,319.0,232.0,319.0,232.0,-1.0,-8.0,7.98,0.0500,0.97,DETECTED,LOCKED,28.17,-15.81,18.7,8.85,0,0,0,1.000,0.000000,1.0000
391,28.233,319.0,231.0,319.0,231.0,-1.0,-9.0,8.08,0.0500,0.97,DETECTED,LOCKED,28.21,-15.73,14.3,14.09,0,0,0,1.000,0.000000,1.0000
392,28.267,319.0,231.0,319.0,231.0,-1.0,-9.0,8.18,0.0510,0.97,DETECTED,LOCKED,28.24,-15.64,13.4,4.21,0,0,0,1.000,0.000000,1.0000
393,28.300,318.0,230.0,318.0,230.0,-2.0,-10.0,8.36,0.0520,0.97,DETECTED,LOCKED,28.28,-15.55,16.1,5.11,0,0,0,1.000,0.000000,1.0000
394,28.333,318.0,231.0,318.0,231.0,-2.0,-9.0,8.44,0.0530,0.97,DETECTED,LOCKED,28.32,-15.45,16.3,4.34,0,0,0,1.000,0.000000,1.0000
395,28.367,317.0,232.0,317.0,232.0,-3.0,-8.0,8.44,0.0530,0.97,DETECTED,LOCKED,28.35,-15.36,15.8,10.00,0,0,0,1.000,0.000000,1.0000
396,28.400,318.0,232.0,318.0,232.0,-2.0,-8.0,8.44,0.0530,0.97,DETECTED,LOCKED,28.39,-15.26,15.4,3.26,0,0,0,1.000,0.000000,1.0000
397,28.433,317.0,233.0,317.0,233.0,-3.0,-7.0,8.35,0.0520,0.97,DETECTED,LOCKED,28.42,-15.16,17.7,10.31,0,0,0,1.000,0.000000,1.0000
398,28.467,316.0,233.0,316.0,233.0,-4.0,-7.0,8.29,0.0510,0.98,DETECTED,LOCKED,28.46,-15.06,12.4,4.36,0,0,0,1.000,0.000000,1.0000
399,28.500,316.0,233.0,316.0,233.0,-4.0,-7.0,8.24,0.0520,0.97,DETECTED,LOCKED,28.49,-14.97,14.4,2.70,0,0,0,1.000,0.000000,1.0000
400,28.533,316.0,233.0,316.0,233.0,-4.0,-7.0,8.2,0.0510,0.97,DETECTED,LOCKED,28.53,-14.88,17.2,3.05,0,0,0,1.000,0.000000,1.0000
401,28.567,320.0,231.0,320.0,231.0,0.0,-9.0,8.28,0.0520,0.97,DETECTED,LOCKED,28.54,-14.78,16.3,3.78,0,0,0,1.000,0.000000,1.0000
402,28.600,319.0,232.0,319.0,232.0,-1.0,-8.0,8.28,0.0520,0.97,DETECTED,LOCKED,28.57,-14.69,18.7,4.86,0,0,0,1.000,0.000000,1.0000
403,28.633,318.0,231.0,318.0,231.0,-2.0,-9.0,8.38,0.0520,0.97,DETECTED,LOCKED,28.61,-14.59,18.0,6.89,0,0,0,1.000,0.000000,1.0000
404,28.667,323.0,230.0,323.0,230.0,3.0,-10.0,8.49,0.0540,0.97,DETECTED,LOCKED,28.62,-14.49,15.4,3.61,0,0,0,1.000,0.000000,1.0000
405,28.700,322.0,231.0,322.0,231.0,2.0,-9.0,8.53,0.0530,0.97,DETECTED,LOCKED,28.66,-14.39,18.1,2.80,0,0,0,1.000,0.000000,1.0000
406,28.733,321.0,231.0,321.0,231.0,1.0,-9.0,8.58,0.0530,0.97,DETECTED,LOCKED,28.69,-14.28,17.1,5.53,0,0,0,1.000,0.000000,1.0000
407,28.767,321.0,231.0,321.0,231.0,1.0,-9.0,8.64,0.0540,0.97,DETECTED,LOCKED,28.73,-14.18,19.1,4.91,0,0,0,1.000,0.000000,1.0000
408,28.800,320.0,233.0,320.0,233.0,0.0,-7.0,8.52,0.0530,0.97,DETECTED,LOCKED,28.76,-14.07,18.5,3.63,0,0,0,1.000,0.000000,1.0000
409,28.833,320.0,232.0,320.0,232.0,0.0,-8.0,8.49,0.0530,0.97,DETECTED,LOCKED,28.80,-13.97,18.7,6.87,0,0,0,1.000,0.000000,1.0000
410,28.867,320.0,233.0,320.0,233.0,0.0,-7.0,8.38,0.0520,0.97,DETECTED,LOCKED,28.84,-13.86,19.1,3.05,0,0,0,1.000,0.000000,1.0000
411,28.900,319.0,233.0,319.0,233.0,-1.0,-7.0,8.27,0.0520,0.97,DETECTED,LOCKED,28.87,-13.76,19.8,3.92,0,0,0,1.000,0.000000,1.0000
412,28.933,319.0,232.0,319.0,232.0,-1.0,-8.0,8.26,0.0520,0.97,DETECTED,LOCKED,28.91,-13.65,17.6,5.81,0,0,0,1.000,0.000000,1.0000
413,28.967,318.0,233.0,318.0,233.0,-2.0,-7.0,8.17,0.0510,0.97,DETECTED,LOCKED,28.94,-13.55,15.3,6.40,0,0,0,1.000,0.000000,1.0000
414,29.000,318.0,231.0,318.0,231.0,-2.0,-9.0,8.26,0.0510,0.98,DETECTED,LOCKED,28.98,-13.44,15.0,3.48,0,0,0,1.000,0.000000,1.0000
415,29.033,318.0,230.0,318.0,230.0,-2.0,-10.0,8.43,0.0520,0.97,DETECTED,LOCKED,29.01,-13.34,12.1,2.43,0,0,0,1.000,0.000000,1.0000
416,29.067,317.0,231.0,317.0,231.0,-3.0,-9.0,8.52,0.0530,0.97,DETECTED,LOCKED,29.05,-13.23,23.3,3.28,0,0,0,1.000,0.000000,1.0000
417,29.100,317.0,230.0,317.0,230.0,-3.0,-10.0,8.7,0.0550,0.97,DETECTED,LOCKED,29.08,-13.12,5.0,2.69,0,0,0,1.000,0.000000,1.0000
418,29.133,317.0,230.0,317.0,230.0,-3.0,-10.0,8.87,0.0560,0.98,DETECTED,LOCKED,29.12,-13.01,17.4,2.24,0,0,0,1.000,0.000000,1.0000
419,29.167,315.0,232.0,315.0,232.0,-5.0,-8.0,8.9,0.0550,0.97,DETECTED,LOCKED,29.15,-12.89,20.3,2.14,0,0,0,1.000,0.000000,1.0000
420,29.200,321.0,232.0,321.0,232.0,1.0,-8.0,8.82,0.0550,0.97,DETECTED,LOCKED,29.16,-12.77,24.6,2.61,0,0,0,1.000,0.000000,1.0000
421,29.233,325.0,232.0,325.0,232.0,5.0,-8.0,8.69,0.0540,0.98,DETECTED,LOCKED,29.17,-12.66,20.0,2.31,0,0,0,1.000,0.000000,1.0000
422,29.267,323.0,233.0,323.0,233.0,3.0,-7.0,8.53,0.0530,0.97,DETECTED,LOCKED,29.20,-12.54,28.5,2.32,0,0,0,1.000,0.000000,1.0000
423,29.300,323.0,232.0,323.0,232.0,3.0,-8.0,8.47,0.0530,0.97,DETECTED,LOCKED,29.24,-12.43,27.5,2.03,0,0,0,1.000,0.000000,1.0000
424,29.333,323.0,233.0,323.0,233.0,3.0,-7.0,8.34,0.0520,0.97,DETECTED,LOCKED,29.28,-12.31,30.0,2.18,0,0,0,1.000,0.000000,1.0000
425,29.367,322.0,232.0,322.0,232.0,2.0,-8.0,8.32,0.0520,0.97,DETECTED,LOCKED,29.31,-12.20,31.1,2.59,0,0,0,1.000,0.000000,1.0000
426,29.400,322.0,232.0,322.0,232.0,2.0,-8.0,8.3,0.0520,0.97,DETECTED,LOCKED,29.35,-12.09,30.3,2.34,0,0,0,1.000,0.000000,1.0000
427,29.433,321.0,232.0,321.0,232.0,1.0,-8.0,8.28,0.0520,0.97,DETECTED,LOCKED,29.38,-11.97,30.9,2.23,0,0,0,1.000,0.000000,1.0000
428,29.467,321.0,230.0,321.0,230.0,1.0,-10.0,8.44,0.0530,0.97,DETECTED,LOCKED,29.42,-11.86,26.2,4.69,0,0,0,1.000,0.000000,1.0000
429,29.500,320.0,231.0,320.0,231.0,0.0,-9.0,8.5,0.0530,0.97,DETECTED,LOCKED,29.45,-11.74,29.3,2.57,0,0,0,1.000,0.000000,1.0000
430,29.533,319.0,231.0,319.0,231.0,-1.0,-9.0,8.54,0.0530,0.97,DETECTED,LOCKED,29.49,-11.62,23.7,2.92,0,0,0,1.000,0.000000,1.0000
431,29.567,320.0,230.0,320.0,230.0,0.0,-10.0,8.69,0.0540,0.98,DETECTED,LOCKED,29.52,-11.50,20.4,2.57,0,0,0,1.000,0.000000,1.0000
432,29.600,319.0,231.0,319.0,231.0,-1.0,-9.0,8.73,0.0550,0.97,DETECTED,LOCKED,29.56,-11.38,26.2,2.77,0,0,0,1.000,0.000000,1.0000
433,29.633,319.0,232.0,319.0,232.0,-1.0,-8.0,8.68,0.0540,0.97,DETECTED,LOCKED,29.59,-11.25,25.6,2.56,0,0,0,1.000,0.000000,1.0000
434,29.667,318.0,232.0,318.0,232.0,-2.0,-8.0,8.63,0.0540,0.97,DETECTED,LOCKED,29.63,-11.13,23.3,6.40,0,0,0,1.000,0.000000,1.0000
435,29.700,317.0,233.0,317.0,233.0,-3.0,-7.0,8.5,0.0530,0.97,DETECTED,LOCKED,29.66,-11.00,17.1,2.54,0,0,0,1.000,0.000000,1.0000
436,29.733,318.0,231.0,318.0,231.0,-2.0,-9.0,8.55,0.0530,0.98,DETECTED,LOCKED,29.70,-10.88,17.5,2.53,0,0,0,1.000,0.000000,1.0000
437,29.767,317.0,233.0,317.0,233.0,-3.0,-7.0,8.43,0.0530,0.97,DETECTED,LOCKED,29.73,-10.75,21.3,4.09,0,0,0,1.000,0.000000,1.0000
438,29.800,316.0,232.0,316.0,232.0,-4.0,-8.0,8.43,0.0520,0.98,DETECTED,LOCKED,29.77,-10.63,20.8,2.70,0,0,0,1.000,0.000000,1.0000
439,29.833,317.0,231.0,317.0,231.0,-3.0,-9.0,8.51,0.0530,0.97,DETECTED,LOCKED,29.81,-10.51,21.3,2.61,0,0,0,1.000,0.000000,1.0000
440,29.867,315.0,232.0,315.0,232.0,-5.0,-8.0,8.53,0.0540,0.98,DETECTED,LOCKED,29.84,-10.38,23.8,2.79,0,0,0,1.000,0.000000,1.0000
441,29.900,315.0,231.0,315.0,231.0,-5.0,-9.0,8.65,0.0540,0.97,DETECTED,LOCKED,29.88,-10.26,23.1,2.55,0,0,0,1.000,0.000000,1.0000
442,29.933,320.0,232.0,320.0,232.0,0.0,-8.0,8.59,0.0540,0.97,DETECTED,LOCKED,29.88,-10.13,22.2,2.90,0,0,0,1.000,0.000000,1.0000
443,29.967,323.0,231.0,323.0,231.0,3.0,-9.0,8.58,0.0540,0.97,DETECTED,LOCKED,29.89,-10.00,23.7,2.71,0,0,0,1.000,0.000000,1.0000
444,30.000,324.0,231.0,324.0,231.0,4.0,-9.0,8.57,0.0530,0.98,DETECTED,LOCKED,29.92,-9.87,23.2,2.41,0,0,0,1.000,0.000000,1.0000
445,30.033,322.0,232.0,322.0,232.0,2.0,-8.0,8.51,0.0530,0.97,DETECTED,LOCKED,29.96,-9.75,23.2,2.35,0,0,0,1.000,0.000000,1.0000
446,30.067,322.0,231.0,322.0,231.0,2.0,-9.0,8.54,0.0530,0.97,DETECTED,LOCKED,29.99,-9.62,22.7,2.35,0,0,0,1.000,0.000000,1.0000
447,30.100,322.0,231.0,322.0,231.0,2.0,-9.0,8.58,0.0540,0.97,DETECTED,LOCKED,30.03,-9.49,28.3,2.19,0,0,0,1.000,0.000000,1.0000
448,30.133,320.0,232.0,320.0,232.0,0.0,-8.0,8.53,0.0530,0.97,DETECTED,LOCKED,30.07,-9.35,29.6,2.03,0,0,0,1.000,0.000000,1.0000
449,30.167,320.0,232.0,320.0,232.0,0.0,-8.0,8.49,0.0530,0.97,DETECTED,LOCKED,30.10,-9.22,32.0,2.03,0,0,0,1.000,0.000000,1.0000
450,30.200,320.0,232.0,320.0,232.0,0.0,-8.0,8.45,0.0530,0.97,DETECTED,LOCKED,30.14,-9.09,32.3,2.70,0,0,0,1.000,0.000000,1.0000
451,30.233,319.0,232.0,319.0,232.0,-1.0,-8.0,8.41,0.0530,0.97,DETECTED,LOCKED,30.17,-8.96,33.6,2.50,0,0,0,1.000,0.000000,1.0000
452,30.267,319.0,232.0,319.0,232.0,-1.0,-8.0,8.38,0.0520,0.97,DETECTED,LOCKED,30.21,-8.82,31.0,2.07,0,0,0,1.000,0.000000,1.0000
453,30.300,318.0,233.0,318.0,233.0,-2.0,-7.0,8.26,0.0520,0.97,DETECTED,LOCKED,30.24,-8.69,32.0,2.24,0,0,0,1.000,0.000000,1.0000
454,30.333,318.0,231.0,318.0,231.0,-2.0,-9.0,8.33,0.0520,0.97,DETECTED,LOCKED,30.28,-8.56,27.8,2.31,0,0,0,1.000,0.000000,1.0000
455,30.367,318.0,231.0,318.0,231.0,-2.0,-9.0,8.39,0.0520,0.97,DETECTED,LOCKED,30.31,-8.43,27.4,3.01,0,0,0,1.000,0.000000,1.0000
456,30.400,316.0,232.0,316.0,232.0,-4.0,-8.0,8.39,0.0520,0.97,DETECTED,LOCKED,30.35,-8.30,31.9,2.71,0,0,0,1.000,0.000000,1.0000
457,30.433,317.0,231.0,317.0,231.0,-3.0,-9.0,8.47,0.0520,0.98,DETECTED,LOCKED,30.38,-8.16,29.8,2.53,0,0,0,1.000,0.000000,1.0000
458,30.467,316.0,231.0,316.0,231.0,-4.0,-9.0,8.56,0.0540,0.97,DETECTED,LOCKED,30.42,-8.03,32.1,2.12,0,0,0,1.000,0.000000,1.0000
459,30.500,316.0,231.0,316.0,231.0,-4.0,-9.0,8.66,0.0540,0.97,DETECTED,LOCKED,30.45,-7.89,31.1,2.66,0,0,0,1.000,0.000000,1.0000
460,30.533,320.0,232.0,320.0,232.0,0.0,-8.0,8.6,0.0540,0.97,DETECTED,LOCKED,30.46,-7.75,32.9,2.32,0,0,0,1.000,0.000000,1.0000
461,30.567,323.0,233.0,323.0,233.0,3.0,-7.0,8.42,0.0530,0.97,DETECTED,LOCKED,30.46,-7.61,24.8,2.69,0,0,0,1.000,0.000000,1.0000
462,30.600,323.0,232.0,323.0,232.0,3.0,-8.0,8.34,0.0520,0.97,DETECTED,LOCKED,30.50,-7.47,26.8,2.09,0,0,0,1.000,0.000000,1.0000
463,30.633,322.0,233.0,322.0,233.0,2.0,-7.0,8.2,0.0510,0.97,DETECTED,LOCKED,30.54,-7.34,32.0,2.74,0,0,0,1.000,0.000000,1.0000
464,30.667,321.0,233.0,321.0,233.0,1.0,-7.0,8.08,0.0500,0.97,DETECTED,LOCKED,30.57,-7.20,32.1,2.34,0,0,0,1.000,0.000000,1.0000
465,30.700,322.0,231.0,322.0,231.0,2.0,-9.0,8.13,0.0510,0.97,DETECTED,LOCKED,30.61,-7.07,31.9,2.04,0,0,0,1.000,0.000000,1.0000
466,30.733,321.0,231.0,321.0,231.0,1.0,-9.0,8.2,0.0510,0.97,DETECTED,LOCKED,30.64,-6.93,16.3,2.37,0,0,0,1.000,0.000000,1.0000
467,30.767,320.0,231.0,320.0,231.0,0.0,-9.0,8.26,0.0520,0.97,DETECTED,LOCKED,30.68,-6.79,27.8,2.55,0,0,0,1.000,0.000000,1.0000
468,30.800,320.0,231.0,320.0,231.0,0.0,-9.0,8.32,0.0520,0.97,DETECTED,LOCKED,30.71,-6.65,28.9,2.34,0,0,0,1.000,0.000000,1.0000
469,30.833,319.0,232.0,319.0,232.0,-1.0,-8.0,8.29,0.0520,0.97,DETECTED,LOCKED,30.75,-6.51,28.9,2.62,0,0,0,1.000,0.000000,1.0000
470,30.867,319.0,232.0,319.0,232.0,-1.0,-8.0,8.27,0.0520,0.97,DETECTED,LOCKED,30.78,-6.37,29.8,3.35,0,0,0,1.000,0.000000,1.0000
471,30.900,318.0,233.0,318.0,233.0,-2.0,-7.0,8.15,0.0510,0.98,DETECTED,LOCKED,30.82,-6.22,28.1,2.03,0,0,0,1.000,0.000000,1.0000
472,30.933,318.0,233.0,318.0,233.0,-2.0,-7.0,8.05,0.0500,0.97,DETECTED,LOCKED,30.85,-6.08,29.2,3.04,0,0,0,1.000,0.000000,1.0000
473,30.967,318.0,232.0,318.0,232.0,-2.0,-8.0,8.04,0.0500,0.97,DETECTED,LOCKED,30.89,-5.94,24.5,2.26,0,0,0,1.000,0.000000,1.0000
474,31.000,316.0,232.0,316.0,232.0,-4.0,-8.0,8.06,0.0500,0.97,DETECTED,LOCKED,30.92,-5.80,29.3,2.93,0,0,0,1.000,0.000000,1.0000
475,31.033,316.0,232.0,316.0,232.0,-4.0,-8.0,8.08,0.0500,0.97,DETECTED,LOCKED,30.95,-5.66,31.9,2.60,0,0,0,1.000,0.000000,1.0000
476,31.067,316.0,232.0,316.0,232.0,-4.0,-8.0,8.11,0.0510,0.97,DETECTED,LOCKED,30.99,-5.52,33.2,2.46,0,0,0,1.000,0.000000,1.0000
477,31.100,315.0,232.0,315.0,232.0,-5.0,-8.0,8.17,0.0510,0.97,DETECTED,LOCKED,31.02,-5.38,17.1,2.18,0,0,0,1.000,0.000000,1.0000
478,31.133,320.0,231.0,320.0,231.0,0.0,-9.0,8.23,0.0510,0.97,DETECTED,LOCKED,31.03,-5.24,34.3,2.05,0,0,0,1.000,0.000000,1.0000
479,31.167,324.0,232.0,324.0,232.0,4.0,-8.0,8.13,0.0510,0.97,DETECTED,LOCKED,31.03,-5.09,32.4,2.13,0,0,0,1.000,0.000000,1.0000
480,31.200,323.0,232.0,323.0,232.0,3.0,-8.0,8.07,0.0500,0.98,DETECTED,LOCKED,31.07,-4.95,33.7,2.42,0,0,0,1.000,0.000000,1.0000
481,31.233,323.0,231.0,323.0,231.0,3.0,-9.0,8.12,0.0510,0.97,DETECTED,LOCKED,31.11,-4.81,32.0,2.55,0,0,0,1.000,0.000000,1.0000
482,31.267,321.0,233.0,321.0,233.0,1.0,-7.0,8.01,0.0500,0.97,DETECTED,LOCKED,31.14,-4.66,33.2,3.78,0,0,0,1.000,0.000000,1.0000
483,31.300,321.0,233.0,321.0,233.0,1.0,-7.0,7.91,0.0490,0.97,DETECTED,LOCKED,31.18,-4.51,33.2,2.22,0,0,0,1.000,0.000000,1.0000
484,31.333,321.0,233.0,321.0,233.0,1.0,-7.0,7.81,0.0490,0.97,DETECTED,LOCKED,31.21,-4.37,31.2,2.16,0,0,0,1.000,0.000000,1.0000
485,31.367,320.0,233.0,320.0,233.0,0.0,-7.0,7.72,0.0480,0.97,DETECTED,LOCKED,31.25,-4.23,31.1,2.09,0,0,0,1.000,0.000000,1.0000
486,31.400,320.0,232.0,320.0,232.0,0.0,-8.0,7.73,0.0480,0.97,DETECTED,LOCKED,31.28,-4.08,33.2,2.19,0,0,0,1.000,0.000000,1.0000
487,31.433,319.0,233.0,319.0,233.0,-1.0,-7.0,7.65,0.0480,0.97,DETECTED,LOCKED,31.31,-3.94,32.2,2.11,0,0,0,1.000,0.000000,1.0000
488,31.467,319.0,232.0,319.0,232.0,-1.0,-8.0,7.66,0.0480,0.97,DETECTED,LOCKED,31.35,-3.80,31.3,2.49,0,0,0,1.000,0.000000,1.0000
489,31.500,318.0,232.0,318.0,232.0,-2.0,-8.0,7.67,0.0480,0.97,DETECTED,LOCKED,31.38,-3.65,31.0,2.53,0,0,0,1.000,0.000000,1.0000
490,31.533,317.0,233.0,317.0,233.0,-3.0,-7.0,7.61,0.0470,0.97,DETECTED,LOCKED,31.42,-3.51,33.2,2.28,0,0,0,1.000,0.000000,1.0000
491,31.567,318.0,231.0,318.0,231.0,-2.0,-9.0,7.72,0.0480,0.97,DETECTED,LOCKED,31.45,-3.37,27.5,3.26,0,0,0,1.000,0.000000,1.0000
492,31.600,317.0,232.0,317.0,232.0,-3.0,-8.0,7.76,0.0480,0.97,DETECTED,LOCKED,31.49,-3.22,31.3,2.59,0,0,0,1.000,0.000000,1.0000
493,31.633,316.0,232.0,316.0,232.0,-4.0,-8.0,7.81,0.0490,0.97,DETECTED,LOCKED,31.52,-3.07,31.0,2.13,0,0,0,1.000,0.000000,1.0000
494,31.667,316.0,232.0,316.0,232.0,-4.0,-8.0,7.86,0.0490,0.98,DETECTED,LOCKED,31.56,-2.93,32.2,2.11,0,0,0,1.000,0.000000,1.0000
495,31.700,315.0,233.0,315.0,233.0,-5.0,-7.0,7.86,0.0490,0.97,DETECTED,LOCKED,31.59,-2.78,33.2,2.18,0,0,0,1.000,0.000000,1.0000
496,31.733,320.0,233.0,320.0,233.0,0.0,-7.0,7.77,0.0480,0.97,DETECTED,LOCKED,31.59,-2.63,29.7,2.30,0,0,0,1.000,0.000000,1.0000
497,31.767,324.0,234.0,324.0,234.0,4.0,-6.0,7.53,0.0470,0.97,DETECTED,LOCKED,31.60,-2.48,16.9,1.98,0,0,0,1.000,0.000000,1.0000
498,31.800,322.0,233.0,322.0,233.0,2.0,-7.0,7.43,0.0460,0.97,DETECTED,LOCKED,31.64,-2.34,38.5,2.03,0,0,0,1.000,0.000000,1.0000
499,31.833,323.0,232.0,323.0,232.0,3.0,-8.0,7.42,0.0460,0.98,DETECTED,LOCKED,31.67,-2.19,34.3,2.05,0,0,0,1.000,0.000000,1.0000
500,31.867,321.0,233.0,321.0,233.0,1.0,-7.0,7.36,0.0460,0.97,DETECTED,LOCKED,31.71,-2.05,33.1,1.98,0,0,0,1.000,0.000000,1.0000
501,31.900,321.0,233.0,321.0,233.0,1.0,-7.0,7.29,0.0460,0.97,DETECTED,LOCKED,31.74,-1.90,32.3,2.04,0,0,0,1.000,0.000000,1.0000
502,31.933,321.0,233.0,321.0,233.0,1.0,-7.0,7.24,0.0450,0.97,DETECTED,LOCKED,31.78,-1.75,29.8,2.69,0,0,0,1.000,0.000000,1.0000
503,31.967,320.0,233.0,320.0,233.0,0.0,-7.0,7.19,0.0450,0.97,DETECTED,LOCKED,31.81,-1.61,33.4,2.18,0,0,0,1.000,0.000000,1.0000
504,32.000,320.0,233.0,320.0,233.0,0.0,-7.0,7.15,0.0450,0.97,DETECTED,LOCKED,31.84,-1.46,31.9,2.29,0,0,0,1.000,0.000000,1.0000
505,32.033,319.0,233.0,319.0,233.0,-1.0,-7.0,7.11,0.0440,0.97,DETECTED,LOCKED,31.88,-1.32,30.1,2.17,0,0,0,1.000,0.000000,1.0000
506,32.067,318.0,233.0,318.0,233.0,-2.0,-7.0,7.08,0.0440,0.98,DETECTED,LOCKED,31.91,-1.17,34.3,2.01,0,0,0,1.000,0.000000,1.0000
507,32.100,318.0,232.0,318.0,232.0,-2.0,-8.0,7.14,0.0450,0.97,DETECTED,LOCKED,31.95,-1.03,34.3,1.99,0,0,0,1.000,0.000000,1.0000
508,32.133,317.0,234.0,317.0,234.0,-3.0,-6.0,7.04,0.0440,0.97,DETECTED,LOCKED,31.98,-0.88,33.9,3.87,0,0,0,1.000,0.000000,1.0000
509,32.167,317.0,233.0,317.0,233.0,-3.0,-7.0,7.03,0.0440,0.97,DETECTED,LOCKED,32.02,-0.73,32.3,2.12,0,0,0,1.000,0.000000,1.0000
510,32.200,317.0,233.0,317.0,233.0,-3.0,-7.0,7.03,0.0440,0.97,DETECTED,LOCKED,32.05,-0.59,17.3,2.05,0,0,0,1.000,0.000000,1.0000
511,32.233,315.0,233.0,315.0,233.0,-5.0,-7.0,7.07,0.0440,0.97,DETECTED,LOCKED,32.08,-0.44,39.8,2.02,0,0,0,1.000,0.000000,1.0000
512,32.267,315.0,232.0,315.0,232.0,-5.0,-8.0,7.22,0.0450,0.97,DETECTED,LOCKED,32.12,-0.30,35.5,3.26,0,0,0,1.000,0.000000,1.0000
513,32.300,319.0,234.0,319.0,234.0,-1.0,-6.0,7.11,0.0440,0.97,DETECTED,LOCKED,32.12,-0.15,34.4,1.97,0,0,0,1.000,0.000000,1.0000
514,32.333,324.0,233.0,324.0,233.0,4.0,-7.0,6.99,0.0440,0.97,DETECTED,LOCKED,32.13,-0.00,32.9,2.41,0,0,0,1.000,0.000000,1.0000
515,32.367,323.0,233.0,323.0,233.0,3.0,-7.0,6.92,0.0430,0.97,DETECTED,LOCKED,32.16,0.15,16.8,1.99,0,0,0,1.000,0.000000,1.0000
516,32.400,322.0,235.0,322.0,235.0,2.0,-5.0,6.7,0.0420,0.97,DETECTED,LOCKED,32.20,0.29,40.0,1.97,0,0,0,1.000,0.000000,1.0000
517,32.433,322.0,234.0,322.0,234.0,2.0,-6.0,6.59,0.0410,0.97,DETECTED,LOCKED,32.23,0.44,33.0,2.10,0,0,0,1.000,0.000000,1.0000
518,32.467,321.0,234.0,321.0,234.0,1.0,-6.0,6.49,0.0410,0.97,DETECTED,LOCKED,32.27,0.58,35.7,2.69,0,0,0,1.000,0.000000,1.0000
519,32.500,320.0,234.0,320.0,234.0,0.0,-6.0,6.41,0.0400,0.97,DETECTED,LOCKED,32.30,0.73,33.2,2.12,0,0,0,1.000,0.000000,1.0000
520,32.533,320.0,233.0,320.0,233.0,0.0,-7.0,6.42,0.0400,0.97,DETECTED,LOCKED,32.33,0.87,16.7,3.48,0,0,0,1.000,0.000000,1.0000
521,32.567,319.0,233.0,319.0,233.0,-1.0,-7.0,6.44,0.0400,0.97,DETECTED,LOCKED,32.37,1.01,31.6,3.02,0,0,0,1.000,0.000000,1.0000
522,32.600,319.0,232.0,319.0,232.0,-1.0,-8.0,6.55,0.0410,0.97,DETECTED,LOCKED,32.40,1.15,34.3,1.95,0,0,0,1.000,0.000000,1.0000
523,32.633,318.0,233.0,318.0,233.0,-2.0,-7.0,6.57,0.0410,0.97,DETECTED,LOCKED,32.44,1.30,34.2,2.05,0,0,0,1.000,0.000000,1.0000
524,32.667,317.0,234.0,317.0,234.0,-3.0,-6.0,6.51,0.0410,0.97,DETECTED,LOCKED,32.47,1.45,34.2,2.05,0,0,0,1.000,0.000000,1.0000
525,32.700,318.0,233.0,318.0,233.0,-2.0,-7.0,6.54,0.0410,0.97,DETECTED,LOCKED,32.50,1.60,33.1,2.77,0,0,0,1.000,0.000000,1.0000
526,32.733,317.0,235.0,317.0,235.0,-3.0,-5.0,6.41,0.0400,0.97,DETECTED,LOCKED,32.54,1.74,33.9,2.13,0,0,0,1.000,0.000000,1.0000
527,32.767,316.0,235.0,316.0,235.0,-4.0,-5.0,6.31,0.0400,0.98,DETECTED,LOCKED,32.57,1.89,33.5,2.06,0,0,0,1.000,0.000000,1.0000
528,32.800,316.0,235.0,316.0,235.0,-4.0,-5.0,6.24,0.0390,0.98,DETECTED,LOCKED,32.61,2.03,34.4,2.14,0,0,0,1.000,0.000000,1.0000
529,32.833,315.0,235.0,315.0,235.0,-5.0,-5.0,6.2,0.0390,0.97,DETECTED,LOCKED,32.64,2.17,17.4,2.02,0,0,0,1.000,0.000000,1.0000
530,32.867,320.0,234.0,320.0,234.0,0.0,-6.0,6.13,0.0390,0.97,DETECTED,LOCKED,32.64,2.31,34.3,3.39,0,0,0,1.000,0.000000,1.0000
531,32.900,324.0,234.0,324.0,234.0,4.0,-6.0,5.98,0.0380,0.97,DETECTED,LOCKED,32.65,2.45,30.2,2.53,0,0,0,1.000,0.000000,1.0000
532,32.933,323.0,234.0,323.0,234.0,3.0,-6.0,5.89,0.0360,0.97,DETECTED,LOCKED,32.68,2.60,27.5,2.55,0,0,0,1.000,0.000000,1.0000
533,32.967,323.0,233.0,323.0,233.0,3.0,-7.0,5.91,0.0370,0.97,DETECTED,LOCKED,32.72,2.73,29.8,2.92,0,0,0,1.000,0.000000,1.0000
534,33.000,321.0,234.0,321.0,234.0,1.0,-6.0,5.87,0.0370,0.97,DETECTED,LOCKED,32.75,2.88,30.1,2.40,0,0,0,1.000,0.000000,1.0000
535,33.033,321.0,234.0,321.0,234.0,1.0,-6.0,5.83,0.0360,0.97,DETECTED,LOCKED,32.78,3.02,29.7,2.50,0,0,0,1.000,0.000000,1.0000
536,33.067,321.0,233.0,321.0,233.0,1.0,-7.0,5.9,0.0370,0.97,DETECTED,LOCKED,32.82,3.16,30.0,2.71,0,0,0,1.000,0.000000,1.0000
537,33.100,320.0,234.0,320.0,234.0,0.0,-6.0,5.87,0.0370,0.98,DETECTED,LOCKED,32.85,3.30,30.1,2.35,0,0,0,1.000,0.000000,1.0000
538,33.133,319.0,235.0,319.0,235.0,-1.0,-5.0,5.77,0.0360,0.98,DETECTED,LOCKED,32.89,3.45,29.9,2.19,0,0,0,1.000,0.000000,1.0000
539,33.167,319.0,235.0,319.0,235.0,-1.0,-5.0,5.67,0.0350,0.97,DETECTED,LOCKED,32.92,3.59,32.0,3.36,0,0,0,1.000,0.000000,1.0000
540,33.200,318.0,235.0,318.0,235.0,-2.0,-5.0,5.58,0.0350,0.97,DETECTED,LOCKED,32.95,3.73,31.0,2.32,0,0,0,1.000,0.000000,1.0000
541,33.233,318.0,235.0,318.0,235.0,-2.0,-5.0,5.5,0.0340,0.98,DETECTED,LOCKED,32.99,3.87,17.1,2.09,0,0,0,1.000,0.000000,1.0000
542,33.267,317.0,236.0,317.0,236.0,-3.0,-4.0,5.35,0.0330,0.97,DETECTED,LOCKED,33.02,4.01,37.4,2.01,0,0,0,1.000,0.000000,1.0000
543,33.300,317.0,235.0,317.0,235.0,-3.0,-5.0,5.31,0.0340,0.97,DETECTED,LOCKED,33.06,4.14,37.1,2.00,0,0,0,1.000,0.000000,1.0000
544,33.333,317.0,234.0,317.0,234.0,-3.0,-6.0,5.36,0.0340,0.97,DETECTED,LOCKED,33.09,4.28,33.9,1.94,0,0,0,1.000,0.000000,1.0000
545,33.367,315.0,235.0,315.0,235.0,-5.0,-5.0,5.38,0.0330,0.98,DETECTED,LOCKED,33.12,4.42,33.1,2.47,0,0,0,1.000,0.000000,1.0000
546,33.400,315.0,234.0,315.0,234.0,-5.0,-6.0,5.51,0.0350,0.97,DETECTED,LOCKED,33.16,4.55,16.9,1.99,0,0,0,1.000,0.000000,1.0000
547,33.433,319.0,234.0,319.0,234.0,-1.0,-6.0,5.53,0.0350,0.97,DETECTED,LOCKED,33.16,4.69,40.0,2.06,0,0,0,1.000,0.000000,1.0000
548,33.467,323.0,234.0,323.0,234.0,3.0,-6.0,5.45,0.0340,0.98,DETECTED,LOCKED,33.16,4.83,38.5,2.05,0,0,0,1.000,0.000000,1.0000
549,33.500,323.0,235.0,323.0,235.0,3.0,-5.0,5.31,0.0340,0.97,DETECTED,LOCKED,33.20,4.97,16.7,2.30,0,0,0,1.000,0.000000,1.0000
550,33.533,321.0,236.0,321.0,236.0,1.0,-4.0,5.13,0.0320,0.97,DETECTED,LOCKED,33.23,5.11,28.6,2.24,0,0,0,1.000,0.000000,1.0000
551,33.567,322.0,235.0,322.0,235.0,2.0,-5.0,5.05,0.0310,0.97,DETECTED,LOCKED,33.27,5.25,31.1,2.13,0,0,0,1.000,0.000000,1.0000
552,33.600,321.0,236.0,321.0,236.0,1.0,-4.0,4.91,0.0310,0.97,DETECTED,LOCKED,33.30,5.38,31.0,2.45,0,0,0,1.000,0.000000,1.0000
553,33.633,319.0,237.0,319.0,237.0,-1.0,-3.0,4.7,0.0290,0.97,DETECTED,LOCKED,33.33,5.52,33.1,2.59,0,0,0,1.000,0.000000,1.0000
554,33.667,320.0,235.0,320.0,235.0,0.0,-5.0,4.67,0.0290,0.97,DETECTED,LOCKED,33.37,5.65,32.2,2.48,0,0,0,1.000,0.000000,1.0000
555,33.700,319.0,236.0,319.0,236.0,-1.0,-4.0,4.56,0.0280,0.98,DETECTED,LOCKED,33.40,5.78,30.6,1.99,0,0,0,1.000,0.000000,1.0000
556,33.733,318.0,235.0,318.0,235.0,-2.0,-5.0,4.57,0.0280,0.97,DETECTED,LOCKED,33.44,5.91,30.0,1.93,0,0,0,1.000,0.000000,1.0000
557,33.767,318.0,234.0,318.0,234.0,-2.0,-6.0,4.66,0.0290,0.97,DETECTED,LOCKED,33.47,6.04,31.5,2.62,0,0,0,1.000,0.000000,1.0000
558,33.800,317.0,235.0,317.0,235.0,-3.0,-5.0,4.69,0.0300,0.97,DETECTED,LOCKED,33.50,6.17,33.1,1.97,0,0,0,1.000,0.000000,1.0000
559,33.833,317.0,234.0,317.0,234.0,-3.0,-6.0,4.81,0.0300,0.97,DETECTED,LOCKED,33.54,6.31,32.2,1.96,0,0,0,1.000,0.000000,1.0000
560,33.867,316.0,236.0,316.0,236.0,-4.0,-4.0,4.78,0.0300,0.97,DETECTED,LOCKED,33.57,6.44,33.1,4.58,0,0,0,1.000,0.000000,1.0000
561,33.900,315.0,236.0,315.0,236.0,-5.0,-4.0,4.8,0.0300,0.97,DETECTED,LOCKED,33.60,6.57,26.5,2.43,0,0,0,1.000,0.000000,1.0000
562,33.933,320.0,236.0,320.0,236.0,0.0,-4.0,4.68,0.0300,0.97,DETECTED,LOCKED,33.61,6.71,26.1,5.20,0,0,0,1.000,0.000000,1.0000
563,33.967,323.0,237.0,323.0,237.0,3.0,-3.0,4.41,0.0270,0.97,DETECTED,LOCKED,33.61,6.84,28.3,2.14,0,0,0,1.000,0.000000,1.0000
564,34.000,322.0,236.0,322.0,236.0,2.0,-4.0,4.27,0.0270,0.97,DETECTED,LOCKED,33.65,6.97,29.1,1.92,0,0,0,1.000,0.000000,1.0000
565,34.033,322.0,236.0,322.0,236.0,2.0,-4.0,4.16,0.0260,0.97,DETECTED,LOCKED,33.68,7.09,29.9,3.20,0,0,0,1.000,0.000000,1.0000
566,34.067,321.0,237.0,321.0,237.0,1.0,-3.0,3.99,0.0250,0.97,DETECTED,LOCKED,33.72,7.22,31.1,4.42,0,0,0,1.000,0.000000,1.0000
567,34.100,321.0,236.0,321.0,236.0,1.0,-4.0,3.92,0.0240,0.97,DETECTED,LOCKED,33.75,7.35,29.1,3.12,0,0,0,1.000,0.000000,1.0000
568,34.133,320.0,237.0,320.0,237.0,0.0,-3.0,3.78,0.0240,0.97,DETECTED,LOCKED,33.78,7.47,29.3,2.71,0,0,0,1.000,0.000000,1.0000
569,34.167,319.0,236.0,319.0,236.0,-1.0,-4.0,3.75,0.0230,0.97,DETECTED,LOCKED,33.82,7.60,29.6,2.82,0,0,0,1.000,0.000000,1.0000
570,34.200,320.0,235.0,320.0,235.0,0.0,-5.0,3.8,0.0240,0.97,DETECTED,LOCKED,33.85,7.72,29.1,2.71,0,0,0,1.000,0.000000,1.0000
571,34.233,318.0,236.0,318.0,236.0,-2.0,-4.0,3.78,0.0230,0.97,DETECTED,LOCKED,33.88,7.85,30.9,2.37,0,0,0,1.000,0.000000,1.0000
572,34.267,318.0,235.0,318.0,235.0,-2.0,-5.0,3.86,0.0240,0.97,DETECTED,LOCKED,33.92,7.97,34.2,1.97,0,0,0,1.000,0.000000,1.0000
573,34.300,317.0,236.0,317.0,236.0,-3.0,-4.0,3.87,0.0250,0.97,DETECTED,LOCKED,33.95,8.10,33.2,2.46,0,0,0,1.000,0.000000,1.0000
574,34.333,317.0,236.0,317.0,236.0,-3.0,-4.0,3.89,0.0250,0.97,DETECTED,LOCKED,33.98,8.22,34.2,2.00,0,0,0,1.000,0.000000,1.0000
575,34.367,316.0,236.0,316.0,236.0,-4.0,-4.0,3.94,0.0240,0.97,DETECTED,LOCKED,34.01,8.35,33.1,2.15,0,0,0,1.000,0.000000,1.0000
576,34.400,315.0,238.0,315.0,238.0,-5.0,-2.0,3.89,0.0240,0.97,DETECTED,LOCKED,34.05,8.47,33.4,2.36,0,0,0,1.000,0.000000,1.0000
577,34.433,319.0,237.0,319.0,237.0,-1.0,-3.0,3.79,0.0240,0.97,DETECTED,LOCKED,34.05,8.60,28.3,1.97,0,0,0,1.000,0.000000,1.0000
578,34.467,323.0,237.0,323.0,237.0,3.0,-3.0,3.57,0.0220,0.97,DETECTED,LOCKED,34.06,8.72,32.3,2.11,0,0,0,1.000,0.000000,1.0000
579,34.500,321.0,238.0,321.0,238.0,1.0,-2.0,3.35,0.0210,0.98,DETECTED,LOCKED,34.09,8.84,34.2,1.97,0,0,0,1.000,0.000000,1.0000
580,34.533,322.0,237.0,322.0,237.0,2.0,-3.0,3.21,0.0200,0.97,DETECTED,LOCKED,34.13,8.96,31.0,2.95,0,0,0,1.000,0.000000,1.0000
581,34.567,321.0,237.0,321.0,237.0,1.0,-3.0,3.1,0.0190,0.97,DETECTED,LOCKED,34.16,9.07,29.2,1.93,0,0,0,1.000,0.000000,1.0000
582,34.600,320.0,237.0,320.0,237.0,0.0,-3.0,3.03,0.0190,0.97,DETECTED,LOCKED,34.20,9.19,27.7,2.00,0,0,0,1.000,0.000000,1.0000
583,34.633,320.0,237.0,320.0,237.0,0.0,-3.0,2.97,0.0180,0.97,DETECTED,LOCKED,34.23,9.31,34.1,1.98,0,0,0,1.000,0.000000,1.0000
584,34.667,319.0,237.0,319.0,237.0,-1.0,-3.0,2.92,0.0180,0.97,DETECTED,LOCKED,34.26,9.42,34.3,1.99,0,0,0,1.000,0.000000,1.0000
585,34.700,319.0,236.0,319.0,236.0,-1.0,-4.0,2.97,0.0180,0.97,DETECTED,LOCKED,34.29,9.54,33.1,2.04,0,0,0,1.000,0.000000,1.0000
586,34.733,318.0,237.0,318.0,237.0,-2.0,-3.0,2.95,0.0180,0.98,DETECTED,LOCKED,34.33,9.65,30.7,1.97,0,0,0,1.000,0.000000,1.0000
587,34.767,317.0,237.0,317.0,237.0,-3.0,-3.0,2.96,0.0190,0.97,DETECTED,LOCKED,34.36,9.77,32.2,2.37,0,0,0,1.000,0.000000,1.0000
588,34.800,317.0,236.0,317.0,236.0,-3.0,-4.0,3.07,0.0190,0.97,DETECTED,LOCKED,34.39,9.88,34.4,1.96,0,0,0,1.000,0.000000,1.0000
589,34.833,316.0,237.0,316.0,237.0,-4.0,-3.0,3.14,0.0200,0.97,DETECTED,LOCKED,34.43,10.00,33.1,2.00,0,0,0,1.000,0.000000,1.0000
590,34.867,315.0,238.0,315.0,238.0,-5.0,-2.0,3.2,0.0200,0.97,DETECTED,LOCKED,34.46,10.11,35.6,1.96,0,0,0,1.000,0.000000,1.0000
591,34.900,319.0,238.0,319.0,238.0,-1.0,-2.0,3.09,0.0190,0.97,DETECTED,LOCKED,34.46,10.23,33.4,2.64,0,0,0,1.000,0.000000,1.0000
592,34.933,323.0,239.0,323.0,239.0,3.0,-1.0,2.73,0.0170,0.97,DETECTED,LOCKED,34.47,10.34,33.1,2.34,0,0,0,1.000,0.000000,1.0000
593,34.967,322.0,238.0,322.0,238.0,2.0,-2.0,2.53,0.0160,0.97,DETECTED,LOCKED,34.51,10.45,31.6,2.58,0,0,0,1.000,0.000000,1.0000
594,35.000,321.0,239.0,321.0,239.0,1.0,-1.0,2.3,0.0140,0.98,DETECTED,LOCKED,34.54,10.56,19.2,1.97,0,0,0,1.000,0.000000,1.0000
595,35.033,320.0,238.0,320.0,238.0,0.0,-2.0,2.2,0.0140,0.97,DETECTED,LOCKED,34.57,10.66,21.2,1.99,0,0,0,1.000,0.000000,1.0000
596,35.067,321.0,236.0,321.0,236.0,1.0,-4.0,2.26,0.0150,0.97,DETECTED,LOCKED,34.61,10.77,40.0,1.99,0,0,0,1.000,0.000000,1.0000
597,35.100,319.0,238.0,319.0,238.0,-1.0,-2.0,2.19,0.0140,0.98,DETECTED,LOCKED,34.64,10.88,19.3,2.00,0,0,0,1.000,0.000000,1.0000
598,35.133,319.0,237.0,319.0,237.0,-1.0,-3.0,2.22,0.0140,0.97,DETECTED,LOCKED,34.67,10.98,38.3,2.03,0,0,0,1.000,0.000000,1.0000
599,35.167,319.0,237.0,319.0,237.0,-1.0,-3.0,2.25,0.0140,0.97,DETECTED,LOCKED,34.70,11.09,19.0,1.97,0,0,0,1.000,0.000000,1.0000
600,35.200,317.0,237.0,317.0,237.0,-3.0,-3.0,2.34,0.0150,0.98,DETECTED,LOCKED,34.74,11.20,38.3,3.20,0,0,0,1.000,0.000000,1.0000
601,35.233,317.0,238.0,317.0,238.0,-3.0,-2.0,2.36,0.0140,0.97,DETECTED,LOCKED,34.77,11.30,19.5,1.99,0,0,0,1.000,0.000000,1.0000
602,35.267,316.0,239.0,316.0,239.0,-4.0,-1.0,2.37,0.0140,0.97,DETECTED,LOCKED,34.80,11.41,21.5,1.99,0,0,0,1.000,0.000000,1.0000
603,35.300,316.0,239.0,316.0,239.0,-4.0,-1.0,2.41,0.0150,0.97,DETECTED,LOCKED,34.83,11.52,21.6,1.98,0,0,0,1.000,0.000000,1.0000
604,35.333,320.0,238.0,320.0,238.0,0.0,-2.0,2.31,0.0140,0.97,DETECTED,LOCKED,34.84,11.62,21.1,2.39,0,0,0,1.000,0.000000,1.0000
605,35.367,318.0,240.0,318.0,240.0,-2.0,0.0,2.2,0.0140,0.97,DETECTED,LOCKED,34.87,11.72,21.7,1.97,0,0,0,1.000,0.000000,1.0000
606,35.400,323.0,239.0,323.0,239.0,3.0,-1.0,1.87,0.0110,0.97,DETECTED,LOCKED,34.88,11.82,21.1,2.03,0,0,0,1.000,0.000000,1.0000
607,35.433,322.0,235.0,322.0,235.0,2.0,-5.0,1.93,0.0120,0.97,DETECTED,LOCKED,34.91,11.89,36.8,2.28,0,0,0,1.000,0.000000,1.0000
608,35.467,321.0,236.0,321.0,236.0,1.0,-4.0,2.01,0.0130,0.97,DETECTED,LOCKED,34.95,12.00,20.7,1.99,0,0,0,1.000,0.000000,1.0000
609,35.500,321.0,237.0,321.0,237.0,1.0,-3.0,2.01,0.0120,0.97,DETECTED,LOCKED,34.98,12.10,20.3,2.54,0,0,0,1.000,0.000000,1.0000
610,35.533,320.0,239.0,320.0,239.0,0.0,-1.0,1.88,0.0110,0.97,DETECTED,LOCKED,35.01,12.21,34.1,4.10,0,0,0,1.000,0.000000,1.0000
611,35.567,320.0,239.0,320.0,239.0,0.0,-1.0,1.76,0.0110,0.97,DETECTED,LOCKED,35.04,12.31,33.1,3.43,0,0,0,1.000,0.000000,1.0000
612,35.600,319.0,241.0,319.0,241.0,-1.0,1.0,1.5,0.0090,0.97,DETECTED,LOCKED,35.08,12.42,31.4,2.29,0,0,0,1.000,0.000000,1.0000
613,35.633,317.0,238.0,317.0,238.0,-3.0,-2.0,1.57,0.0100,0.97,DETECTED,LOCKED,35.11,12.49,20.6,2.26,0,0,0,1.000,0.000000,1.0000
614,35.667,318.0,234.0,318.0,234.0,-2.0,-6.0,1.94,0.0120,0.97,DETECTED,LOCKED,35.14,12.56,34.4,2.21,0,0,0,1.000,0.000000,1.0000
615,35.700,317.0,237.0,317.0,237.0,-3.0,-3.0,2.09,0.0130,0.97,DETECTED,LOCKED,35.17,12.67,32.0,2.01,0,0,0,1.000,0.000000,1.0000
616,35.733,316.0,239.0,316.0,239.0,-4.0,-1.0,2.14,0.0140,0.97,DETECTED,LOCKED,35.21,12.78,33.1,2.34,0,0,0,1.000,0.000000,1.0000
617,35.767,316.0,241.0,316.0,241.0,-4.0,1.0,2.1,0.0130,0.97,DETECTED,LOCKED,35.24,12.88,20.1,2.09,0,0,0,1.000,0.000000,1.0000
618,35.800,315.0,239.0,315.0,239.0,-5.0,-1.0,2.3,0.0140,0.97,DETECTED,LOCKED,35.27,12.96,21.4,1.97,0,0,0,1.000,0.000000,1.0000
619,35.833,320.0,236.0,320.0,236.0,0.0,-4.0,2.33,0.0150,0.97,DETECTED,LOCKED,35.27,13.03,21.5,1.99,0,0,0,1.000,0.000000,1.0000
620,35.867,323.0,239.0,323.0,239.0,3.0,-1.0,2.0,0.0120,0.98,DETECTED,LOCKED,35.28,13.14,21.3,2.27,0,0,0,1.000,0.000000,1.0000
621,35.900,322.0,237.0,322.0,237.0,2.0,-3.0,1.91,0.0120,0.98,DETECTED,LOCKED,35.31,13.21,33.3,2.81,0,0,0,1.000,0.000000,1.0000
622,35.933,322.0,239.0,322.0,239.0,2.0,-1.0,1.7,0.0110,0.98,DETECTED,LOCKED,35.34,13.32,27.4,1.96,0,0,0,1.000,0.000000,1.0000
623,35.967,321.0,242.0,321.0,242.0,1.0,2.0,1.32,0.0080,0.97,DETECTED,LOCKED,35.38,13.42,29.6,1.97,0,0,0,1.000,0.000000,1.0000
624,36.000,320.0,241.0,320.0,241.0,0.0,1.0,1.08,0.0070,0.97,DETECTED,LOCKED,35.41,13.50,32.4,2.29,0,0,0,1.000,0.000000,1.0000
625,36.033,320.0,239.0,320.0,239.0,0.0,-1.0,1.01,0.0070,0.97,DETECTED,LOCKED,35.44,13.57,31.6,2.11,0,0,0,1.000,0.000000,1.0000
626,36.067,319.0,238.0,319.0,238.0,-1.0,-2.0,1.06,0.0070,0.97,DETECTED,LOCKED,35.47,13.65,29.9,2.20,0,0,0,1.000,0.000000,1.0000
627,36.100,319.0,237.0,319.0,237.0,-1.0,-3.0,1.2,0.0080,0.98,DETECTED,LOCKED,35.51,13.73,31.4,2.36,0,0,0,1.000,0.000000,1.0000
628,36.133,318.0,237.0,318.0,237.0,-2.0,-3.0,1.37,0.0090,0.97,DETECTED,LOCKED,35.54,13.81,32.1,2.21,0,0,0,1.000,0.000000,1.0000
629,36.167,317.0,236.0,317.0,236.0,-3.0,-4.0,1.65,0.0100,0.97,DETECTED,LOCKED,35.57,13.88,32.1,1.99,0,0,0,1.000,0.000000,1.0000
630,36.200,318.0,235.0,318.0,235.0,-2.0,-5.0,1.96,0.0130,0.98,DETECTED,LOCKED,35.60,13.96,34.0,1.98,0,0,0,1.000,0.000000,1.0000
631,36.233,316.0,241.0,316.0,241.0,-4.0,1.0,1.91,0.0120,0.98,DETECTED,LOCKED,35.64,14.07,34.2,1.97,0,0,0,1.000,0.000000,1.0000
632,36.267,316.0,240.0,316.0,240.0,-4.0,0.0,1.98,0.0120,0.97,DETECTED,LOCKED,35.67,14.15,32.9,2.68,0,0,0,1.000,0.000000,1.0000
633,36.300,316.0,240.0,316.0,240.0,-4.0,0.0,2.09,0.0130,0.97,DETECTED,LOCKED,35.70,14.23,34.0,3.19,0,0,0,1.000,0.000000,1.0000
634,36.333,319.0,241.0,319.0,241.0,-1.0,1.0,1.94,0.0130,0.97,DETECTED,LOCKED,35.70,14.30,33.1,2.07,0,0,0,1.000,0.000000,1.0000
635,36.367,323.0,241.0,323.0,241.0,3.0,1.0,1.51,0.0090,0.98,DETECTED,LOCKED,35.70,14.38,34.0,1.98,0,0,0,1.000,0.000000,1.0000
636,36.400,322.0,242.0,322.0,242.0,2.0,2.0,1.12,0.0070,0.97,DETECTED,LOCKED,35.74,14.46,32.9,2.24,0,0,0,1.000,0.000000,1.0000
637,36.433,322.0,242.0,322.0,242.0,2.0,2.0,0.78,0.0050,0.97,DETECTED,LOCKED,35.77,14.54,23.2,2.39,0,0,0,1.000,0.000000,1.0000
638,36.467,321.0,243.0,321.0,243.0,1.0,3.0,0.61,0.0040,0.97,DETECTED,LOCKED,35.80,14.62,27.4,2.12,0,0,0,1.000,0.000000,1.0000
639,36.500,320.0,245.0,320.0,245.0,0.0,5.0,0.84,0.0050,0.97,DETECTED,LOCKED,35.84,14.70,29.0,2.13,0,0,0,1.000,0.000000,1.0000
640,36.533,320.0,245.0,320.0,245.0,0.0,5.0,1.22,0.0080,0.97,DETECTED,LOCKED,35.87,14.77,33.0,2.14,0,0,0,1.000,0.000000,1.0000
641,36.567,320.0,246.0,320.0,246.0,0.0,6.0,1.72,0.0100,0.97,DETECTED,LOCKED,35.90,14.85,32.6,2.35,0,0,0,1.000,0.000000,1.0000
642,36.600,318.0,244.0,318.0,244.0,-2.0,4.0,2.07,0.0130,0.97,DETECTED,LOCKED,35.93,14.91,29.1,2.31,0,0,0,1.000,0.000000,1.0000
643,36.633,318.0,239.0,318.0,239.0,-2.0,-1.0,1.97,0.0130,0.97,DETECTED,LOCKED,35.96,14.95,27.7,2.43,0,0,0,1.000,0.000000,1.0000
644,36.667,317.0,237.0,317.0,237.0,-3.0,-3.0,1.77,0.0110,0.97,DETECTED,LOCKED,36.00,15.00,23.6,2.84,0,0,0,1.000,0.000000,1.0000
645,36.700,317.0,234.0,317.0,234.0,-3.0,-6.0,1.42,0.0080,0.97,DETECTED,LOCKED,36.03,15.05,25.9,2.14,0,0,0,1.000,0.000000,1.0000
646,36.733,316.0,236.0,316.0,236.0,-4.0,-4.0,1.43,0.0090,0.98,DETECTED,LOCKED,36.06,15.13,26.1,2.49,0,0,0,1.000,0.000000,1.0000
647,36.767,315.0,239.0,315.0,239.0,-5.0,-1.0,1.72,0.0100,0.97,DETECTED,LOCKED,36.09,15.21,25.6,2.39,0,0,0,1.000,0.000000,1.0000
648,36.800,320.0,241.0,320.0,241.0,0.0,1.0,1.64,0.0110,0.97,DETECTED,LOCKED,36.10,15.29,28.5,2.18,0,0,0,1.000,0.000000,1.0000
649,36.833,323.0,244.0,323.0,244.0,3.0,4.0,1.5,0.0090,0.97,DETECTED,LOCKED,36.10,15.37,26.2,2.18,0,0,0,1.000,0.000000,1.0000
650,36.867,321.0,247.0,321.0,247.0,1.0,7.0,1.84,0.0120,0.97,DETECTED,LOCKED,36.13,15.45,31.0,2.47,0,0,0,1.000,0.000000,1.0000
651,36.900,322.0,245.0,322.0,245.0,2.0,5.0,2.08,0.0130,0.97,DETECTED,LOCKED,36.17,15.50,29.4,1.99,0,0,0,1.000,0.000000,1.0000
652,36.933,321.0,243.0,321.0,243.0,1.0,3.0,2.22,0.0130,0.97,DETECTED,LOCKED,36.20,15.55,20.2,2.23,0,0,0,1.000,0.000000,1.0000
653,36.967,320.0,240.0,320.0,240.0,0.0,0.0,2.12,0.0130,0.98,DETECTED,LOCKED,36.23,15.59,20.0,2.01,0,0,0,1.000,0.000000,1.0000
654,37.000,319.0,239.0,319.0,239.0,-1.0,-1.0,1.95,0.0120,0.97,DETECTED,LOCKED,36.26,15.64,21.6,1.95,0,0,0,1.000,0.000000,1.0000
655,37.033,318.0,237.0,318.0,237.0,-2.0,-3.0,1.65,0.0110,0.97,DETECTED,LOCKED,36.30,15.69,21.5,2.61,0,0,0,1.000,0.000000,1.0000
656,37.067,319.0,236.0,319.0,236.0,-1.0,-4.0,1.27,0.0080,0.97,DETECTED,LOCKED,36.33,15.74,33.1,3.30,0,0,0,1.000,0.000000,1.0000
657,37.100,317.0,240.0,317.0,240.0,-3.0,0.0,1.34,0.0090,0.97,DETECTED,LOCKED,36.36,15.82,32.9,1.96,0,0,0,1.000,0.000000,1.0000
658,37.133,317.0,244.0,317.0,244.0,-3.0,4.0,1.69,0.0100,0.98,DETECTED,LOCKED,36.39,15.90,32.1,1.97,0,0,0,1.000,0.000000,1.0000
659,37.167,317.0,248.0,317.0,248.0,-3.0,8.0,2.32,0.0140,0.97,DETECTED,LOCKED,36.42,15.98,31.9,1.95,0,0,0,1.000,0.000000,1.0000
660,37.200,316.0,247.0,316.0,247.0,-4.0,7.0,2.9,0.0180,0.97,DETECTED,LOCKED,36.45,16.03,30.3,2.49,0,0,0,1.000,0.000000,1.0000
661,37.233,315.0,244.0,315.0,244.0,-5.0,4.0,3.27,0.0200,0.97,DETECTED,LOCKED,36.49,16.07,27.5,3.57,0,0,0,1.000,0.000000,1.0000
662,37.267,319.0,242.0,319.0,242.0,-1.0,2.0,3.28,0.0200,0.97,DETECTED,LOCKED,36.49,16.10,29.9,3.35,0,0,0,1.000,0.000000,1.0000
663,37.300,323.0,239.0,323.0,239.0,3.0,-1.0,2.87,0.0180,0.97,DETECTED,LOCKED,36.49,16.13,25.5,2.84,0,0,0,1.000,0.000000,1.0000
664,37.333,323.0,237.0,323.0,237.0,3.0,-3.0,2.34,0.0140,0.97,DETECTED,LOCKED,36.52,16.17,23.8,3.16,0,0,0,1.000,0.000000,1.0000
665,37.367,321.0,237.0,321.0,237.0,1.0,-3.0,1.9,0.0120,0.97,DETECTED,LOCKED,36.55,16.22,27.4,3.33,0,0,0,1.000,0.000000,1.0000
666,37.400,321.0,237.0,321.0,237.0,1.0,-3.0,1.49,0.0090,0.97,DETECTED,LOCKED,36.59,16.27,27.6,3.18,0,0,0,1.000,0.000000,1.0000
667,37.433,321.0,242.0,321.0,242.0,1.0,2.0,1.5,0.0090,0.97,DETECTED,LOCKED,36.62,16.35,24.3,3.16,0,0,0,1.000,0.000000,1.0000
668,37.467,319.0,248.0,319.0,248.0,-1.0,8.0,2.09,0.0130,0.97,DETECTED,LOCKED,36.65,16.43,26.2,2.41,0,0,0,1.000,0.000000,1.0000
669,37.500,319.0,248.0,319.0,248.0,-1.0,8.0,2.66,0.0160,0.97,DETECTED,LOCKED,36.68,16.47,28.2,4.06,0,0,0,1.000,0.000000,1.0000
670,37.533,319.0,247.0,319.0,247.0,-1.0,7.0,3.11,0.0190,0.97,DETECTED,LOCKED,36.71,16.51,30.9,2.10,0,0,0,1.000,0.000000,1.0000
671,37.567,318.0,244.0,318.0,244.0,-2.0,4.0,3.3,0.0200,0.97,DETECTED,LOCKED,36.75,16.54,28.5,2.14,0,0,0,1.000,0.000000,1.0000
672,37.600,318.0,241.0,318.0,241.0,-2.0,1.0,3.22,0.0210,0.97,DETECTED,LOCKED,36.78,16.56,34.2,1.97,0,0,0,1.000,0.000000,1.0000
673,37.633,316.0,240.0,316.0,240.0,-4.0,0.0,3.11,0.0190,0.97,DETECTED,LOCKED,36.81,16.59,32.3,2.07,0,0,0,1.000,0.000000,1.0000
674,37.667,317.0,237.0,317.0,237.0,-3.0,-3.0,2.76,0.0170,0.97,DETECTED,LOCKED,36.84,16.62,31.1,2.46,0,0,0,1.000,0.000000,1.0000
675,37.700,316.0,238.0,316.0,238.0,-4.0,-2.0,2.6,0.0160,0.98,DETECTED,LOCKED,36.87,16.66,29.4,2.70,0,0,0,1.000,0.000000,1.0000
676,37.733,315.0,239.0,315.0,239.0,-5.0,-1.0,2.62,0.0170,0.97,DETECTED,LOCKED,36.90,16.71,33.0,2.15,0,0,0,1.000,0.000000,1.0000
677,37.767,320.0,240.0,320.0,240.0,0.0,0.0,2.43,0.0160,0.97,DETECTED,LOCKED,36.90,16.75,31.0,2.07,0,0,0,1.000,0.000000,1.0000
678,37.800,323.0,243.0,323.0,243.0,3.0,3.0,2.27,0.0140,0.97,DETECTED,LOCKED,36.90,16.80,31.7,2.06,0,0,0,1.000,0.000000,1.0000
679,37.833,323.0,244.0,323.0,244.0,3.0,4.0,2.26,0.0140,0.97,DETECTED,LOCKED,36.94,16.85,33.1,1.99,0,0,0,1.000,0.000000,1.0000
680,37.867,322.0,246.0,322.0,246.0,2.0,6.0,2.52,0.0160,0.97,DETECTED,LOCKED,36.97,16.89,32.8,2.29,0,0,0,1.000,0.000000,1.0000
681,37.900,321.0,247.0,321.0,247.0,1.0,7.0,2.92,0.0180,0.97,DETECTED,LOCKED,37.00,16.93,32.9,2.57,0,0,0,1.000,0.000000,1.0000
682,37.933,321.0,245.0,321.0,245.0,1.0,5.0,3.13,0.0190,0.97,DETECTED,LOCKED,37.03,16.96,16.1,1.98,0,0,0,1.000,0.000000,1.0000
683,37.967,320.0,246.0,320.0,246.0,0.0,6.0,3.44,0.0210,0.97,DETECTED,LOCKED,37.06,16.99,21.8,1.97,0,0,0,1.000,0.000000,1.0000
684,38.000,319.0,244.0,319.0,244.0,-1.0,4.0,3.57,0.0220,0.98,DETECTED,LOCKED,37.09,17.01,21.4,2.31,0,0,0,1.000,0.000000,1.0000
685,38.033,319.0,242.0,319.0,242.0,-1.0,2.0,3.51,0.0220,0.97,DETECTED,LOCKED,37.13,17.03,21.1,1.96,0,0,0,1.000,0.000000,1.0000
686,38.067,318.0,241.0,318.0,241.0,-2.0,1.0,3.38,0.0210,0.97,DETECTED,LOCKED,37.16,17.05,21.1,2.32,0,0,0,1.000,0.000000,1.0000
687,38.100,317.0,240.0,317.0,240.0,-3.0,0.0,3.18,0.0190,0.97,DETECTED,LOCKED,37.19,17.07,21.7,1.99,0,0,0,1.000,0.000000,1.0000
688,38.133,317.0,240.0,317.0,240.0,-3.0,0.0,3.01,0.0190,0.98,DETECTED,LOCKED,37.22,17.10,21.6,1.98,0,0,0,1.000,0.000000,1.0000
689,38.167,316.0,241.0,316.0,241.0,-4.0,1.0,2.98,0.0180,0.97,DETECTED,LOCKED,37.25,17.13,21.2,2.07,0,0,0,1.000,0.000000,1.0000
690,38.200,316.0,241.0,316.0,241.0,-4.0,1.0,2.99,0.0180,0.98,DETECTED,LOCKED,37.28,17.16,30.6,1.98,0,0,0,1.000,0.000000,1.0000
691,38.233,315.0,244.0,315.0,244.0,-5.0,4.0,3.28,0.0200,0.97,DETECTED,LOCKED,37.31,17.20,16.5,2.23,0,0,0,1.000,0.000000,1.0000
692,38.267,319.0,245.0,319.0,245.0,-1.0,5.0,3.46,0.0220,0.97,DETECTED,LOCKED,37.31,17.23,21.5,2.21,0,0,0,1.000,0.000000,1.0000
693,38.300,324.0,245.0,324.0,245.0,4.0,5.0,3.44,0.0220,0.98,DETECTED,LOCKED,37.31,17.26,16.0,2.47,0,0,0,1.000,0.000000,1.0000
694,38.333,322.0,246.0,322.0,246.0,2.0,6.0,3.63,0.0230,0.97,DETECTED,LOCKED,37.35,17.28,29.2,2.98,0,0,0,1.000,0.000000,1.0000
695,38.367,322.0,245.0,322.0,245.0,2.0,5.0,3.74,0.0240,0.97,DETECTED,LOCKED,37.38,17.30,29.0,3.43,0,0,0,1.000,0.000000,1.0000
696,38.400,321.0,244.0,321.0,244.0,1.0,4.0,3.8,0.0230,0.97,DETECTED,LOCKED,37.41,17.31,23.8,3.13,0,0,0,1.000,0.000000,1.0000
697,38.433,320.0,244.0,320.0,244.0,0.0,4.0,3.87,0.0240,0.97,DETECTED,LOCKED,37.44,17.33,32.2,2.83,0,0,0,1.000,0.000000,1.0000
698,38.467,320.0,243.0,320.0,243.0,0.0,3.0,3.85,0.0240,0.97,DETECTED,LOCKED,37.47,17.34,30.8,3.78,0,0,0,1.000,0.000000,1.0000
699,38.500,319.0,243.0,319.0,243.0,-1.0,3.0,3.83,0.0240,0.97,DETECTED,LOCKED,37.50,17.35,26.0,2.20,0,0,0,1.000,0.000000,1.0000
700,38.533,318.0,241.0,318.0,241.0,-2.0,1.0,3.66,0.0230,0.97,DETECTED,LOCKED,37.53,17.37,26.9,2.08,0,0,0,1.000,0.000000,1.0000
701,38.567,318.0,241.0,318.0,241.0,-2.0,1.0,3.49,0.0210,0.97,DETECTED,LOCKED,37.57,17.38,30.8,2.03,0,0,0,1.000,0.000000,1.0000
702,38.600,317.0,243.0,317.0,243.0,-3.0,3.0,3.53,0.0220,0.97,DETECTED,LOCKED,37.60,17.40,29.9,2.68,0,0,0,1.000,0.000000,1.0000
703,38.633,317.0,243.0,317.0,243.0,-3.0,3.0,3.57,0.0220,0.97,DETECTED,LOCKED,37.63,17.42,31.2,3.90,0,0,0,1.000,0.000000,1.0000
704,38.667,316.0,245.0,316.0,245.0,-4.0,5.0,3.82,0.0230,0.98,DETECTED,LOCKED,37.66,17.44,31.5,4.09,0,0,0,1.000,0.000000,1.0000
705,38.700,315.0,245.0,315.0,245.0,-5.0,5.0,4.1,0.0250,0.97,DETECTED,LOCKED,37.69,17.46,28.6,4.97,0,0,0,1.000,0.000000,1.0000
706,38.733,320.0,246.0,320.0,246.0,0.0,6.0,4.28,0.0270,0.97,DETECTED,LOCKED,37.69,17.47,29.6,3.07,0,0,0,1.000,0.000000,1.0000
707,38.767,323.0,246.0,323.0,246.0,3.0,6.0,4.37,0.0270,0.97,DETECTED,LOCKED,37.69,17.48,24.0,3.20,0,0,0,1.000,0.000000,1.0000
708,38.800,323.0,245.0,323.0,245.0,3.0,5.0,4.41,0.0270,0.97,DETECTED,LOCKED,37.73,17.48,26.2,1.97,0,0,0,1.000,0.000000,1.0000
709,38.833,321.0,244.0,321.0,244.0,1.0,4.0,4.41,0.0270,0.97,DETECTED,LOCKED,37.76,17.48,28.7,2.26,0,0,0,1.000,0.000000,1.0000
710,38.867,320.0,244.0,320.0,244.0,0.0,4.0,4.42,0.0270,0.97,DETECTED,LOCKED,37.79,17.49,26.9,2.12,0,0,0,1.000,0.000000,1.0000
711,38.900,321.0,242.0,321.0,242.0,1.0,2.0,4.25,0.0260,0.97,DETECTED,LOCKED,37.82,17.49,30.9,4.84,0,0,0,1.000,0.000000,1.0000
712,38.933,320.0,243.0,320.0,243.0,0.0,3.0,4.18,0.0260,0.97,DETECTED,LOCKED,37.85,17.49,26.5,5.09,0,0,0,1.000,0.000000,1.0000
713,38.967,319.0,243.0,319.0,243.0,-1.0,3.0,4.12,0.0260,0.97,DETECTED,LOCKED,37.88,17.50,27.0,3.85,0,0,0,1.000,0.000000,1.0000
714,39.000,318.0,243.0,318.0,243.0,-2.0,3.0,4.07,0.0250,0.98,DETECTED,LOCKED,37.91,17.50,28.0,2.11,0,0,0,1.000,0.000000,1.0000
715,39.033,317.0,244.0,317.0,244.0,-3.0,4.0,4.13,0.0250,0.97,DETECTED,LOCKED,37.94,17.51,28.4,3.41,0,0,0,1.000,0.000000,1.0000
716,39.067,318.0,244.0,318.0,244.0,-2.0,4.0,4.18,0.0260,0.97,DETECTED,LOCKED,37.97,17.51,24.6,2.86,0,0,0,1.000,0.000000,1.0000
717,39.100,316.0,245.0,316.0,245.0,-4.0,5.0,4.35,0.0270,0.97,DETECTED,LOCKED,38.00,17.52,28.8,2.89,0,0,0,1.000,0.000000,1.0000
718,39.133,315.0,246.0,315.0,246.0,-5.0,6.0,4.64,0.0290,0.97,DETECTED,LOCKED,38.03,17.52,31.9,2.03,0,0,0,1.000,0.000000,1.0000
719,39.167,316.0,245.0,316.0,245.0,-4.0,5.0,4.81,0.0300,0.97,DETECTED,LOCKED,38.07,17.52,33.4,1.97,0,0,0,1.000,0.000000,1.0000
720,39.200,319.0,246.0,319.0,246.0,-1.0,6.0,4.97,0.0310,0.98,DETECTED,LOCKED,38.07,17.51,33.4,1.97,0,0,0,1.000,0.000000,1.0000
721,39.233,323.0,245.0,323.0,245.0,3.0,5.0,4.93,0.0310,0.97,DETECTED,LOCKED,38.07,17.51,31.9,2.41,0,0,0,1.000,0.000000,1.0000
722,39.267,323.0,244.0,323.0,244.0,3.0,4.0,4.82,0.0310,0.97,DETECTED,LOCKED,38.10,17.50,25.4,3.13,0,0,0,1.000,0.000000,1.0000
723,39.300,321.0,244.0,321.0,244.0,1.0,4.0,4.78,0.0290,0.97,DETECTED,LOCKED,38.13,17.49,27.7,3.52,0,0,0,1.000,0.000000,1.0000
724,39.333,321.0,243.0,321.0,243.0,1.0,3.0,4.65,0.0290,0.97,DETECTED,LOCKED,38.16,17.48,24.6,2.80,0,0,0,1.000,0.000000,1.0000
725,39.367,320.0,244.0,320.0,244.0,0.0,4.0,4.62,0.0290,0.97,DETECTED,LOCKED,38.19,17.48,33.1,2.45,0,0,0,1.000,0.000000,1.0000
726,39.400,319.0,244.0,319.0,244.0,-1.0,4.0,4.61,0.0290,0.97,DETECTED,LOCKED,38.22,17.47,26.8,2.73,0,0,0,1.000,0.000000,1.0000
727,39.433,320.0,244.0,320.0,244.0,0.0,4.0,4.58,0.0280,0.97,DETECTED,LOCKED,38.25,17.46,32.7,2.15,0,0,0,1.000,0.000000,1.0000
728,39.467,318.0,246.0,318.0,246.0,-2.0,6.0,4.75,0.0290,0.97,DETECTED,LOCKED,38.28,17.46,30.0,2.05,0,0,0,1.000,0.000000,1.0000
729,39.500,318.0,245.0,318.0,245.0,-2.0,5.0,4.83,0.0300,0.97,DETECTED,LOCKED,38.31,17.45,34.0,2.51,0,0,0,1.000,0.000000,1.0000
730,39.533,317.0,245.0,317.0,245.0,-3.0,5.0,4.92,0.0310,0.97,DETECTED,LOCKED,38.34,17.44,33.3,1.98,0,0,0,1.000,0.000000,1.0000
731,39.567,316.0,246.0,316.0,246.0,-4.0,6.0,5.11,0.0320,0.97,DETECTED,LOCKED,38.37,17.43,34.5,3.15,0,0,0,1.000,0.000000,1.0000
732,39.600,316.0,245.0,316.0,245.0,-4.0,5.0,5.22,0.0320,0.97,DETECTED,LOCKED,38.40,17.41,15.8,1.97,0,0,0,1.000,0.000000,1.0000
733,39.633,315.0,246.0,315.0,246.0,-5.0,6.0,5.45,0.0340,0.97,DETECTED,LOCKED,38.44,17.40,21.5,2.02,0,0,0,1.000,0.000000,1.0000
734,39.667,320.0,245.0,320.0,245.0,0.0,5.0,5.44,0.0340,0.97,DETECTED,LOCKED,38.44,17.38,21.4,2.55,0,0,0,1.000,0.000000,1.0000
735,39.700,323.0,245.0,323.0,245.0,3.0,5.0,5.36,0.0340,0.97,DETECTED,LOCKED,38.44,17.36,20.8,2.32,0,0,0,1.000,0.000000,1.0000
736,39.733,322.0,245.0,322.0,245.0,2.0,5.0,5.32,0.0340,0.97,DETECTED,LOCKED,38.47,17.34,29.1,3.51,0,0,0,1.000,0.000000,1.0000
737,39.767,322.0,244.0,322.0,244.0,2.0,4.0,5.22,0.0320,0.98,DETECTED,LOCKED,38.50,17.32,25.1,2.25,0,0,0,1.000,0.000000,1.0000
738,39.800,321.0,244.0,321.0,244.0,1.0,4.0,5.13,0.0320,0.97,DETECTED,LOCKED,38.53,17.30,31.3,2.03,0,0,0,1.000,0.000000,1.0000
739,39.833,320.0,244.0,320.0,244.0,0.0,4.0,5.06,0.0310,0.97,DETECTED,LOCKED,38.56,17.28,29.9,2.13,0,0,0,1.000,0.000000,1.0000
740,39.867,320.0,245.0,320.0,245.0,0.0,5.0,5.08,0.0320,0.97,DETECTED,LOCKED,38.59,17.27,30.4,2.09,0,0,0,1.000,0.000000,1.0000
741,39.900,319.0,246.0,319.0,246.0,-1.0,6.0,5.19,0.0320,0.97,DETECTED,LOCKED,38.62,17.25,29.5,2.37,0,0,0,1.000,0.000000,1.0000
742,39.933,319.0,245.0,319.0,245.0,-1.0,5.0,5.21,0.0320,0.98,DETECTED,LOCKED,38.65,17.23,27.6,2.37,0,0,0,1.000,0.000000,1.0000
743,39.967,318.0,246.0,318.0,246.0,-2.0,6.0,5.33,0.0330,0.97,DETECTED,LOCKED,38.68,17.21,29.1,2.55,0,0,0,1.000,0.000000,1.0000
744,40.000,316.0,247.0,316.0,247.0,-4.0,7.0,5.55,0.0350,0.97,DETECTED,LOCKED,38.71,17.18,22.9,2.41,0,0,0,1.000,0.000000,1.0000
745,40.033,317.0,246.0,317.0,246.0,-3.0,6.0,5.67,0.0360,0.97,DETECTED,LOCKED,38.74,17.16,25.4,2.69,0,0,0,1.000,0.000000,1.0000
746,40.067,316.0,246.0,316.0,246.0,-4.0,6.0,5.8,0.0360,0.97,DETECTED,LOCKED,38.77,17.13,31.3,2.07,0,0,0,1.000,0.000000,1.0000
747,40.100,315.0,245.0,315.0,245.0,-5.0,5.0,5.88,0.0370,0.97,DETECTED,LOCKED,38.80,17.10,31.0,2.16,0,0,0,1.000,0.000000,1.0000
748,40.133,320.0,245.0,320.0,245.0,0.0,5.0,5.83,0.0360,0.97,DETECTED,LOCKED,38.80,17.07,33.6,2.57,0,0,0,1.000,0.000000,1.0000
749,40.167,322.0,245.0,322.0,245.0,2.0,5.0,5.75,0.0360,0.97,DETECTED,LOCKED,38.81,17.04,22.1,1.96,0,0,0,1.000,0.000000,1.0000
750,40.200,322.0,244.0,322.0,244.0,2.0,4.0,5.59,0.0350,0.97,DETECTED,LOCKED,38.84,17.01,21.5,1.99,0,0,0,1.000,0.000000,1.0000
751,40.233,321.0,246.0,321.0,246.0,1.0,6.0,5.63,0.0350,0.97,DETECTED,LOCKED,38.87,16.98,21.7,2.79,0,0,0,1.000,0.000000,1.0000
752,40.267,320.0,245.0,320.0,245.0,0.0,5.0,5.6,0.0350,0.98,DETECTED,LOCKED,38.90,16.95,37.1,2.04,0,0,0,1.000,0.000000,1.0000
753,40.300,321.0,245.0,321.0,245.0,1.0,5.0,5.56,0.0350,0.97,DETECTED,LOCKED,38.93,16.92,29.3,2.00,0,0,0,1.000,0.000000,1.0000
754,40.333,319.0,246.0,319.0,246.0,-1.0,6.0,5.63,0.0350,0.97,DETECTED,LOCKED,38.96,16.88,36.7,2.67,0,0,0,1.000,0.000000,1.0000
755,40.367,319.0,246.0,319.0,246.0,-1.0,6.0,5.7,0.0350,0.98,DETECTED,LOCKED,38.99,16.85,33.1,2.07,0,0,0,1.000,0.000000,1.0000
756,40.400,318.0,246.0,318.0,246.0,-2.0,6.0,5.77,0.0360,0.97,DETECTED,LOCKED,39.02,16.82,33.5,3.59,0,0,0,1.000,0.000000,1.0000
757,40.433,317.0,246.0,317.0,246.0,-3.0,6.0,5.85,0.0360,0.97,DETECTED,LOCKED,39.05,16.78,21.8,4.26,0,0,0,1.000,0.000000,1.0000
758,40.467,317.0,246.0,317.0,246.0,-3.0,6.0,5.94,0.0370,0.97,DETECTED,LOCKED,39.08,16.75,23.4,5.16,0,0,0,1.000,0.000000,1.0000
759,40.500,316.0,247.0,316.0,247.0,-4.0,7.0,6.13,0.0380,0.97,DETECTED,LOCKED,39.11,16.71,26.4,6.35,0,0,0,1.000,0.000000,1.0000
760,40.533,316.0,246.0,316.0,246.0,-4.0,6.0,6.23,0.0390,0.97,DETECTED,LOCKED,39.14,16.67,19.3,2.38,0,0,0,1.000,0.000000,1.0000
761,40.567,320.0,245.0,320.0,245.0,0.0,5.0,6.15,0.0380,0.97,DETECTED,LOCKED,39.14,16.63,28.3,2.59,0,0,0,1.000,0.000000,1.0000
762,40.600,318.0,246.0,318.0,246.0,-2.0,6.0,6.2,0.0380,0.97,DETECTED,LOCKED,39.17,16.59,26.1,2.08,0,0,0,1.000,0.000000,1.0000
763,40.633,322.0,245.0,322.0,245.0,2.0,5.0,6.08,0.0380,0.97,DETECTED,LOCKED,39.18,16.55,23.6,2.99,0,0,0,1.000,0.000000,1.0000
764,40.667,322.0,246.0,322.0,246.0,2.0,6.0,6.06,0.0370,0.97,DETECTED,LOCKED,39.21,16.50,32.2,2.12,0,0,0,1.000,0.000000,1.0000
765,40.700,320.0,247.0,320.0,247.0,0.0,7.0,6.16,0.0380,0.97,DETECTED,LOCKED,39.24,16.46,31.1,2.40,0,0,0,1.000,0.000000,1.0000
766,40.733,320.0,246.0,320.0,246.0,0.0,6.0,6.17,0.0380,0.97,DETECTED,LOCKED,39.27,16.42,27.8,2.81,0,0,0,1.000,0.000000,1.0000
767,40.767,319.0,246.0,319.0,246.0,-1.0,6.0,6.2,0.0380,0.97,DETECTED,LOCKED,39.30,16.37,32.0,2.03,0,0,0,1.000,0.000000,1.0000
768,40.800,319.0,246.0,319.0,246.0,-1.0,6.0,6.22,0.0390,0.97,DETECTED,LOCKED,39.33,16.33,31.9,2.14,0,0,0,1.000,0.000000,1.0000
769,40.833,318.0,245.0,318.0,245.0,-2.0,5.0,6.16,0.0380,0.97,DETECTED,LOCKED,39.36,16.28,33.8,2.03,0,0,0,1.000,0.000000,1.0000
770,40.867,317.0,246.0,317.0,246.0,-3.0,6.0,6.21,0.0390,0.97,DETECTED,LOCKED,39.39,16.23,29.9,2.60,0,0,0,1.000,0.000000,1.0000
771,40.900,317.0,246.0,317.0,246.0,-3.0,6.0,6.26,0.0390,0.97,DETECTED,LOCKED,39.42,16.19,26.9,1.98,0,0,0,1.000,0.000000,1.0000
772,40.933,316.0,246.0,316.0,246.0,-4.0,6.0,6.33,0.0390,0.97,DETECTED,LOCKED,39.44,16.14,32.0,2.36,0,0,0,1.000,0.000000,1.0000
773,40.967,319.0,247.0,319.0,247.0,-1.0,7.0,6.42,0.0400,0.97,DETECTED,LOCKED,39.45,16.09,26.7,2.29,0,0,0,1.000,0.000000,1.0000
774,41.000,320.0,246.0,320.0,246.0,0.0,6.0,6.4,0.0400,0.97,DETECTED,LOCKED,39.48,16.04,33.2,2.63,0,0,0,1.000,0.000000,1.0000
775,41.033,318.0,247.0,318.0,247.0,-2.0,7.0,6.51,0.0410,0.97,DETECTED,LOCKED,39.51,15.99,31.9,3.95,0,0,0,1.000,0.000000,1.0000
776,41.067,318.0,246.0,318.0,246.0,-2.0,6.0,6.53,0.0410,0.97,DETECTED,LOCKED,39.54,15.93,28.0,1.92,0,0,0,1.000,0.000000,1.0000
777,41.100,321.0,247.0,321.0,247.0,1.0,7.0,6.57,0.0410,0.97,DETECTED,LOCKED,39.54,15.88,33.2,2.31,0,0,0,1.000,0.000000,1.0000
778,41.133,320.0,246.0,320.0,246.0,0.0,6.0,6.54,0.0410,0.97,DETECTED,LOCKED,39.57,15.83,33.0,2.03,0,0,0,1.000,0.000000,1.0000
779,41.167,320.0,245.0,320.0,245.0,0.0,5.0,6.42,0.0410,0.97,DETECTED,LOCKED,39.60,15.77,33.2,2.77,0,0,0,1.000,0.000000,1.0000
780,41.200,319.0,246.0,319.0,246.0,-1.0,6.0,6.42,0.0410,0.97,DETECTED,LOCKED,39.63,15.71,34.4,2.30,0,0,0,1.000,0.000000,1.0000
781,41.233,318.0,246.0,318.0,246.0,-2.0,6.0,6.43,0.0400,0.98,DETECTED,LOCKED,39.66,15.66,35.6,2.53,0,0,0,1.000,0.000000,1.0000
782,41.267,319.0,246.0,319.0,246.0,-1.0,6.0,6.42,0.0400,0.97,DETECTED,LOCKED,39.69,15.60,24.3,2.42,0,0,0,1.000,0.000000,1.0000
783,41.300,317.0,247.0,317.0,247.0,-3.0,7.0,6.53,0.0410,0.97,DETECTED,LOCKED,39.72,15.55,31.2,1.96,0,0,0,1.000,0.000000,1.0000
784,41.333,317.0,247.0,317.0,247.0,-3.0,7.0,6.64,0.0410,0.97,DETECTED,LOCKED,39.75,15.49,35.4,2.01,0,0,0,1.000,0.000000,1.0000
785,41.367,316.0,248.0,316.0,248.0,-4.0,8.0,6.85,0.0420,0.97,DETECTED,LOCKED,39.78,15.43,32.4,2.10,0,0,0,1.000,0.000000,1.0000
786,41.400,320.0,248.0,320.0,248.0,0.0,8.0,6.97,0.0430,0.98,DETECTED,LOCKED,39.78,15.37,32.9,1.99,0,0,0,1.000,0.000000,1.0000
787,41.433,324.0,246.0,324.0,246.0,4.0,6.0,6.84,0.0430,0.97,DETECTED,LOCKED,39.78,15.31,35.7,2.33,0,0,0,1.000,0.000000,1.0000
788,41.467,322.0,247.0,322.0,247.0,2.0,7.0,6.85,0.0430,0.98,DETECTED,LOCKED,39.81,15.24,33.2,1.96,0,0,0,1.000,0.000000,1.0000
789,41.500,322.0,246.0,322.0,246.0,2.0,6.0,6.79,0.0420,0.97,DETECTED,LOCKED,39.84,15.17,35.6,1.98,0,0,0,1.000,0.000000,1.0000
790,41.533,322.0,245.0,322.0,245.0,2.0,5.0,6.65,0.0410,0.97,DETECTED,LOCKED,39.87,15.11,17.3,2.06,0,0,0,1.000,0.000000,1.0000
791,41.567,320.0,246.0,320.0,246.0,0.0,6.0,6.61,0.0410,0.97,DETECTED,LOCKED,39.90,15.05,38.1,1.99,0,0,0,1.000,0.000000,1.0000
792,41.600,320.0,246.0,320.0,246.0,0.0,6.0,6.57,0.0410,0.97,DETECTED,LOCKED,39.93,14.98,35.3,2.28,0,0,0,1.000,0.000000,1.0000
793,41.633,320.0,247.0,320.0,247.0,0.0,7.0,6.63,0.0410,0.97,DETECTED,LOCKED,39.96,14.92,35.7,1.97,0,0,0,1.000,0.000000,1.0000
794,41.667,319.0,247.0,319.0,247.0,-1.0,7.0,6.68,0.0420,0.97,DETECTED,LOCKED,39.99,14.85,17.3,1.99,0,0,0,1.000,0.000000,1.0000
795,41.700,319.0,247.0,319.0,247.0,-1.0,7.0,6.73,0.0420,0.97,DETECTED,LOCKED,40.02,14.78,39.8,2.00,0,0,0,1.000,0.000000,1.0000
796,41.733,317.0,248.0,317.0,248.0,-3.0,8.0,6.88,0.0430,0.97,DETECTED,LOCKED,40.04,14.72,36.7,2.10,0,0,0,1.000,0.000000,1.0000
797,41.767,317.0,246.0,317.0,246.0,-3.0,6.0,6.85,0.0430,0.97,DETECTED,LOCKED,40.07,14.64,17.7,1.99,0,0,0,1.000,0.000000,1.0000
798,41.800,317.0,246.0,317.0,246.0,-3.0,6.0,6.82,0.0420,0.97,DETECTED,LOCKED,40.10,14.57,40.0,1.98,0,0,0,1.000,0.000000,1.0000
799,41.833,315.0,247.0,315.0,247.0,-5.0,7.0,6.91,0.0440,0.97,DETECTED,LOCKED,40.13,14.50,35.2,2.48,0,0,0,1.000,0.000000,1.0000
800,41.867,316.0,246.0,316.0,246.0,-4.0,6.0,6.92,0.0430,0.97,DETECTED,LOCKED,40.16,14.43,18.0,2.65,0,0,0,1.000,0.000000,1.0000
801,41.900,315.0,247.0,315.0,247.0,-5.0,7.0,7.03,0.0430,0.97,DETECTED,LOCKED,40.19,14.36,32.3,2.26,0,0,0,1.000,0.000000,1.0000
802,41.933,319.0,247.0,319.0,247.0,-1.0,7.0,7.06,0.0440,0.97,DETECTED,LOCKED,40.19,14.29,32.2,1.97,0,0,0,1.000,0.000000,1.0000
803,41.967,323.0,247.0,323.0,247.0,3.0,7.0,7.01,0.0440,0.97,DETECTED,LOCKED,40.19,14.21,33.0,1.97,0,0,0,1.000,0.000000,1.0000
804,42.000,321.0,247.0,321.0,247.0,1.0,7.0,7.0,0.0440,0.98,DETECTED,LOCKED,40.22,14.14,26.3,2.10,0,0,0,1.000,0.000000,1.0000
805,42.033,322.0,246.0,322.0,246.0,2.0,6.0,6.9,0.0430,0.97,DETECTED,LOCKED,40.25,14.06,16.8,2.31,0,0,0,1.000,0.000000,1.0000
806,42.067,321.0,247.0,321.0,247.0,1.0,7.0,6.91,0.0430,0.97,DETECTED,LOCKED,40.28,13.99,37.1,2.15,0,0,0,1.000,0.000000,1.0000
807,42.100,319.0,247.0,319.0,247.0,-1.0,7.0,6.94,0.0430,0.97,DETECTED,LOCKED,40.31,13.91,32.9,2.18,0,0,0,1.000,0.000000,1.0000
808,42.133,320.0,247.0,320.0,247.0,0.0,7.0,6.96,0.0430,0.97,DETECTED,LOCKED,40.34,13.83,33.0,2.43,0,0,0,1.000,0.000000,1.0000
809,42.167,319.0,248.0,319.0,248.0,-1.0,8.0,7.08,0.0440,0.97,DETECTED,LOCKED,40.37,13.75,33.2,2.04,0,0,0,1.000,0.000000,1.0000
810,42.200,318.0,247.0,318.0,247.0,-2.0,7.0,7.11,0.0440,0.97,DETECTED,LOCKED,40.39,13.67,35.5,1.96,0,0,0,1.000,0.000000,1.0000
811,42.233,318.0,247.0,318.0,247.0,-2.0,7.0,7.13,0.0440,0.97,DETECTED,LOCKED,40.42,13.59,25.5,1.97,0,0,0,1.000,0.000000,1.0000
812,42.267,316.0,247.0,316.0,247.0,-4.0,7.0,7.19,0.0450,0.97,DETECTED,LOCKED,40.45,13.51,36.8,2.26,0,0,0,1.000,0.000000,1.0000
813,42.300,317.0,246.0,317.0,246.0,-3.0,6.0,7.14,0.0450,0.97,DETECTED,LOCKED,40.48,13.43,28.3,2.09,0,0,0,1.000,0.000000,1.0000
814,42.333,315.0,247.0,315.0,247.0,-5.0,7.0,7.23,0.0450,0.98,DETECTED,LOCKED,40.51,13.35,33.4,1.99,0,0,0,1.000,0.000000,1.0000
815,42.367,319.0,247.0,319.0,247.0,-1.0,7.0,7.24,0.0450,0.97,DETECTED,LOCKED,40.51,13.26,33.2,2.26,0,0,0,1.000,0.000000,1.0000
816,42.400,323.0,246.0,323.0,246.0,3.0,6.0,7.08,0.0450,0.97,DETECTED,LOCKED,40.51,13.18,33.1,2.22,0,0,0,1.000,0.000000,1.0000
817,42.433,322.0,247.0,322.0,247.0,2.0,7.0,7.06,0.0440,0.97,DETECTED,LOCKED,40.54,13.09,35.5,1.96,0,0,0,1.000,0.000000,1.0000
818,42.467,321.0,247.0,321.0,247.0,1.0,7.0,7.05,0.0440,0.97,DETECTED,LOCKED,40.57,13.01,35.6,1.96,0,0,0,1.000,0.000000,1.0000
819,42.500,321.0,247.0,321.0,247.0,1.0,7.0,7.04,0.0440,0.97,DETECTED,LOCKED,40.60,12.92,18.0,1.98,0,0,0,1.000,0.000000,1.0000
820,42.533,320.0,247.0,320.0,247.0,0.0,7.0,7.05,0.0440,0.98,DETECTED,LOCKED,40.63,12.84,38.5,2.23,0,0,0,1.000,0.000000,1.0000
821,42.567,319.0,247.0,319.0,247.0,-1.0,7.0,7.06,0.0440,0.97,DETECTED,LOCKED,40.66,12.75,34.2,2.27,0,0,0,1.000,0.000000,1.0000
822,42.600,318.0,248.0,318.0,248.0,-2.0,8.0,7.17,0.0450,0.98,DETECTED,LOCKED,40.69,12.67,18.1,2.00,0,0,0,1.000,0.000000,1.0000
823,42.633,318.0,247.0,318.0,247.0,-2.0,7.0,7.18,0.0450,0.97,DETECTED,LOCKED,40.72,12.58,37.1,2.26,0,0,0,1.000,0.000000,1.0000
824,42.667,318.0,247.0,318.0,247.0,-2.0,7.0,7.2,0.0450,0.98,DETECTED,LOCKED,40.75,12.49,31.8,2.00,0,0,0,1.000,0.000000,1.0000
825,42.700,316.0,247.0,316.0,247.0,-4.0,7.0,7.24,0.0460,0.97,DETECTED,LOCKED,40.77,12.39,29.8,2.25,0,0,0,1.000,0.000000,1.0000
826,42.733,316.0,246.0,316.0,246.0,-4.0,6.0,7.2,0.0450,0.97,DETECTED,LOCKED,40.80,12.30,31.8,2.80,0,0,0,1.000,0.000000,1.0000
827,42.767,316.0,247.0,316.0,247.0,-4.0,7.0,7.26,0.0450,0.97,DETECTED,LOCKED,40.83,12.21,32.0,2.18,0,0,0,1.000,0.000000,1.0000
828,42.800,319.0,247.0,319.0,247.0,-1.0,7.0,7.25,0.0450,0.97,DETECTED,LOCKED,40.83,12.12,32.8,1.96,0,0,0,1.000,0.000000,1.0000
829,42.833,323.0,247.0,323.0,247.0,3.0,7.0,7.18,0.0450,0.97,DETECTED,LOCKED,40.83,12.03,33.1,2.05,0,0,0,1.000,0.000000,1.0000
830,42.867,321.0,249.0,321.0,249.0,1.0,9.0,7.33,0.0460,0.97,DETECTED,LOCKED,40.86,11.94,32.7,2.16,0,0,0,1.000,0.000000,1.0000
831,42.900,321.0,248.0,321.0,248.0,1.0,8.0,7.39,0.0460,0.98,DETECTED,LOCKED,40.89,11.85,26.7,2.07,0,0,0,1.000,0.000000,1.0000
832,42.933,321.0,248.0,321.0,248.0,1.0,8.0,7.45,0.0460,0.98,DETECTED,LOCKED,40.92,11.75,30.0,2.02,0,0,0,1.000,0.000000,1.0000
833,42.967,319.0,248.0,319.0,248.0,-1.0,8.0,7.52,0.0470,0.97,DETECTED,LOCKED,40.95,11.65,17.4,2.11,0,0,0,1.000,0.000000,1.0000
834,43.000,320.0,246.0,320.0,246.0,0.0,6.0,7.41,0.0460,0.97,DETECTED,LOCKED,40.98,11.55,35.7,2.25,0,0,0,1.000,0.000000,1.0000
835,43.033,319.0,246.0,319.0,246.0,-1.0,6.0,7.3,0.0450,0.97,DETECTED,LOCKED,41.01,11.45,33.4,2.03,0,0,0,1.000,0.000000,1.0000
836,43.067,318.0,246.0,318.0,246.0,-2.0,6.0,7.21,0.0450,0.97,DETECTED,LOCKED,41.04,11.36,32.8,2.31,0,0,0,1.000,0.000000,1.0000
837,43.100,318.0,246.0,318.0,246.0,-2.0,6.0,7.13,0.0440,0.97,DETECTED,LOCKED,41.06,11.26,32.3,3.72,0,0,0,1.000,0.000000,1.0000
838,43.133,316.0,247.0,316.0,247.0,-4.0,7.0,7.17,0.0450,0.98,DETECTED,LOCKED,41.09,11.16,34.0,1.96,0,0,0,1.000,0.000000,1.0000
839,43.167,317.0,247.0,317.0,247.0,-3.0,7.0,7.19,0.0450,0.97,DETECTED,LOCKED,41.12,11.07,35.5,2.01,0,0,0,1.000,0.000000,1.0000
840,43.200,315.0,248.0,315.0,248.0,-5.0,8.0,7.34,0.0460,0.97,DETECTED,LOCKED,41.15,10.97,18.6,2.03,0,0,0,1.000,0.000000,1.0000
841,43.233,319.0,248.0,319.0,248.0,-1.0,8.0,7.42,0.0460,0.97,DETECTED,LOCKED,41.15,10.87,38.5,1.99,0,0,0,1.000,0.000000,1.0000
842,43.267,323.0,247.0,323.0,247.0,3.0,7.0,7.33,0.0460,0.97,DETECTED,LOCKED,41.15,10.77,19.3,2.32,0,0,0,1.000,0.000000,1.0000
843,43.300,322.0,248.0,322.0,248.0,2.0,8.0,7.37,0.0460,0.97,DETECTED,LOCKED,41.18,10.67,25.9,2.08,0,0,0,1.000,0.000000,1.0000
844,43.333,321.0,248.0,321.0,248.0,1.0,8.0,7.42,0.0460,0.97,DETECTED,LOCKED,41.21,10.57,23.5,3.28,0,0,0,1.000,0.000000,1.0000
845,43.367,321.0,247.0,321.0,247.0,1.0,7.0,7.38,0.0460,0.97,DETECTED,LOCKED,41.24,10.46,28.5,2.17,0,0,0,1.000,0.000000,1.0000
846,43.400,320.0,247.0,320.0,247.0,0.0,7.0,7.36,0.0460,0.97,DETECTED,LOCKED,41.27,10.36,30.3,2.24,0,0,0,1.000,0.000000,1.0000
847,43.433,320.0,246.0,320.0,246.0,0.0,6.0,7.25,0.0450,0.97,DETECTED,LOCKED,41.30,10.25,31.9,2.47,0,0,0,1.000,0.000000,1.0000
848,43.467,318.0,247.0,318.0,247.0,-2.0,7.0,7.24,0.0450,0.97,DETECTED,LOCKED,41.32,10.15,22.2,2.23,0,0,0,1.000,0.000000,1.0000
849,43.500,318.0,247.0,318.0,247.0,-2.0,7.0,7.24,0.0450,0.98,DETECTED,LOCKED,41.35,10.05,31.7,2.02,0,0,0,1.000,0.000000,1.0000
850,43.533,318.0,247.0,318.0,247.0,-2.0,7.0,7.23,0.0450,0.97,DETECTED,LOCKED,41.38,9.94,36.4,2.01,0,0,0,1.000,0.000000,1.0000
851,43.567,316.0,248.0,316.0,248.0,-4.0,8.0,7.34,0.0460,0.98,DETECTED,LOCKED,41.41,9.84,34.4,1.98,0,0,0,1.000,0.000000,1.0000
852,43.600,316.0,247.0,316.0,247.0,-4.0,7.0,7.37,0.0460,0.97,DETECTED,LOCKED,41.44,9.73,33.0,2.48,0,0,0,1.000,0.000000,1.0000
853,43.633,316.0,248.0,316.0,248.0,-4.0,8.0,7.49,0.0470,0.97,DETECTED,LOCKED,41.46,9.62,33.2,2.86,0,0,0,1.000,0.000000,1.0000
854,43.667,319.0,247.0,319.0,247.0,-1.0,7.0,7.47,0.0470,0.97,DETECTED,LOCKED,41.47,9.52,30.0,3.11,0,0,0,1.000,0.000000,1.0000
855,43.700,323.0,247.0,323.0,247.0,3.0,7.0,7.38,0.0470,0.97,DETECTED,LOCKED,41.47,9.41,32.7,2.13,0,0,0,1.000,0.000000,1.0000
856,43.733,322.0,247.0,322.0,247.0,2.0,7.0,7.32,0.0450,0.98,DETECTED,LOCKED,41.50,9.29,32.1,2.63,0,0,0,1.000,0.000000,1.0000
857,43.767,321.0,246.0,321.0,246.0,1.0,6.0,7.19,0.0450,0.97,DETECTED,LOCKED,41.52,9.19,32.1,2.07,0,0,0,1.000,0.000000,1.0000
858,43.800,321.0,246.0,321.0,246.0,1.0,6.0,7.08,0.0440,0.97,DETECTED,LOCKED,41.55,9.08,34.3,2.20,0,0,0,1.000,0.000000,1.0000
859,43.833,319.0,248.0,319.0,248.0,-1.0,8.0,7.16,0.0450,0.97,DETECTED,LOCKED,41.58,8.97,33.3,2.44,0,0,0,1.000,0.000000,1.0000
860,43.867,320.0,247.0,320.0,247.0,0.0,7.0,7.14,0.0450,0.97,DETECTED,LOCKED,41.61,8.86,27.5,2.26,0,0,0,1.000,0.000000,1.0000
861,43.900,319.0,247.0,319.0,247.0,-1.0,7.0,7.13,0.0440,0.97,DETECTED,LOCKED,41.64,8.75,30.2,2.29,0,0,0,1.000,0.000000,1.0000
862,43.933,318.0,248.0,318.0,248.0,-2.0,8.0,7.22,0.0450,0.98,DETECTED,LOCKED,41.67,8.64,33.2,2.42,0,0,0,1.000,0.000000,1.0000
863,43.967,318.0,248.0,318.0,248.0,-2.0,8.0,7.3,0.0450,0.97,DETECTED,LOCKED,41.69,8.53,33.0,2.55,0,0,0,1.000,0.000000,1.0000
864,44.000,316.0,248.0,316.0,248.0,-4.0,8.0,7.41,0.0470,0.97,DETECTED,LOCKED,41.72,8.42,33.9,1.98,0,0,0,1.000,0.000000,1.0000
865,44.033,317.0,247.0,317.0,247.0,-3.0,7.0,7.41,0.0470,0.97,DETECTED,LOCKED,41.75,8.30,34.3,2.04,0,0,0,1.000,0.000000,1.0000
866,44.067,316.0,247.0,316.0,247.0,-4.0,7.0,7.44,0.0470,0.98,DETECTED,LOCKED,41.78,8.19,34.0,1.95,0,0,0,1.000,0.000000,1.0000
867,44.100,314.0,247.0,314.0,247.0,-6.0,7.0,7.51,0.0470,0.97,DETECTED,LOCKED,41.80,8.07,32.1,2.73,0,0,0,1.000,0.000000,1.0000
868,44.133,320.0,246.0,320.0,246.0,0.0,6.0,7.38,0.0460,0.97,DETECTED,LOCKED,41.80,7.96,33.0,2.28,0,0,0,1.000,0.000000,1.0000
869,44.167,324.0,246.0,324.0,246.0,4.0,6.0,7.17,0.0450,0.97,DETECTED,LOCKED,41.80,7.84,32.2,1.99,0,0,0,1.000,0.000000,1.0000
870,44.200,322.0,247.0,322.0,247.0,2.0,7.0,7.12,0.0440,0.97,DETECTED,LOCKED,41.83,7.73,19.4,1.95,0,0,0,1.000,0.000000,1.0000
871,44.233,322.0,247.0,322.0,247.0,2.0,7.0,7.08,0.0440,0.97,DETECTED,LOCKED,41.86,7.61,38.5,1.99,0,0,0,1.000,0.000000,1.0000
872,44.267,321.0,247.0,321.0,247.0,1.0,7.0,7.05,0.0440,0.97,DETECTED,LOCKED,41.88,7.50,33.2,2.11,0,0,0,1.000,0.000000,1.0000
873,44.300,321.0,247.0,321.0,247.0,1.0,7.0,7.03,0.0440,0.97,DETECTED,LOCKED,41.91,7.39,29.3,2.74,0,0,0,1.000,0.000000,1.0000
874,44.333,320.0,248.0,320.0,248.0,0.0,8.0,7.11,0.0440,0.97,DETECTED,LOCKED,41.94,7.27,31.3,2.34,0,0,0,1.000,0.000000,1.0000
875,44.367,319.0,248.0,319.0,248.0,-1.0,8.0,7.19,0.0450,0.97,DETECTED,LOCKED,41.97,7.16,29.3,2.04,0,0,0,1.000,0.000000,1.0000
876,44.400,319.0,247.0,319.0,247.0,-1.0,7.0,7.18,0.0450,0.97,DETECTED,LOCKED,42.00,7.04,34.5,2.31,0,0,0,1.000,0.000000,1.0000
877,44.433,,,,,,,7.18,0.0450,0.00,NOT_DETECTED,LOCKED,42.02,6.92,33.4,1.92,0,0,0,1.000,0.000000,1.0000
878,44.467,,,,,,,7.18,0.0450,0.00,NOT_DETECTED,LOCKED,42.05,6.80,19.1,1.89,0,0,0,1.000,0.000000,1.0000
879,44.500,,,,,,,7.18,0.0450,0.00,NOT_DETECTED,LOCKED,42.08,6.68,37.6,2.98,0,0,0,1.000,0.000000,1.0000
880,44.533,,,,,,,7.18,0.0450,0.00,NOT_DETECTED,LOCKED,42.11,6.55,34.3,1.78,0,0,0,1.000,0.000000,1.0000
881,44.567,,,,,,,7.18,0.0450,0.00,NOT_DETECTED,LOCKED,42.13,6.43,18.6,1.78,0,0,0,1.000,0.000000,1.0000
882,44.600,,,,,,,7.18,0.0450,0.00,NOT_DETECTED,LOCKED,42.16,6.31,41.7,1.77,0,0,0,1.000,0.000000,1.0000
883,44.633,,,,,,,7.18,0.0450,0.00,NOT_DETECTED,LOCKED,42.19,6.19,18.4,2.08,0,0,0,1.000,0.000000,1.0000
884,44.667,,,,,,,7.18,0.0450,0.00,NOT_DETECTED,LOCKED,42.22,6.07,40.0,1.80,0,0,0,1.000,0.000000,1.0000
885,44.700,,,,,,,7.18,0.0450,0.00,NOT_DETECTED,LOCKED,42.24,5.94,18.7,1.78,0,0,0,1.000,0.000000,1.0000
886,44.733,,,,,,,7.18,0.0450,0.00,NOT_DETECTED,LOCKED,42.27,5.82,38.5,1.79,0,0,0,1.000,0.000000,1.0000
887,44.767,,,,,,,7.18,0.0450,0.00,NOT_DETECTED,LOCKED,42.30,5.69,35.6,2.33,0,0,0,1.000,0.000000,1.0000
888,44.800,,,,,,,7.18,0.0450,0.00,NOT_DETECTED,LOCKED,42.32,5.57,18.5,1.95,0,0,0,1.000,0.000000,1.0000
889,44.833,,,,,,,7.18,0.0450,0.00,NOT_DETECTED,LOCKED,42.35,5.44,35.7,1.86,0,0,0,1.000,0.000000,1.0000
890,44.867,,,,,,,7.18,0.0450,0.00,NOT_DETECTED,LOCKED,42.38,5.31,32.1,1.83,0,0,0,1.000,0.000000,1.0000
891,44.900,,,,,,,7.18,0.0450,0.00,NOT_DETECTED,LOCKED,42.41,5.19,35.4,1.78,0,0,0,1.000,0.000000,1.0000
892,44.933,,,,,,,,,0.00,NOT_DETECTED,LOST,42.43,5.06,19.3,1.78,0,0,0,1.000,0.000000,1.0000
893,44.967,,,,,,,,,0.00,NOT_DETECTED,LOST,42.43,5.06,21.3,1.76,0,0,0,1.000,0.000000,1.0000
894,45.000,,,,,,,,,0.00,NOT_DETECTED,LOST,42.43,5.06,21.5,1.74,0,0,0,1.000,0.000000,1.0000
895,45.033,,,,,,,,,0.00,NOT_DETECTED,LOST,42.43,5.06,39.5,1.73,0,0,0,1.000,0.000000,1.0000
896,45.067,,,,,,,,,0.00,NOT_DETECTED,LOST,42.43,5.06,19.3,1.76,0,0,0,1.000,0.000000,1.0000
897,45.100,,,,,,,,,0.00,NOT_DETECTED,LOST,42.43,5.06,21.2,2.04,0,0,0,1.000,0.000000,1.0000
898,45.133,,,,,,,,,0.00,NOT_DETECTED,LOST,42.43,5.06,28.4,2.03,0,0,0,1.000,0.000000,1.0000
899,45.167,,,,,,,,,0.00,NOT_DETECTED,LOST,42.43,5.06,34.3,2.25,0,0,0,1.000,0.000000,1.0000
900,45.200,,,,,,,,,0.00,NOT_DETECTED,LOST,42.43,5.06,22.5,1.82,0,0,0,1.000,0.000000,1.0000
901,45.233,,,,,,,,,0.00,NOT_DETECTED,LOST,42.43,5.06,27.3,1.86,0,0,0,1.000,0.000000,1.0000
902,45.267,,,,,,,,,0.00,NOT_DETECTED,LOST,42.43,5.06,34.2,1.81,0,0,0,1.000,0.000000,1.0000
903,45.300,,,,,,,,,0.00,NOT_DETECTED,LOST,42.43,5.06,34.2,2.14,0,0,0,1.000,0.000000,1.0000
904,45.333,,,,,,,,,0.00,NOT_DETECTED,LOST,42.43,5.06,37.0,1.79,0,0,0,1.000,0.000000,1.0000
905,45.367,,,,,,,,,0.00,NOT_DETECTED,LOST,42.43,5.06,17.3,1.74,0,0,0,1.000,0.000000,1.0000
906,45.400,,,,,,,,,0.00,NOT_DETECTED,LOST,42.43,5.06,40.0,1.74,0,0,0,1.000,0.000000,1.0000
907,45.433,,,,,,,,,0.00,NOT_DETECTED,LOST,42.43,5.06,28.3,1.72,0,0,0,1.000,0.000000,1.0000
908,45.467,,,,,,,,,0.00,NOT_DETECTED,LOST,42.43,5.06,36.8,1.75,0,0,0,1.000,0.000000,1.0000
909,45.500,,,,,,,,,0.00,NOT_DETECTED,LOST,42.43,5.06,36.6,2.58,0,0,0,1.000,0.000000,1.0000
910,45.533,,,,,,,,,0.00,NOT_DETECTED,LOST,42.43,5.06,18.0,2.01,0,0,0,1.000,0.000000,1.0000
911,45.567,,,,,,,,,0.00,NOT_DETECTED,LOST,42.43,5.06,38.5,3.60,0,0,0,1.000,0.000000,1.0000
912,45.600,,,,,,,,,0.00,NOT_DETECTED,LOST,42.43,5.06,29.9,2.61,0,0,0,1.000,0.000000,1.0000
913,45.633,,,,,,,,,0.00,NOT_DETECTED,LOST,42.43,5.06,31.9,1.78,0,0,0,1.000,0.000000,1.0000
914,45.667,,,,,,,,,0.00,NOT_DETECTED,LOST,42.43,5.06,31.8,1.77,0,0,0,1.000,0.000000,1.0000
915,45.700,,,,,,,,,0.00,NOT_DETECTED,LOST,42.43,5.06,31.3,1.74,0,0,0,1.000,0.000000,1.0000
916,45.733,,,,,,,,,0.00,NOT_DETECTED,LOST,42.43,5.06,35.2,2.19,0,0,0,1.000,0.000000,1.0000
917,45.767,,,,,,,,,0.00,NOT_DETECTED,LOST,42.43,5.06,28.3,1.85,0,0,0,1.000,0.000000,1.0000
918,45.800,,,,,,,,,0.00,NOT_DETECTED,LOST,42.43,5.06,31.6,1.82,0,0,0,1.000,0.000000,1.0000
919,45.833,,,,,,,,,0.00,NOT_DETECTED,LOST,42.43,5.06,35.6,2.05,0,0,0,1.000,0.000000,1.0000
920,45.867,,,,,,,,,0.00,NOT_DETECTED,LOST,42.43,5.06,33.2,1.79,0,0,0,1.000,0.000000,1.0000
921,45.900,,,,,,,,,0.00,NOT_DETECTED,LOST,42.43,5.06,34.2,1.82,0,0,0,1.000,0.000000,1.0000
922,45.933,,,,,,,,,0.00,NOT_DETECTED,LOST,42.43,5.06,33.7,1.71,0,0,0,1.000,0.000000,1.0000
923,45.967,,,,,,,,,0.00,NOT_DETECTED,LOST,42.43,5.06,33.0,1.97,0,0,0,1.000,0.000000,1.0000
924,46.000,,,,,,,,,0.00,NOT_DETECTED,LOST,42.43,5.06,17.7,1.75,0,0,0,1.000,0.000000,1.0000
925,46.033,,,,,,,,,0.00,NOT_DETECTED,LOST,42.43,5.06,40.0,2.47,0,0,0,1.000,0.000000,1.0000
926,46.067,,,,,,,,,0.00,NOT_DETECTED,LOST,42.43,5.06,31.0,1.93,0,0,0,1.000,0.000000,1.0000
927,46.100,,,,,,,,,0.00,NOT_DETECTED,LOST,42.43,5.06,29.8,3.11,0,0,0,1.000,0.000000,1.0000
928,46.133,,,,,,,,,0.00,NOT_DETECTED,LOST,42.43,5.06,31.2,3.31,0,0,0,1.000,0.000000,1.0000
929,46.167,,,,,,,,,0.00,NOT_DETECTED,LOST,42.43,5.06,32.8,4.94,0,0,0,1.000,0.000000,1.0000
930,46.200,,,,,,,,,0.00,NOT_DETECTED,LOST,42.43,5.06,25.7,1.98,0,0,0,1.000,0.000000,1.0000
931,46.233,,,,,,,,,0.00,NOT_DETECTED,LOST,42.43,5.06,20.5,1.92,0,0,0,1.000,0.000000,1.0000
932,46.267,,,,,,,,,0.00,NOT_DETECTED,LOST,42.43,5.06,27.0,2.25,0,0,0,1.000,0.000000,1.0000
933,46.300,,,,,,,,,0.00,NOT_DETECTED,LOST,42.43,5.06,26.2,1.87,0,0,0,1.000,0.000000,1.0000
934,46.333,,,,,,,,,0.00,NOT_DETECTED,LOST,42.43,5.06,34.2,2.19,0,0,0,1.000,0.000000,1.0000
935,46.367,,,,,,,,,0.00,NOT_DETECTED,LOST,42.43,5.06,28.8,2.38,0,0,0,1.000,0.000000,1.0000
936,46.400,,,,,,,,,0.00,NOT_DETECTED,LOST,42.43,5.06,31.1,2.19,0,0,0,1.000,0.000000,1.0000
937,46.433,,,,,,,,,0.00,NOT_DETECTED,LOST,42.43,5.06,30.0,2.85,0,0,0,1.000,0.000000,1.0000
938,46.467,,,,,,,,,0.00,NOT_DETECTED,LOST,42.43,5.06,24.9,2.31,0,0,0,1.000,0.000000,1.0000
939,46.500,,,,,,,,,0.00,NOT_DETECTED,LOST,42.43,5.06,31.1,1.77,0,0,0,1.000,0.000000,1.0000
940,46.533,,,,,,,,,0.00,NOT_DETECTED,LOST,42.43,5.06,33.8,1.87,0,0,0,1.000,0.000000,1.0000
941,46.567,,,,,,,,,0.00,NOT_DETECTED,LOST,42.43,5.06,32.1,1.84,0,0,0,1.000,0.000000,1.0000
942,46.600,,,,,,,,,0.00,NOT_DETECTED,LOST,42.43,5.06,32.9,2.60,0,0,0,1.000,0.000000,1.0000
943,46.633,,,,,,,,,0.00,NOT_DETECTED,LOST,42.43,5.06,32.6,1.84,0,0,0,1.000,0.000000,1.0000
944,46.667,,,,,,,,,0.00,NOT_DETECTED,LOST,42.43,5.06,33.2,1.74,0,0,0,1.000,0.000000,1.0000
945,46.700,,,,,,,,,0.00,NOT_DETECTED,LOST,42.43,5.06,36.9,1.74,0,0,0,1.000,0.000000,1.0000
946,46.733,,,,,,,,,0.00,NOT_DETECTED,LOST,42.43,5.06,35.6,1.93,0,0,0,1.000,0.000000,1.0000
947,46.767,,,,,,,,,0.00,NOT_DETECTED,LOST,42.43,5.06,32.1,2.36,0,0,0,1.000,0.000000,1.0000
948,46.800,,,,,,,,,0.00,NOT_DETECTED,LOST,42.43,5.06,30.0,1.81,0,0,0,1.000,0.000000,1.0000
949,46.833,,,,,,,,,0.00,NOT_DETECTED,LOST,42.43,5.06,31.1,1.85,0,0,0,1.000,0.000000,1.0000
950,46.867,,,,,,,,,0.00,NOT_DETECTED,LOST,42.43,5.06,36.7,1.78,0,0,0,1.000,0.000000,1.0000
951,46.900,,,,,,,,,0.00,NOT_DETECTED,LOST,42.43,5.06,19.4,1.77,0,0,0,1.000,0.000000,1.0000
952,46.933,,,,,,,,,0.00,NOT_DETECTED,LOST,42.43,5.06,20.9,2.40,0,0,0,1.000,0.000000,1.0000
953,46.967,,,,,,,,,0.00,NOT_DETECTED,LOST,42.43,5.06,21.2,7.60,0,0,0,1.000,0.000000,1.0000
954,47.000,,,,,,,,,0.00,NOT_DETECTED,LOST,42.43,5.06,12.5,1.73,0,0,0,1.000,0.000000,1.0000
955,47.033,,,,,,,,,0.00,NOT_DETECTED,LOST,42.43,5.06,22.7,2.23,0,0,0,1.000,0.000000,1.0000
956,47.067,,,,,,,,,0.00,NOT_DETECTED,LOST,42.43,5.06,26.0,5.15,0,0,0,1.000,0.000000,1.0000
957,47.100,,,,,,,,,0.00,NOT_DETECTED,LOST,42.43,5.06,22.1,1.86,0,0,0,1.000,0.000000,1.0000
958,47.133,,,,,,,,,0.00,NOT_DETECTED,LOST,42.43,5.06,23.3,1.73,0,0,0,1.000,0.000000,1.0000
959,47.167,,,,,,,,,0.00,NOT_DETECTED,LOST,42.43,5.06,31.8,2.01,0,0,0,1.000,0.000000,1.0000
960,47.200,,,,,,,,,0.00,NOT_DETECTED,LOST,42.43,5.06,31.8,1.74,0,0,0,1.000,0.000000,1.0000
961,47.233,,,,,,,,,0.00,NOT_DETECTED,LOST,42.43,5.06,30.4,1.72,0,0,0,1.000,0.000000,1.0000
962,47.267,,,,,,,,,0.00,NOT_DETECTED,LOST,42.43,5.06,32.5,3.40,0,0,0,1.000,0.000000,1.0000
963,47.300,,,,,,,,,0.00,NOT_DETECTED,LOST,42.43,5.06,32.9,1.78,0,0,0,1.000,0.000000,1.0000
964,47.333,,,,,,,,,0.00,NOT_DETECTED,LOST,42.43,5.06,34.0,1.83,0,0,0,1.000,0.000000,1.0000
965,47.367,,,,,,,,,0.00,NOT_DETECTED,LOST,42.43,5.06,33.3,1.92,0,0,0,1.000,0.000000,1.0000
966,47.400,,,,,,,,,0.00,NOT_DETECTED,LOST,42.43,5.06,28.2,1.74,0,0,0,1.000,0.000000,1.0000
967,47.433,,,,,,,,,0.00,NOT_DETECTED,LOST,42.43,5.06,37.1,1.86,0,0,0,1.000,0.000000,1.0000
968,47.467,,,,,,,,,0.00,NOT_DETECTED,LOST,42.43,5.06,38.0,1.73,0,0,0,1.000,0.000000,1.0000
969,47.500,,,,,,,,,0.00,NOT_DETECTED,LOST,42.43,5.06,21.1,1.75,0,0,0,1.000,0.000000,1.0000
970,47.533,,,,,,,,,0.00,NOT_DETECTED,LOST,42.43,5.06,21.6,1.73,0,0,0,1.000,0.000000,1.0000
971,47.567,,,,,,,,,0.00,NOT_DETECTED,LOST,42.43,5.06,21.9,2.46,0,0,0,1.000,0.000000,1.0000
972,47.600,,,,,,,,,0.00,NOT_DETECTED,LOST,42.43,5.06,38.5,2.17,0,0,0,1.000,0.000000,1.0000
973,47.633,,,,,,,,,0.00,NOT_DETECTED,LOST,42.43,5.06,30.3,2.12,0,0,0,1.000,0.000000,1.0000
974,47.667,,,,,,,,,0.00,NOT_DETECTED,LOST,42.43,5.06,30.3,1.73,0,0,0,1.000,0.000000,1.0000
975,47.700,,,,,,,,,0.00,NOT_DETECTED,LOST,42.43,5.06,37.1,2.02,0,0,0,1.000,0.000000,1.0000
976,47.733,,,,,,,,,0.00,NOT_DETECTED,LOST,42.43,5.06,37.1,1.70,0,0,0,1.000,0.000000,1.0000
977,47.767,,,,,,,,,0.00,NOT_DETECTED,LOST,42.43,5.06,21.7,1.88,0,0,0,1.000,0.000000,1.0000
978,47.800,,,,,,,,,0.00,NOT_DETECTED,LOST,42.43,5.06,21.7,2.52,0,0,0,1.000,0.000000,1.0000
979,47.833,,,,,,,,,0.00,NOT_DETECTED,LOST,42.43,5.06,26.4,1.99,0,0,0,1.000,0.000000,1.0000
980,47.867,,,,,,,,,0.00,NOT_DETECTED,LOST,42.43,5.06,34.4,2.18,0,0,0,1.000,0.000000,1.0000
981,47.900,,,,,,,,,0.00,NOT_DETECTED,LOST,42.43,5.06,31.1,2.00,0,0,0,1.000,0.000000,1.0000
982,47.933,,,,,,,,,0.00,NOT_DETECTED,LOST,42.43,5.06,25.9,1.86,0,0,0,1.000,0.000000,1.0000
983,47.967,,,,,,,,,0.00,NOT_DETECTED,LOST,42.43,5.06,31.9,1.79,0,0,0,1.000,0.000000,1.0000
984,48.000,,,,,,,,,0.00,NOT_DETECTED,LOST,42.43,5.06,20.3,1.86,0,0,0,1.000,0.000000,1.0000
985,48.033,,,,,,,,,0.00,NOT_DETECTED,LOST,42.43,5.06,16.5,1.80,0,0,0,1.000,0.000000,1.0000
986,48.067,,,,,,,,,0.00,NOT_DETECTED,LOST,42.43,5.06,21.7,1.74,0,0,0,1.000,0.000000,1.0000
987,48.100,,,,,,,,,0.00,NOT_DETECTED,LOST,42.43,5.06,36.7,2.10,0,0,0,1.000,0.000000,1.0000
988,48.133,,,,,,,,,0.00,NOT_DETECTED,LOST,42.43,5.06,29.8,1.73,0,0,0,1.000,0.000000,1.0000
989,48.167,,,,,,,,,0.00,NOT_DETECTED,LOST,42.43,5.06,32.5,2.36,0,0,0,1.000,0.000000,1.0000
990,48.200,,,,,,,,,0.00,NOT_DETECTED,LOST,42.43,5.06,35.3,1.74,0,0,0,1.000,0.000000,1.0000
991,48.233,,,,,,,,,0.00,NOT_DETECTED,LOST,42.43,5.06,34.1,2.27,0,0,0,1.000,0.000000,1.0000
992,48.267,,,,,,,,,0.00,NOT_DETECTED,LOST,42.43,5.06,33.2,1.73,0,0,0,1.000,0.000000,1.0000
993,48.300,,,,,,,,,0.00,NOT_DETECTED,LOST,42.43,5.06,34.2,1.91,0,0,0,1.000,0.000000,1.0000
994,48.333,,,,,,,,,0.00,NOT_DETECTED,LOST,42.43,5.06,34.3,2.14,0,0,0,1.000,0.000000,1.0000
995,48.367,,,,,,,,,0.00,NOT_DETECTED,LOST,42.43,5.06,32.3,1.93,0,0,0,1.000,0.000000,1.0000
996,48.400,,,,,,,,,0.00,NOT_DETECTED,LOST,42.43,5.06,17.0,2.19,0,0,0,1.000,0.000000,1.0000
997,48.433,,,,,,,,,0.00,NOT_DETECTED,LOST,42.43,5.06,34.0,1.94,0,0,0,1.000,0.000000,1.0000
998,48.467,,,,,,,,,0.00,NOT_DETECTED,LOST,42.43,5.06,26.8,2.34,0,0,0,1.000,0.000000,1.0000
999,48.500,,,,,,,,,0.00,NOT_DETECTED,LOST,42.43,5.06,35.3,2.02,0,0,0,1.000,0.000000,1.0000
1000,48.533,,,,,,,,,0.00,NOT_DETECTED,LOST,42.43,5.06,16.5,2.50,0,0,0,1.000,0.000000,1.0000
1001,48.567,,,,,,,,,0.00,NOT_DETECTED,LOST,42.43,5.06,20.2,2.30,0,0,0,1.000,0.000000,1.0000
1002,48.600,,,,,,,,,0.00,NOT_DETECTED,LOST,42.43,5.06,23.1,2.22,0,0,0,1.000,0.000000,1.0000
1003,48.633,,,,,,,,,0.00,NOT_DETECTED,LOST,42.43,5.06,24.7,2.17,0,0,0,1.000,0.000000,1.0000
1004,48.667,,,,,,,,,0.00,NOT_DETECTED,LOST,42.43,5.06,25.0,2.17,0,0,0,1.000,0.000000,1.0000
1005,48.700,,,,,,,,,0.00,NOT_DETECTED,LOST,42.43,5.06,26.0,2.19,0,0,0,1.000,0.000000,1.0000
1006,48.733,,,,,,,,,0.00,NOT_DETECTED,LOST,42.43,5.06,24.7,2.19,0,0,0,1.000,0.000000,1.0000
1007,48.767,,,,,,,,,0.00,NOT_DETECTED,LOST,42.43,5.06,26.0,2.12,0,0,0,1.000,0.000000,1.0000
1008,48.800,,,,,,,,,0.00,NOT_DETECTED,LOST,42.43,5.06,25.8,2.20,0,0,0,1.000,0.000000,1.0000
1009,48.833,,,,,,,,,0.00,NOT_DETECTED,LOST,42.43,5.06,25.3,2.17,0,0,0,1.000,0.000000,1.0000
1010,48.867,,,,,,,,,0.00,NOT_DETECTED,LOST,42.43,5.06,24.7,2.01,0,0,0,1.000,0.000000,1.0000
1011,48.900,,,,,,,,,0.00,NOT_DETECTED,LOST,42.43,5.06,24.7,2.07,0,0,0,1.000,0.000000,1.0000
1012,48.933,,,,,,,,,0.00,NOT_DETECTED,LOST,42.43,5.06,26.0,2.52,0,0,0,1.000,0.000000,1.0000
1013,48.967,,,,,,,,,0.00,NOT_DETECTED,LOST,42.43,5.06,20.7,2.49,0,0,0,1.000,0.000000,1.0000
1014,49.000,,,,,,,,,0.00,NOT_DETECTED,LOST,42.43,5.06,23.0,1.92,0,0,0,1.000,0.000000,1.0000
1015,49.033,,,,,,,,,0.00,NOT_DETECTED,LOST,42.43,5.06,24.7,2.12,0,0,0,1.000,0.000000,1.0000
1016,49.067,,,,,,,,,0.00,NOT_DETECTED,LOST,42.43,5.06,29.4,1.88,0,0,0,1.000,0.000000,1.0000
1017,49.100,,,,,,,,,0.00,NOT_DETECTED,LOST,42.43,5.06,23.3,2.07,0,0,0,1.000,0.000000,1.0000
1018,49.133,,,,,,,,,0.00,NOT_DETECTED,LOST,42.43,5.06,25.7,2.72,0,0,0,1.000,0.000000,1.0000
1019,49.167,,,,,,,,,0.00,NOT_DETECTED,LOST,42.43,5.06,24.3,2.51,0,0,0,1.000,0.000000,1.0000
1020,49.200,,,,,,,,,0.00,NOT_DETECTED,LOST,42.43,5.06,23.3,1.88,0,0,0,1.000,0.000000,1.0000
1021,49.233,,,,,,,,,0.00,NOT_DETECTED,LOST,42.43,5.06,28.6,2.44,0,0,0,1.000,0.000000,1.0000
1022,49.267,,,,,,,,,0.00,NOT_DETECTED,LOST,42.43,5.06,21.8,2.31,0,0,0,1.000,0.000000,1.0000
1023,49.300,,,,,,,,,0.00,NOT_DETECTED,LOST,42.43,5.06,23.5,1.93,0,0,0,1.000,0.000000,1.0000
1024,49.333,,,,,,,,,0.00,NOT_DETECTED,LOST,42.43,5.06,26.0,2.06,0,0,0,1.000,0.000000,1.0000
1025,49.367,,,,,,,,,0.00,NOT_DETECTED,LOST,42.43,5.06,23.1,2.90,0,0,0,1.000,0.000000,1.0000
1026,49.400,,,,,,,,,0.00,NOT_DETECTED,LOST,42.43,5.06,18.6,1.94,0,0,0,1.000,0.000000,1.0000
1027,49.433,,,,,,,,,0.00,NOT_DETECTED,LOST,42.43,5.06,24.5,1.80,0,0,0,1.000,0.000000,1.0000
1028,49.467,,,,,,,,,0.00,NOT_DETECTED,LOST,42.43,5.06,29.4,1.87,0,0,0,1.000,0.000000,1.0000
1029,49.500,,,,,,,,,0.00,NOT_DETECTED,LOST,42.43,5.06,23.3,1.87,0,0,0,1.000,0.000000,1.0000
1030,49.533,,,,,,,,,0.00,NOT_DETECTED,LOST,42.43,5.06,31.3,1.87,0,0,0,1.000,0.000000,1.0000
1031,49.567,,,,,,,,,0.00,NOT_DETECTED,LOST,42.43,5.06,29.4,2.29,0,0,0,1.000,0.000000,1.0000
1032,49.600,,,,,,,,,0.00,NOT_DETECTED,LOST,42.43,5.06,33.4,1.86,0,0,0,1.000,0.000000,1.0000
1033,49.633,,,,,,,,,0.00,NOT_DETECTED,LOST,42.43,5.06,28.6,1.80,0,0,0,1.000,0.000000,1.0000
1034,49.667,,,,,,,,,0.00,NOT_DETECTED,LOST,42.43,5.06,35.8,1.81,0,0,0,1.000,0.000000,1.0000
1035,49.700,,,,,,,,,0.00,NOT_DETECTED,LOST,42.43,5.06,35.3,1.81,0,0,0,1.000,0.000000,1.0000
1036,49.733,,,,,,,,,0.00,NOT_DETECTED,LOST,42.43,5.06,21.7,2.57,0,0,0,1.000,0.000000,1.0000
1037,49.767,,,,,,,,,0.00,NOT_DETECTED,LOST,42.43,5.06,31.1,1.86,0,0,0,1.000,0.000000,1.0000
1038,49.800,,,,,,,,,0.00,NOT_DETECTED,LOST,42.43,5.06,33.3,2.87,0,0,0,1.000,0.000000,1.0000
1039,49.833,,,,,,,,,0.00,NOT_DETECTED,LOST,42.43,5.06,26.2,1.95,0,0,0,1.000,0.000000,1.0000
1040,49.867,,,,,,,,,0.00,NOT_DETECTED,LOST,42.43,5.06,31.0,1.89,0,0,0,1.000,0.000000,1.0000
1041,49.900,,,,,,,,,0.00,NOT_DETECTED,LOST,42.43,5.06,33.4,1.85,0,0,0,1.000,0.000000,1.0000
1042,49.933,,,,,,,,,0.00,NOT_DETECTED,LOST,42.43,5.06,33.3,4.05,0,0,0,1.000,0.000000,1.0000
1043,49.967,,,,,,,,,0.00,NOT_DETECTED,LOST,42.43,5.06,25.7,1.99,0,0,0,1.000,0.000000,1.0000
1044,50.000,,,,,,,,,0.00,NOT_DETECTED,LOST,42.43,5.06,30.3,2.17,0,0,0,1.000,0.000000,1.0000
1045,50.033,,,,,,,,,0.00,NOT_DETECTED,LOST,42.43,5.06,31.3,2.02,0,0,0,1.000,0.000000,1.0000
1046,50.067,,,,,,,,,0.00,NOT_DETECTED,LOST,42.43,5.06,35.7,1.80,0,0,0,1.000,0.000000,1.0000
1047,50.100,,,,,,,,,0.00,NOT_DETECTED,LOST,42.43,5.06,32.3,1.80,0,0,0,1.000,0.000000,1.0000
1048,50.133,,,,,,,,,0.00,NOT_DETECTED,LOST,42.43,5.06,22.6,1.86,0,0,0,1.000,0.000000,1.0000
1049,50.167,,,,,,,,,0.00,NOT_DETECTED,LOST,42.43,5.06,30.3,1.87,0,0,0,1.000,0.000000,1.0000
1050,50.200,,,,,,,,,0.00,NOT_DETECTED,LOST,42.43,5.06,20.0,1.86,0,0,0,1.000,0.000000,1.0000
1051,50.233,,,,,,,,,0.00,NOT_DETECTED,LOST,42.43,5.06,30.3,1.81,0,0,0,1.000,0.000000,1.0000
1052,50.267,,,,,,,,,0.00,NOT_DETECTED,LOST,42.43,5.06,37.1,1.83,0,0,0,1.000,0.000000,1.0000
1053,50.300,,,,,,,,,0.00,NOT_DETECTED,LOST,42.43,5.06,33.2,1.89,0,0,0,1.000,0.000000,1.0000
1054,50.333,,,,,,,,,0.00,NOT_DETECTED,LOST,42.43,5.06,21.2,1.87,0,0,0,1.000,0.000000,1.0000
1055,50.367,,,,,,,,,0.00,NOT_DETECTED,LOST,42.43,5.06,32.9,1.85,0,0,0,1.000,0.000000,1.0000
1056,50.400,,,,,,,,,0.00,NOT_DETECTED,LOST,42.43,5.06,21.5,1.86,0,0,0,1.000,0.000000,1.0000
1057,50.433,,,,,,,,,0.00,NOT_DETECTED,LOST,42.43,5.06,21.7,1.85,0,0,0,1.000,0.000000,1.0000
1058,50.467,,,,,,,,,0.00,NOT_DETECTED,LOST,42.43,5.06,21.1,1.80,0,0,0,1.000,0.000000,1.0000
1059,50.500,,,,,,,,,0.00,NOT_DETECTED,LOST,42.43,5.06,22.0,1.95,0,0,0,1.000,0.000000,1.0000
1060,50.533,,,,,,,,,0.00,NOT_DETECTED,LOST,42.43,5.06,35.2,1.79,0,0,0,1.000,0.000000,1.0000
1061,50.567,,,,,,,,,0.00,NOT_DETECTED,LOST,42.43,5.06,30.9,1.89,0,0,0,1.000,0.000000,1.0000
1062,50.600,,,,,,,,,0.00,NOT_DETECTED,LOST,42.43,5.06,36.6,1.85,0,0,0,1.000,0.000000,1.0000
1063,50.633,,,,,,,,,0.00,NOT_DETECTED,LOST,42.43,5.06,31.9,1.93,0,0,0,1.000,0.000000,1.0000
1064,50.667,,,,,,,,,0.00,NOT_DETECTED,LOST,42.43,5.06,33.9,1.91,0,0,0,1.000,0.000000,1.0000
1065,50.700,,,,,,,,,0.00,NOT_DETECTED,LOST,42.43,5.06,34.2,1.84,0,0,0,1.000,0.000000,1.0000
1066,50.733,,,,,,,,,0.00,NOT_DETECTED,LOST,42.43,5.06,35.7,1.87,0,0,0,1.000,0.000000,1.0000
1067,50.767,,,,,,,,,0.00,NOT_DETECTED,LOST,42.43,5.06,17.7,1.90,0,0,0,1.000,0.000000,1.0000
1068,50.800,,,,,,,,,0.00,NOT_DETECTED,LOST,42.43,5.06,25.6,1.87,0,0,0,1.000,0.000000,1.0000
1069,50.833,,,,,,,,,0.00,NOT_DETECTED,LOST,42.43,5.06,35.2,1.80,0,0,0,1.000,0.000000,1.0000
1070,50.867,,,,,,,,,0.00,NOT_DETECTED,LOST,42.43,5.06,17.8,1.84,0,0,0,1.000,0.000000,1.0000
1071,50.900,,,,,,,,,0.00,NOT_DETECTED,LOST,42.43,5.06,36.7,1.97,0,0,0,1.000,0.000000,1.0000
1072,50.933,,,,,,,,,0.00,NOT_DETECTED,LOST,42.43,5.06,32.9,1.81,0,0,0,1.000,0.000000,1.0000
1073,50.967,,,,,,,,,0.00,NOT_DETECTED,LOST,42.43,5.06,35.3,1.86,0,0,0,1.000,0.000000,1.0000
1074,51.000,,,,,,,,,0.00,NOT_DETECTED,LOST,42.43,5.06,30.9,1.79,0,0,0,1.000,0.000000,1.0000
1075,51.033,,,,,,,,,0.00,NOT_DETECTED,LOST,42.43,5.06,36.5,1.80,0,0,0,1.000,0.000000,1.0000
1076,51.067,,,,,,,,,0.00,NOT_DETECTED,LOST,42.43,5.06,18.3,1.86,0,0,0,1.000,0.000000,1.0000
1077,51.100,,,,,,,,,0.00,NOT_DETECTED,LOST,42.43,5.06,32.0,1.82,0,0,0,1.000,0.000000,1.0000
1078,51.133,,,,,,,,,0.00,NOT_DETECTED,LOST,42.43,5.06,30.9,1.87,0,0,0,1.000,0.000000,1.0000
1079,51.167,,,,,,,,,0.00,NOT_DETECTED,LOST,42.43,5.06,36.5,1.86,0,0,0,1.000,0.000000,1.0000
1080,51.200,,,,,,,,,0.00,NOT_DETECTED,LOST,42.43,5.06,38.1,1.83,0,0,0,1.000,0.000000,1.0000
1081,51.233,,,,,,,,,0.00,NOT_DETECTED,LOST,42.43,5.06,15.9,2.18,0,0,0,1.000,0.000000,1.0000
1082,51.267,,,,,,,,,0.00,NOT_DETECTED,LOST,42.43,5.06,16.5,1.78,0,0,0,1.000,0.000000,1.0000
1083,51.300,,,,,,,,,0.00,NOT_DETECTED,LOST,42.43,5.06,38.1,1.87,0,0,0,1.000,0.000000,1.0000
1084,51.333,,,,,,,,,0.00,NOT_DETECTED,LOST,42.43,5.06,35.7,1.82,0,0,0,1.000,0.000000,1.0000
1085,51.367,,,,,,,,,0.00,NOT_DETECTED,LOST,42.43,5.06,33.4,1.94,0,0,0,1.000,0.000000,1.0000
1086,51.400,,,,,,,,,0.00,NOT_DETECTED,LOST,42.43,5.06,18.3,1.87,0,0,0,1.000,0.000000,1.0000
1087,51.433,,,,,,,,,0.00,NOT_DETECTED,LOST,42.43,5.06,29.1,1.85,0,0,0,1.000,0.000000,1.0000
1088,51.467,,,,,,,,,0.00,NOT_DETECTED,LOST,42.43,5.06,38.0,1.80,0,0,0,1.000,0.000000,1.0000
1089,51.500,,,,,,,,,0.00,NOT_DETECTED,LOST,42.43,5.06,33.0,1.80,0,0,0,1.000,0.000000,1.0000
1090,51.533,,,,,,,,,0.00,NOT_DETECTED,LOST,42.43,5.06,35.4,1.85,0,0,0,1.000,0.000000,1.0000
1091,51.567,,,,,,,,,0.00,NOT_DETECTED,LOST,42.43,5.06,29.9,1.86,0,0,0,1.000,0.000000,1.0000
1092,51.600,,,,,,,,,0.00,NOT_DETECTED,LOST,42.43,5.06,31.9,1.79,0,0,0,1.000,0.000000,1.0000
1093,51.633,,,,,,,,,0.00,NOT_DETECTED,LOST,42.43,5.06,36.6,1.85,0,0,0,1.000,0.000000,1.0000
1094,51.667,,,,,,,,,0.00,NOT_DETECTED,LOST,42.43,5.06,34.1,1.81,0,0,0,1.000,0.000000,1.0000
1095,51.700,,,,,,,,,0.00,NOT_DETECTED,LOST,42.43,5.06,18.3,2.10,0,0,0,1.000,0.000000,1.0000
1096,51.733,,,,,,,,,0.00,NOT_DETECTED,LOST,42.43,5.06,33.3,1.90,0,0,0,1.000,0.000000,1.0000
1097,51.767,,,,,,,,,0.00,NOT_DETECTED,LOST,42.43,5.06,31.3,1.86,0,0,0,1.000,0.000000,1.0000
1098,51.800,,,,,,,,,0.00,NOT_DETECTED,LOST,42.43,5.06,36.5,1.84,0,0,0,1.000,0.000000,1.0000
1099,51.833,,,,,,,,,0.00,NOT_DETECTED,LOST,42.43,5.06,35.8,1.87,0,0,0,1.000,0.000000,1.0000
1100,51.867,,,,,,,,,0.00,NOT_DETECTED,LOST,42.43,5.06,19.0,1.91,0,0,0,1.000,0.000000,1.0000
1101,51.900,,,,,,,,,0.00,NOT_DETECTED,LOST,42.43,5.06,37.1,1.90,0,0,0,1.000,0.000000,1.0000
1102,51.933,,,,,,,,,0.00,NOT_DETECTED,LOST,42.43,5.06,29.1,1.82,0,0,0,1.000,0.000000,1.0000
1103,51.967,,,,,,,,,0.00,NOT_DETECTED,LOST,42.43,5.06,32.9,1.81,0,0,0,1.000,0.000000,1.0000
1104,52.000,,,,,,,,,0.00,NOT_DETECTED,LOST,42.43,5.06,36.5,1.87,0,0,0,1.000,0.000000,1.0000
1105,52.033,,,,,,,,,0.00,NOT_DETECTED,LOST,42.43,5.06,19.4,1.89,0,0,0,1.000,0.000000,1.0000
1106,52.067,,,,,,,,,0.00,NOT_DETECTED,LOST,42.43,5.06,27.0,1.95,0,0,0,1.000,0.000000,1.0000
1107,52.100,,,,,,,,,0.00,NOT_DETECTED,LOST,42.43,5.06,30.2,1.88,0,0,0,1.000,0.000000,1.0000
1108,52.133,,,,,,,,,0.00,NOT_DETECTED,LOST,42.43,5.06,28.6,2.32,0,0,0,1.000,0.000000,1.0000
1109,52.167,,,,,,,,,0.00,NOT_DETECTED,LOST,42.43,5.06,28.6,2.08,0,0,0,1.000,0.000000,1.0000
1110,52.200,,,,,,,,,0.00,NOT_DETECTED,LOST,42.43,5.06,29.4,1.88,0,0,0,1.000,0.000000,1.0000
1111,52.233,,,,,,,,,0.00,NOT_DETECTED,LOST,42.43,5.06,27.6,1.78,0,0,0,1.000,0.000000,1.0000
1112,52.267,,,,,,,,,0.00,NOT_DETECTED,LOST,42.43,5.06,28.6,1.71,0,0,0,1.000,0.000000,1.0000
1113,52.300,,,,,,,,,0.00,NOT_DETECTED,LOST,42.43,5.06,31.3,1.79,0,0,0,1.000,0.000000,1.0000
1114,52.333,,,,,,,,,0.00,NOT_DETECTED,LOST,42.43,5.06,27.4,1.96,0,0,0,1.000,0.000000,1.0000
1115,52.367,,,,,,,,,0.00,NOT_DETECTED,LOST,42.43,5.06,33.4,2.44,0,0,0,1.000,0.000000,1.0000
1116,52.400,,,,,,,,,0.00,NOT_DETECTED,LOST,42.43,5.06,33.9,2.29,0,0,0,1.000,0.000000,1.0000
1117,52.433,,,,,,,,,0.00,NOT_DETECTED,LOST,42.43,5.06,30.3,1.84,0,0,0,1.000,0.000000,1.0000
1118,52.467,,,,,,,,,0.00,NOT_DETECTED,LOST,42.43,5.06,32.3,1.87,0,0,0,1.000,0.000000,1.0000
1119,52.500,,,,,,,,,0.00,NOT_DETECTED,LOST,42.43,5.06,33.1,1.83,0,0,0,1.000,0.000000,1.0000
1120,52.533,,,,,,,,,0.00,NOT_DETECTED,LOST,42.43,5.06,29.1,1.81,0,0,0,1.000,0.000000,1.0000
1121,52.567,,,,,,,,,0.00,NOT_DETECTED,LOST,42.43,5.06,30.0,1.93,0,0,0,1.000,0.000000,1.0000
1122,52.600,,,,,,,,,0.00,NOT_DETECTED,LOST,42.43,5.06,35.4,1.98,0,0,0,1.000,0.000000,1.0000
1123,52.633,,,,,,,,,0.00,NOT_DETECTED,LOST,42.43,5.06,28.3,2.00,0,0,0,1.000,0.000000,1.0000
1124,52.667,,,,,,,,,0.00,NOT_DETECTED,LOST,42.43,5.06,31.9,1.86,0,0,0,1.000,0.000000,1.0000
1125,52.700,,,,,,,,,0.00,NOT_DETECTED,LOST,42.43,5.06,36.5,1.86,0,0,0,1.000,0.000000,1.0000
1126,52.733,,,,,,,,,0.00,NOT_DETECTED,LOST,42.43,5.06,34.6,1.88,0,0,0,1.000,0.000000,1.0000
1127,52.767,,,,,,,,,0.00,NOT_DETECTED,LOST,42.43,5.06,34.1,2.23,0,0,0,1.000,0.000000,1.0000
1128,52.800,,,,,,,,,0.00,NOT_DETECTED,LOST,42.43,5.06,35.8,1.85,0,0,0,1.000,0.000000,1.0000
1129,52.833,,,,,,,,,0.00,NOT_DETECTED,LOST,42.43,5.06,30.4,1.97,0,0,0,1.000,0.000000,1.0000
1130,52.867,,,,,,,,,0.00,NOT_DETECTED,LOST,42.43,5.06,31.9,2.04,0,0,0,1.000,0.000000,1.0000
1131,52.900,,,,,,,,,0.00,NOT_DETECTED,LOST,42.43,5.06,32.8,1.87,0,0,0,1.000,0.000000,1.0000
1132,52.933,,,,,,,,,0.00,NOT_DETECTED,LOST,42.43,5.06,28.4,2.49,0,0,0,1.000,0.000000,1.0000
1133,52.967,,,,,,,,,0.00,NOT_DETECTED,LOST,42.43,5.06,27.5,1.88,0,0,0,1.000,0.000000,1.0000
1134,53.000,,,,,,,,,0.00,NOT_DETECTED,LOST,42.43,5.06,27.4,1.94,0,0,0,1.000,0.000000,1.0000
1135,53.033,,,,,,,,,0.00,NOT_DETECTED,LOST,42.43,5.06,26.0,2.67,0,0,0,1.000,0.000000,1.0000
1136,53.067,,,,,,,,,0.00,NOT_DETECTED,LOST,42.43,5.06,26.3,2.22,0,0,0,1.000,0.000000,1.0000
1137,53.100,,,,,,,,,0.00,NOT_DETECTED,LOST,42.43,5.06,26.8,2.24,0,0,0,1.000,0.000000,1.0000
1138,53.133,,,,,,,,,0.00,NOT_DETECTED,LOST,42.43,5.06,34.0,2.03,0,0,0,1.000,0.000000,1.0000
1139,53.167,,,,,,,,,0.00,NOT_DETECTED,LOST,42.43,5.06,31.2,2.40,0,0,0,1.000,0.000000,1.0000
1140,53.200,,,,,,,,,0.00,NOT_DETECTED,LOST,42.43,5.06,19.6,2.45,0,0,0,1.000,0.000000,1.0000
1141,53.233,,,,,,,,,0.00,NOT_DETECTED,LOST,42.43,5.06,22.1,2.13,0,0,0,1.000,0.000000,1.0000
1142,53.267,,,,,,,,,0.00,NOT_DETECTED,LOST,42.43,5.06,24.6,2.03,0,0,0,1.000,0.000000,1.0000
1143,53.300,,,,,,,,,0.00,NOT_DETECTED,LOST,42.43,5.06,22.2,2.58,0,0,0,1.000,0.000000,1.0000
1144,53.333,,,,,,,,,0.00,NOT_DETECTED,LOST,42.43,5.06,24.8,1.80,0,0,0,1.000,0.000000,1.0000
1145,53.367,,,,,,,,,0.00,NOT_DETECTED,LOST,42.43,5.06,26.9,2.17,0,0,0,1.000,0.000000,1.0000
1146,53.400,,,,,,,,,0.00,NOT_DETECTED,LOST,42.43,5.06,30.0,1.87,0,0,0,1.000,0.000000,1.0000
1147,53.433,,,,,,,,,0.00,NOT_DETECTED,LOST,42.43,5.06,29.2,2.36,0,0,0,1.000,0.000000,1.0000
1148,53.467,,,,,,,,,0.00,NOT_DETECTED,LOST,42.43,5.06,22.1,1.83,0,0,0,1.000,0.000000,1.0000
1149,53.500,,,,,,,,,0.00,NOT_DETECTED,LOST,42.43,5.06,27.7,2.01,0,0,0,1.000,0.000000,1.0000
1150,53.533,,,,,,,,,0.00,NOT_DETECTED,LOST,42.43,5.06,27.0,1.89,0,0,0,1.000,0.000000,1.0000
1151,53.567,,,,,,,,,0.00,NOT_DETECTED,LOST,42.43,5.06,29.2,2.28,0,0,0,1.000,0.000000,1.0000
1152,53.600,,,,,,,,,0.00,NOT_DETECTED,LOST,42.43,5.06,27.7,2.47,0,0,0,1.000,0.000000,1.0000
1153,53.633,,,,,,,,,0.00,NOT_DETECTED,LOST,42.43,5.06,29.7,2.83,0,0,0,1.000,0.000000,1.0000
1154,53.667,,,,,,,,,0.00,NOT_DETECTED,LOST,42.43,5.06,7.8,3.09,0,0,0,1.000,0.000000,1.0000
1155,53.700,,,,,,,,,0.00,NOT_DETECTED,LOST,42.43,5.06,15.5,2.08,0,0,0,1.000,0.000000,1.0000
1156,53.733,,,,,,,,,0.00,NOT_DETECTED,LOST,42.43,5.06,18.1,1.81,0,0,0,1.000,0.000000,1.0000
1157,53.767,,,,,,,,,0.00,NOT_DETECTED,LOST,42.43,5.06,32.0,1.93,0,0,0,1.000,0.000000,1.0000
1158,53.800,,,,,,,,,0.00,NOT_DETECTED,LOST,42.43,5.06,29.1,1.83,0,0,0,1.000,0.000000,1.0000
1159,53.833,,,,,,,,,0.00,NOT_DETECTED,LOST,42.43,5.06,26.2,1.89,0,0,0,1.000,0.000000,1.0000
1160,53.867,,,,,,,,,0.00,NOT_DETECTED,LOST,42.43,5.06,27.6,1.88,0,0,0,1.000,0.000000,1.0000
1161,53.900,,,,,,,,,0.00,NOT_DETECTED,LOST,42.43,5.06,31.3,1.91,0,0,0,1.000,0.000000,1.0000
1162,53.933,,,,,,,,,0.00,NOT_DETECTED,LOST,42.43,5.06,27.6,2.06,0,0,0,1.000,0.000000,1.0000
1163,53.967,,,,,,,,,0.00,NOT_DETECTED,LOST,42.43,5.06,31.8,2.25,0,0,0,1.000,0.000000,1.0000
1164,54.000,,,,,,,,,0.00,NOT_DETECTED,LOST,42.43,5.06,31.9,1.93,0,0,0,1.000,0.000000,1.0000
1165,54.033,,,,,,,,,0.00,NOT_DETECTED,LOST,42.43,5.06,26.0,1.93,0,0,0,1.000,0.000000,1.0000
1166,54.067,,,,,,,,,0.00,NOT_DETECTED,LOST,42.43,5.06,26.9,1.82,0,0,0,1.000,0.000000,1.0000
1167,54.100,,,,,,,,,0.00,NOT_DETECTED,LOST,42.43,5.06,28.0,1.81,0,0,0,1.000,0.000000,1.0000
1168,54.133,,,,,,,,,0.00,NOT_DETECTED,LOST,42.43,5.06,32.2,1.91,0,0,0,1.000,0.000000,1.0000
1169,54.167,,,,,,,,,0.00,NOT_DETECTED,LOST,42.43,5.06,33.2,1.83,0,0,0,1.000,0.000000,1.0000
1170,54.200,,,,,,,,,0.00,NOT_DETECTED,LOST,42.43,5.06,32.8,1.90,0,0,0,1.000,0.000000,1.0000
1171,54.233,,,,,,,,,0.00,NOT_DETECTED,LOST,42.43,5.06,32.3,1.85,0,0,0,1.000,0.000000,1.0000
1172,54.267,,,,,,,,,0.00,NOT_DETECTED,LOST,42.43,5.06,27.7,1.87,0,0,0,1.000,0.000000,1.0000
1173,54.300,,,,,,,,,0.00,NOT_DETECTED,LOST,42.43,5.06,29.6,1.82,0,0,0,1.000,0.000000,1.0000
1174,54.333,,,,,,,,,0.00,NOT_DETECTED,LOST,42.43,5.06,31.1,2.22,0,0,0,1.000,0.000000,1.0000
1175,54.367,,,,,,,,,0.00,NOT_DETECTED,LOST,42.43,5.06,21.0,1.89,0,0,0,1.000,0.000000,1.0000
1176,54.400,,,,,,,,,0.00,NOT_DETECTED,LOST,42.43,5.06,22.2,2.04,0,0,0,1.000,0.000000,1.0000
1177,54.433,,,,,,,,,0.00,NOT_DETECTED,LOST,42.43,5.06,19.8,2.71,0,0,0,1.000,0.000000,1.0000
1178,54.467,,,,,,,,,0.00,NOT_DETECTED,LOST,42.43,5.06,18.1,1.87,0,0,0,1.000,0.000000,1.0000
1179,54.500,,,,,,,,,0.00,NOT_DETECTED,LOST,42.43,5.06,25.6,1.83,0,0,0,1.000,0.000000,1.0000
1180,54.533,,,,,,,,,0.00,NOT_DETECTED,LOST,42.43,5.06,29.1,1.99,0,0,0,1.000,0.000000,1.0000
1181,54.567,,,,,,,,,0.00,NOT_DETECTED,LOST,42.43,5.06,30.1,1.96,0,0,0,1.000,0.000000,1.0000
1182,54.600,,,,,,,,,0.00,NOT_DETECTED,LOST,42.43,5.06,28.2,1.86,0,0,0,1.000,0.000000,1.0000
1183,54.633,,,,,,,,,0.00,NOT_DETECTED,LOST,42.43,5.06,34.1,2.05,0,0,0,1.000,0.000000,1.0000
1184,54.667,,,,,,,,,0.00,NOT_DETECTED,LOST,42.43,5.06,25.6,2.54,0,0,0,1.000,0.000000,1.0000
1185,54.700,,,,,,,,,0.00,NOT_DETECTED,LOST,42.43,5.06,26.8,1.88,0,0,0,1.000,0.000000,1.0000
1186,54.733,,,,,,,,,0.00,NOT_DETECTED,LOST,42.43,5.06,26.3,2.79,0,0,0,1.000,0.000000,1.0000
1187,54.767,,,,,,,,,0.00,NOT_DETECTED,LOST,42.43,5.06,23.5,1.86,0,0,0,1.000,0.000000,1.0000
1188,54.800,,,,,,,,,0.00,NOT_DETECTED,LOST,42.43,5.06,26.1,1.93,0,0,0,1.000,0.000000,1.0000
1189,54.833,,,,,,,,,0.00,NOT_DETECTED,LOST,42.43,5.06,30.2,1.82,0,0,0,1.000,0.000000,1.0000
1190,54.867,,,,,,,,,0.00,NOT_DETECTED,LOST,42.43,5.06,30.3,2.00,0,0,0,1.000,0.000000,1.0000
1191,54.900,,,,,,,,,0.00,NOT_DETECTED,LOST,42.43,5.06,28.3,1.99,0,0,0,1.000,0.000000,1.0000
1192,54.933,,,,,,,,,0.00,NOT_DETECTED,LOST,42.43,5.06,26.1,2.85,0,0,0,1.000,0.000000,1.0000
1193,54.967,,,,,,,,,0.00,NOT_DETECTED,LOST,42.43,5.06,25.6,2.01,0,0,0,1.000,0.000000,1.0000
1194,55.000,,,,,,,,,0.00,NOT_DETECTED,LOST,42.43,5.06,34.8,1.96,0,0,0,1.000,0.000000,1.0000
1195,55.033,,,,,,,,,0.00,NOT_DETECTED,LOST,42.43,5.06,33.2,1.88,0,0,0,1.000,0.000000,1.0000
1196,55.067,,,,,,,,,0.00,NOT_DETECTED,LOST,42.43,5.06,30.1,1.73,0,0,0,1.000,0.000000,1.0000
1197,55.100,,,,,,,,,0.00,NOT_DETECTED,LOST,42.43,5.06,33.0,2.02,0,0,0,1.000,0.000000,1.0000
1198,55.133,,,,,,,,,0.00,NOT_DETECTED,LOST,42.43,5.06,33.3,1.73,0,0,0,1.000,0.000000,1.0000
1199,55.167,,,,,,,,,0.00,NOT_DETECTED,LOST,42.43,5.06,35.6,1.73,0,0,0,1.000,0.000000,1.0000
1200,55.200,,,,,,,,,0.00,NOT_DETECTED,LOST,42.43,5.06,36.9,3.09,0,0,0,1.000,0.000000,1.0000