frame_number,timestamp_s,centroid_x,centroid_y,reference_x,reference_y,error_x_px,error_y_px,total_error_px,angular_error_deg,confidence,detection_status,tracking_state,pan_deg,tilt_deg,fps,processing_time_ms,slew_saturated,gimbal_limit,is_link_blocked,range_km,angular_rate_deg_s,atmosphere_path_frac
1,0.467,293.0,271.0,293.0,271.0,-27.0,31.0,41.11,0.2570,0.96,DETECTED,TRACKING,0.17,0.19,25.8,3.36,1,0,0,1.000,0.000000,1.0000
2,0.467,293.0,271.0,293.0,271.0,-27.0,31.0,41.11,0.2570,0.96,DETECTED,TRACKING,0.17,0.19,29.5,4.33,1,0,0,1.000,0.000000,1.0000
3,0.467,293.0,271.0,293.0,271.0,-27.0,31.0,41.11,0.2570,0.96,DETECTED,TRACKING,0.17,0.19,25.1,7.22,1,0,0,1.000,0.000000,1.0000
4,0.467,293.0,271.0,293.0,271.0,-27.0,31.0,41.11,0.2570,0.96,DETECTED,TRACKING,0.17,0.19,26.2,4.75,1,0,0,1.000,0.000000,1.0000
5,0.467,293.0,271.0,293.0,271.0,-27.0,31.0,41.11,0.2570,0.96,DETECTED,TRACKING,0.17,0.19,17.5,10.39,1,0,0,1.000,0.000000,1.0000
6,0.467,293.0,271.0,293.0,271.0,-27.0,31.0,41.11,0.2570,0.96,DETECTED,TRACKING,0.17,0.19,24.3,2.72,1,0,0,1.000,0.000000,1.0000
7,0.467,293.0,271.0,293.0,271.0,-27.0,31.0,41.11,0.2570,0.96,DETECTED,TRACKING,0.17,0.19,28.1,4.03,1,0,0,1.000,0.000000,1.0000
8,0.467,293.0,271.0,293.0,271.0,-27.0,31.0,41.11,0.2570,0.96,DETECTED,TRACKING,0.17,0.19,24.8,9.34,1,0,0,1.000,0.000000,1.0000
9,0.467,293.0,271.0,293.0,271.0,-27.0,31.0,41.11,0.2570,0.96,DETECTED,TRACKING,0.17,0.19,14.8,11.72,1,0,0,1.000,0.000000,1.0000
10,0.467,293.0,271.0,293.0,271.0,-27.0,31.0,41.11,0.2570,0.96,DETECTED,TRACKING,0.17,0.19,14.9,7.41,1,0,0,1.000,0.000000,1.0000
11,0.467,293.0,271.0,293.0,271.0,-27.0,31.0,41.11,0.2570,0.96,DETECTED,TRACKING,0.17,0.19,15.5,10.13,1,0,0,1.000,0.000000,1.0000
12,0.467,293.0,271.0,293.0,271.0,-27.0,31.0,41.11,0.2570,0.96,DETECTED,TRACKING,0.17,0.19,18.1,9.55,1,0,0,1.000,0.000000,1.0000
13,0.467,293.0,271.0,293.0,271.0,-27.0,31.0,41.11,0.2570,0.96,DETECTED,TRACKING,0.17,0.19,14.6,2.66,1,0,0,1.000,0.000000,1.0000
14,0.467,293.0,271.0,293.0,271.0,-27.0,31.0,41.11,0.2570,0.96,DETECTED,TRACKING,0.17,0.19,14.6,7.81,1,0,0,1.000,0.000000,1.0000
15,0.467,293.0,271.0,293.0,271.0,-27.0,31.0,41.11,0.2570,0.96,DETECTED,TRACKING,0.17,0.19,19.7,2.63,1,0,0,1.000,0.000000,1.0000
16,0.467,293.0,271.0,293.0,271.0,-27.0,31.0,41.11,0.2570,0.96,DETECTED,TRACKING,0.17,0.19,21.2,4.96,1,0,0,1.000,0.000000,1.0000
17,0.467,293.0,271.0,293.0,271.0,-27.0,31.0,41.11,0.2570,0.96,DETECTED,TRACKING,0.17,0.19,27.6,5.74,1,0,0,1.000,0.000000,1.0000
18,0.467,293.0,271.0,293.0,271.0,-27.0,31.0,41.11,0.2570,0.96,DETECTED,TRACKING,0.17,0.19,19.5,10.57,1,0,0,1.000,0.000000,1.0000
19,0.467,293.0,271.0,293.0,271.0,-27.0,31.0,41.11,0.2570,0.96,DETECTED,TRACKING,0.17,0.19,19.9,8.45,1,0,0,1.000,0.000000,1.0000
20,0.467,293.0,271.0,293.0,271.0,-27.0,31.0,41.11,0.2570,0.96,DETECTED,TRACKING,0.17,0.19,17.1,7.47,1,0,0,1.000,0.000000,1.0000
21,0.467,293.0,271.0,293.0,271.0,-27.0,31.0,41.11,0.2570,0.96,DETECTED,TRACKING,0.17,0.19,20.1,5.88,1,0,0,1.000,0.000000,1.0000
22,0.467,293.0,271.0,293.0,271.0,-27.0,31.0,41.11,0.2570,0.96,DETECTED,TRACKING,0.17,0.19,23.1,14.93,1,0,0,1.000,0.000000,1.0000
23,0.467,293.0,271.0,293.0,271.0,-27.0,31.0,41.11,0.2570,0.96,DETECTED,TRACKING,0.17,0.19,26.4,7.12,1,0,0,1.000,0.000000,1.0000
24,0.467,293.0,271.0,293.0,271.0,-27.0,31.0,41.11,0.2570,0.96,DETECTED,TRACKING,0.17,0.19,19.5,5.76,1,0,0,1.000,0.000000,1.0000
25,0.467,293.0,271.0,293.0,271.0,-27.0,31.0,41.11,0.2570,0.96,DETECTED,TRACKING,0.17,0.19,28.2,4.13,1,0,0,1.000,0.000000,1.0000
26,0.467,293.0,271.0,293.0,271.0,-27.0,31.0,41.11,0.2570,0.96,DETECTED,TRACKING,0.17,0.19,22.3,6.03,1,0,0,1.000,0.000000,1.0000
27,0.467,293.0,271.0,293.0,271.0,-27.0,31.0,41.11,0.2570,0.96,DETECTED,TRACKING,0.17,0.19,27.7,3.93,1,0,0,1.000,0.000000,1.0000
28,0.467,293.0,271.0,293.0,271.0,-27.0,31.0,41.11,0.2570,0.96,DETECTED,TRACKING,0.17,0.19,31.9,5.05,1,0,0,1.000,0.000000,1.0000
29,0.467,293.0,271.0,293.0,271.0,-27.0,31.0,41.11,0.2570,0.96,DETECTED,TRACKING,0.17,0.19,22.8,3.39,1,0,0,1.000,0.000000,1.0000
30,0.467,293.0,271.0,293.0,271.0,-27.0,31.0,41.11,0.2570,0.96,DETECTED,TRACKING,0.17,0.19,21.1,20.20,1,0,0,1.000,0.000000,1.0000
31,0.467,293.0,271.0,293.0,271.0,-27.0,31.0,41.11,0.2570,0.96,DETECTED,TRACKING,0.17,0.19,19.4,7.62,1,0,0,1.000,0.000000,1.0000
32,0.467,293.0,271.0,293.0,271.0,-27.0,31.0,41.11,0.2570,0.96,DETECTED,TRACKING,0.17,0.19,22.0,6.17,1,0,0,1.000,0.000000,1.0000
33,0.467,293.0,271.0,293.0,271.0,-27.0,31.0,41.11,0.2570,0.96,DETECTED,TRACKING,0.17,0.19,30.9,20.92,1,0,0,1.000,0.000000,1.0000
34,0.467,293.0,271.0,293.0,271.0,-27.0,31.0,41.11,0.2570,0.96,DETECTED,TRACKING,0.17,0.19,15.0,7.94,1,0,0,1.000,0.000000,1.0000
35,0.467,293.0,271.0,293.0,271.0,-27.0,31.0,41.11,0.2570,0.96,DETECTED,TRACKING,0.17,0.19,21.9,2.42,1,0,0,1.000,0.000000,1.0000
36,0.467,293.0,271.0,293.0,271.0,-27.0,31.0,41.11,0.2570,0.96,DETECTED,TRACKING,0.17,0.19,30.4,3.41,1,0,0,1.000,0.000000,1.0000
37,0.467,293.0,271.0,293.0,271.0,-27.0,31.0,41.11,0.2570,0.96,DETECTED,TRACKING,0.17,0.19,34.3,4.43,1,0,0,1.000,0.000000,1.0000
38,0.467,293.0,271.0,293.0,271.0,-27.0,31.0,41.11,0.2570,0.96,DETECTED,TRACKING,0.17,0.19,25.9,5.18,1,0,0,1.000,0.000000,1.0000
39,0.467,293.0,271.0,293.0,271.0,-27.0,31.0,41.11,0.2570,0.96,DETECTED,TRACKING,0.17,0.19,28.0,3.74,1,0,0,1.000,0.000000,1.0000
40,0.467,293.0,271.0,293.0,271.0,-27.0,31.0,41.11,0.2570,0.96,DETECTED,TRACKING,0.17,0.19,29.7,5.93,1,0,0,1.000,0.000000,1.0000
41,0.467,293.0,271.0,293.0,271.0,-27.0,31.0,41.11,0.2570,0.96,DETECTED,TRACKING,0.17,0.19,27.4,3.53,1,0,0,1.000,0.000000,1.0000
42,0.467,293.0,271.0,293.0,271.0,-27.0,31.0,41.11,0.2570,0.96,DETECTED,TRACKING,0.17,0.19,33.0,3.65,1,0,0,1.000,0.000000,1.0000
43,0.467,293.0,271.0,293.0,271.0,-27.0,31.0,41.11,0.2570,0.96,DETECTED,TRACKING,0.17,0.19,33.1,5.89,1,0,0,1.000,0.000000,1.0000
44,0.467,293.0,271.0,293.0,271.0,-27.0,31.0,41.11,0.2570,0.96,DETECTED,TRACKING,0.17,0.19,24.0,3.41,1,0,0,1.000,0.000000,1.0000
45,0.467,293.0,271.0,293.0,271.0,-27.0,31.0,41.11,0.2570,0.96,DETECTED,TRACKING,0.17,0.19,25.1,5.79,1,0,0,1.000,0.000000,1.0000
46,0.467,293.0,271.0,293.0,271.0,-27.0,31.0,41.11,0.2570,0.96,DETECTED,TRACKING,0.17,0.19,27.9,3.73,1,0,0,1.000,0.000000,1.0000
47,0.467,293.0,271.0,293.0,271.0,-27.0,31.0,41.11,0.2570,0.96,DETECTED,TRACKING,0.17,0.19,23.5,4.33,1,0,0,1.000,0.000000,1.0000
48,0.467,293.0,271.0,293.0,271.0,-27.0,31.0,41.11,0.2570,0.96,DETECTED,TRACKING,0.17,0.19,24.1,4.13,1,0,0,1.000,0.000000,1.0000
49,0.467,293.0,271.0,293.0,271.0,-27.0,31.0,41.11,0.2570,0.96,DETECTED,TRACKING,0.17,0.19,27.9,2.67,1,0,0,1.000,0.000000,1.0000
50,0.467,293.0,271.0,293.0,271.0,-27.0,31.0,41.11,0.2570,0.96,DETECTED,TRACKING,0.17,0.19,25.9,2.52,1,0,0,1.000,0.000000,1.0000
51,0.467,293.0,271.0,293.0,271.0,-27.0,31.0,41.11,0.2570,0.96,DETECTED,TRACKING,0.17,0.19,23.1,2.20,1,0,0,1.000,0.000000,1.0000
52,0.467,293.0,271.0,293.0,271.0,-27.0,31.0,41.11,0.2570,0.96,DETECTED,TRACKING,0.17,0.19,28.7,7.35,1,0,0,1.000,0.000000,1.0000
53,0.467,293.0,271.0,293.0,271.0,-27.0,31.0,41.11,0.2570,0.96,DETECTED,TRACKING,0.17,0.19,21.8,2.89,1,0,0,1.000,0.000000,1.0000
54,0.467,293.0,271.0,293.0,271.0,-27.0,31.0,41.11,0.2570,0.96,DETECTED,TRACKING,0.17,0.19,27.5,5.28,1,0,0,1.000,0.000000,1.0000
55,0.467,293.0,271.0,293.0,271.0,-27.0,31.0,41.11,0.2570,0.96,DETECTED,TRACKING,0.17,0.19,24.6,3.66,1,0,0,1.000,0.000000,1.0000
56,0.467,293.0,271.0,293.0,271.0,-27.0,31.0,41.11,0.2570,0.96,DETECTED,TRACKING,0.17,0.19,31.3,3.79,1,0,0,1.000,0.000000,1.0000
57,0.467,293.0,271.0,293.0,271.0,-27.0,31.0,41.11,0.2570,0.96,DETECTED,TRACKING,0.17,0.19,17.7,5.60,1,0,0,1.000,0.000000,1.0000
58,0.467,293.0,271.0,293.0,271.0,-27.0,31.0,41.11,0.2570,0.96,DETECTED,TRACKING,0.17,0.19,27.4,2.72,1,0,0,1.000,0.000000,1.0000
59,0.467,293.0,271.0,293.0,271.0,-27.0,31.0,41.11,0.2570,0.96,DETECTED,TRACKING,0.17,0.19,31.2,4.59,1,0,0,1.000,0.000000,1.0000
60,0.467,293.0,271.0,293.0,271.0,-27.0,31.0,41.11,0.2570,0.96,DETECTED,TRACKING,0.17,0.19,31.5,3.46,1,0,0,1.000,0.000000,1.0000
61,0.467,293.0,271.0,293.0,271.0,-27.0,31.0,41.11,0.2570,0.96,DETECTED,TRACKING,0.17,0.19,28.8,2.63,1,0,0,1.000,0.000000,1.0000
62,0.467,293.0,271.0,293.0,271.0,-27.0,31.0,41.11,0.2570,0.96,DETECTED,TRACKING,0.17,0.19,31.5,2.64,1,0,0,1.000,0.000000,1.0000
63,0.467,293.0,271.0,293.0,271.0,-27.0,31.0,41.11,0.2570,0.96,DETECTED,TRACKING,0.17,0.19,25.1,2.36,1,0,0,1.000,0.000000,1.0000
64,0.467,293.0,271.0,293.0,271.0,-27.0,31.0,41.11,0.2570,0.96,DETECTED,TRACKING,0.17,0.19,23.3,2.31,1,0,0,1.000,0.000000,1.0000
65,0.467,293.0,271.0,293.0,271.0,-27.0,31.0,41.11,0.2570,0.96,DETECTED,TRACKING,0.17,0.19,23.1,3.79,1,0,0,1.000,0.000000,1.0000
66,0.467,293.0,271.0,293.0,271.0,-27.0,31.0,41.11,0.2570,0.96,DETECTED,TRACKING,0.17,0.19,22.7,8.53,1,0,0,1.000,0.000000,1.0000
67,0.467,293.0,271.0,293.0,271.0,-27.0,31.0,41.11,0.2570,0.96,DETECTED,TRACKING,0.17,0.19,26.0,11.61,1,0,0,1.000,0.000000,1.0000
68,0.467,293.0,271.0,293.0,271.0,-27.0,31.0,41.11,0.2570,0.96,DETECTED,TRACKING,0.17,0.19,22.4,3.37,1,0,0,1.000,0.000000,1.0000
69,0.467,293.0,271.0,293.0,271.0,-27.0,31.0,41.11,0.2570,0.96,DETECTED,TRACKING,0.17,0.19,17.9,7.96,1,0,0,1.000,0.000000,1.0000
70,0.467,293.0,271.0,293.0,271.0,-27.0,31.0,41.11,0.2570,0.96,DETECTED,TRACKING,0.17,0.19,21.0,2.66,1,0,0,1.000,0.000000,1.0000
71,0.467,293.0,271.0,293.0,271.0,-27.0,31.0,41.11,0.2570,0.96,DETECTED,TRACKING,0.17,0.19,21.6,4.51,1,0,0,1.000,0.000000,1.0000
72,0.467,293.0,271.0,293.0,271.0,-27.0,31.0,41.11,0.2570,0.96,DETECTED,TRACKING,0.17,0.19,25.8,5.29,1,0,0,1.000,0.000000,1.0000
73,0.467,293.0,271.0,293.0,271.0,-27.0,31.0,41.11,0.2570,0.96,DETECTED,TRACKING,0.17,0.19,19.8,4.32,1,0,0,1.000,0.000000,1.0000
74,0.467,293.0,271.0,293.0,271.0,-27.0,31.0,41.11,0.2570,0.96,DETECTED,TRACKING,0.17,0.19,21.1,3.60,1,0,0,1.000,0.000000,1.0000
75,0.467,293.0,271.0,293.0,271.0,-27.0,31.0,41.11,0.2570,0.96,DETECTED,TRACKING,0.17,0.19,30.6,11.55,1,0,0,1.000,0.000000,1.0000
76,0.467,293.0,271.0,293.0,271.0,-27.0,31.0,41.11,0.2570,0.96,DETECTED,TRACKING,0.17,0.19,18.5,8.30,1,0,0,1.000,0.000000,1.0000
77,0.467,293.0,271.0,293.0,271.0,-27.0,31.0,41.11,0.2570,0.96,DETECTED,TRACKING,0.17,0.19,20.9,2.69,1,0,0,1.000,0.000000,1.0000
78,0.467,293.0,271.0,293.0,271.0,-27.0,31.0,41.11,0.2570,0.96,DETECTED,TRACKING,0.17,0.19,29.2,3.00,1,0,0,1.000,0.000000,1.0000
79,0.467,293.0,271.0,293.0,271.0,-27.0,31.0,41.11,0.2570,0.96,DETECTED,TRACKING,0.17,0.19,26.8,2.53,1,0,0,1.000,0.000000,1.0000
80,0.467,293.0,271.0,293.0,271.0,-27.0,31.0,41.11,0.2570,0.96,DETECTED,TRACKING,0.17,0.19,25.0,8.06,1,0,0,1.000,0.000000,1.0000
81,0.467,293.0,271.0,293.0,271.0,-27.0,31.0,41.11,0.2570,0.96,DETECTED,TRACKING,0.17,0.19,18.9,4.54,1,0,0,1.000,0.000000,1.0000
82,0.467,293.0,271.0,293.0,271.0,-27.0,31.0,41.11,0.2570,0.96,DETECTED,TRACKING,0.17,0.19,31.8,4.17,1,0,0,1.000,0.000000,1.0000
83,0.467,293.0,271.0,293.0,271.0,-27.0,31.0,41.11,0.2570,0.96,DETECTED,TRACKING,0.17,0.19,27.6,2.95,1,0,0,1.000,0.000000,1.0000
84,0.467,293.0,271.0,293.0,271.0,-27.0,31.0,41.11,0.2570,0.96,DETECTED,TRACKING,0.17,0.19,29.0,2.70,1,0,0,1.000,0.000000,1.0000
85,0.467,293.0,271.0,293.0,271.0,-27.0,31.0,41.11,0.2570,0.96,DETECTED,TRACKING,0.17,0.19,23.5,5.08,1,0,0,1.000,0.000000,1.0000
86,0.467,293.0,271.0,293.0,271.0,-27.0,31.0,41.11,0.2570,0.96,DETECTED,TRACKING,0.17,0.19,28.6,3.94,1,0,0,1.000,0.000000,1.0000
87,0.467,293.0,271.0,293.0,271.0,-27.0,31.0,41.11,0.2570,0.96,DETECTED,TRACKING,0.17,0.19,15.5,3.68,1,0,0,1.000,0.000000,1.0000
88,0.467,293.0,271.0,293.0,271.0,-27.0,31.0,41.11,0.2570,0.96,DETECTED,TRACKING,0.17,0.19,24.7,6.64,1,0,0,1.000,0.000000,1.0000
89,0.467,293.0,271.0,293.0,271.0,-27.0,31.0,41.11,0.2570,0.96,DETECTED,TRACKING,0.17,0.19,18.2,2.80,1,0,0,1.000,0.000000,1.0000
90,0.467,293.0,271.0,293.0,271.0,-27.0,31.0,41.11,0.2570,0.96,DETECTED,TRACKING,0.17,0.19,19.7,3.05,1,0,0,1.000,0.000000,1.0000
91,0.467,293.0,271.0,293.0,271.0,-27.0,31.0,41.11,0.2570,0.96,DETECTED,TRACKING,0.17,0.19,20.7,2.83,1,0,0,1.000,0.000000,1.0000
92,0.467,293.0,271.0,293.0,271.0,-27.0,31.0,41.11,0.2570,0.96,DETECTED,TRACKING,0.17,0.19,31.9,4.93,1,0,0,1.000,0.000000,1.0000
93,0.467,293.0,271.0,293.0,271.0,-27.0,31.0,41.11,0.2570,0.96,DETECTED,TRACKING,0.17,0.19,24.5,4.20,1,0,0,1.000,0.000000,1.0000
94,0.467,293.0,271.0,293.0,271.0,-27.0,31.0,41.11,0.2570,0.96,DETECTED,TRACKING,0.17,0.19,23.5,2.81,1,0,0,1.000,0.000000,1.0000
95,0.467,293.0,271.0,293.0,271.0,-27.0,31.0,41.11,0.2570,0.96,DETECTED,TRACKING,0.17,0.19,31.2,6.11,1,0,0,1.000,0.000000,1.0000
96,0.467,293.0,271.0,293.0,271.0,-27.0,31.0,41.11,0.2570,0.96,DETECTED,TRACKING,0.17,0.19,22.6,6.11,1,0,0,1.000,0.000000,1.0000
97,0.467,293.0,271.0,293.0,271.0,-27.0,31.0,41.11,0.2570,0.96,DETECTED,TRACKING,0.17,0.19,28.6,4.17,1,0,0,1.000,0.000000,1.0000
98,0.467,293.0,271.0,293.0,271.0,-27.0,31.0,41.11,0.2570,0.96,DETECTED,TRACKING,0.17,0.19,27.4,2.19,1,0,0,1.000,0.000000,1.0000
99,0.467,293.0,271.0,293.0,271.0,-27.0,31.0,41.11,0.2570,0.96,DETECTED,TRACKING,0.17,0.19,30.9,2.39,1,0,0,1.000,0.000000,1.0000
100,0.467,293.0,271.0,293.0,271.0,-27.0,31.0,41.11,0.2570,0.96,DETECTED,TRACKING,0.17,0.19,31.1,11.92,1,0,0,1.000,0.000000,1.0000
101,0.467,293.0,271.0,293.0,271.0,-27.0,31.0,41.11,0.2570,0.96,DETECTED,TRACKING,0.17,0.19,22.1,3.27,1,0,0,1.000,0.000000,1.0000
102,0.467,293.0,271.0,293.0,271.0,-27.0,31.0,41.11,0.2570,0.96,DETECTED,TRACKING,0.17,0.19,27.3,6.05,1,0,0,1.000,0.000000,1.0000
103,0.467,293.0,271.0,293.0,271.0,-27.0,31.0,41.11,0.2570,0.96,DETECTED,TRACKING,0.17,0.19,28.7,3.70,1,0,0,1.000,0.000000,1.0000
104,0.467,293.0,271.0,293.0,271.0,-27.0,31.0,41.11,0.2570,0.96,DETECTED,TRACKING,0.17,0.19,27.7,4.42,1,0,0,1.000,0.000000,1.0000
105,0.467,293.0,271.0,293.0,271.0,-27.0,31.0,41.11,0.2570,0.96,DETECTED,TRACKING,0.17,0.19,29.6,5.11,1,0,0,1.000,0.000000,1.0000
106,0.467,293.0,271.0,293.0,271.0,-27.0,31.0,41.11,0.2570,0.96,DETECTED,TRACKING,0.17,0.19,23.0,3.02,1,0,0,1.000,0.000000,1.0000
107,0.467,293.0,271.0,293.0,271.0,-27.0,31.0,41.11,0.2570,0.96,DETECTED,TRACKING,0.17,0.19,35.0,7.00,1,0,0,1.000,0.000000,1.0000
108,0.467,293.0,271.0,293.0,271.0,-27.0,31.0,41.11,0.2570,0.96,DETECTED,TRACKING,0.17,0.19,21.8,4.83,1,0,0,1.000,0.000000,1.0000
109,0.467,293.0,271.0,293.0,271.0,-27.0,31.0,41.11,0.2570,0.96,DETECTED,TRACKING,0.17,0.19,24.6,3.55,1,0,0,1.000,0.000000,1.0000
110,0.467,293.0,271.0,293.0,271.0,-27.0,31.0,41.11,0.2570,0.96,DETECTED,TRACKING,0.17,0.19,23.4,2.95,1,0,0,1.000,0.000000,1.0000
111,0.467,293.0,271.0,293.0,271.0,-27.0,31.0,41.11,0.2570,0.96,DETECTED,TRACKING,0.17,0.19,28.5,3.59,1,0,0,1.000,0.000000,1.0000
112,0.467,293.0,271.0,293.0,271.0,-27.0,31.0,41.11,0.2570,0.96,DETECTED,TRACKING,0.17,0.19,28.4,5.02,1,0,0,1.000,0.000000,1.0000
113,0.467,293.0,271.0,293.0,271.0,-27.0,31.0,41.11,0.2570,0.96,DETECTED,TRACKING,0.17,0.19,21.9,2.63,1,0,0,1.000,0.000000,1.0000
114,0.467,293.0,271.0,293.0,271.0,-27.0,31.0,41.11,0.2570,0.96,DETECTED,TRACKING,0.17,0.19,30.5,4.28,1,0,0,1.000,0.000000,1.0000
115,0.467,293.0,271.0,293.0,271.0,-27.0,31.0,41.11,0.2570,0.96,DETECTED,TRACKING,0.17,0.19,29.5,17.50,1,0,0,1.000,0.000000,1.0000
116,0.467,293.0,271.0,293.0,271.0,-27.0,31.0,41.11,0.2570,0.96,DETECTED,TRACKING,0.17,0.19,10.6,37.70,1,0,0,1.000,0.000000,1.0000
117,0.467,293.0,271.0,293.0,271.0,-27.0,31.0,41.11,0.2570,0.96,DETECTED,TRACKING,0.17,0.19,5.5,9.70,1,0,0,1.000,0.000000,1.0000
118,0.467,293.0,271.0,293.0,271.0,-27.0,31.0,41.11,0.2570,0.96,DETECTED,TRACKING,0.17,0.19,5.3,8.96,1,0,0,1.000,0.000000,1.0000
119,0.467,293.0,271.0,293.0,271.0,-27.0,31.0,41.11,0.2570,0.96,DETECTED,TRACKING,0.17,0.19,7.5,3.20,1,0,0,1.000,0.000000,1.0000
120,0.467,293.0,271.0,293.0,271.0,-27.0,31.0,41.11,0.2570,0.96,DETECTED,TRACKING,0.17,0.19,22.1,6.01,1,0,0,1.000,0.000000,1.0000
121,0.467,293.0,271.0,293.0,271.0,-27.0,31.0,41.11,0.2570,0.96,DETECTED,TRACKING,0.17,0.19,26.2,9.23,1,0,0,1.000,0.000000,1.0000
122,0.467,293.0,271.0,293.0,271.0,-27.0,31.0,41.11,0.2570,0.96,DETECTED,TRACKING,0.17,0.19,19.3,3.02,1,0,0,1.000,0.000000,1.0000
123,0.467,293.0,271.0,293.0,271.0,-27.0,31.0,41.11,0.2570,0.96,DETECTED,TRACKING,0.17,0.19,24.8,3.42,1,0,0,1.000,0.000000,1.0000
124,0.467,293.0,271.0,293.0,271.0,-27.0,31.0,41.11,0.2570,0.96,DETECTED,TRACKING,0.17,0.19,29.8,5.13,1,0,0,1.000,0.000000,1.0000
125,0.467,293.0,271.0,293.0,271.0,-27.0,31.0,41.11,0.2570,0.96,DETECTED,TRACKING,0.17,0.19,22.5,4.30,1,0,0,1.000,0.000000,1.0000
126,0.467,293.0,271.0,293.0,271.0,-27.0,31.0,41.11,0.2570,0.96,DETECTED,TRACKING,0.17,0.19,19.8,2.29,1,0,0,1.000,0.000000,1.0000
127,0.467,293.0,271.0,293.0,271.0,-27.0,31.0,41.11,0.2570,0.96,DETECTED,TRACKING,0.17,0.19,31.0,7.71,1,0,0,1.000,0.000000,1.0000
128,0.467,293.0,271.0,293.0,271.0,-27.0,31.0,41.11,0.2570,0.96,DETECTED,TRACKING,0.17,0.19,27.5,3.07,1,0,0,1.000,0.000000,1.0000
129,0.467,293.0,271.0,293.0,271.0,-27.0,31.0,41.11,0.2570,0.96,DETECTED,TRACKING,0.17,0.19,33.4,4.61,1,0,0,1.000,0.000000,1.0000
130,0.467,293.0,271.0,293.0,271.0,-27.0,31.0,41.11,0.2570,0.96,DETECTED,TRACKING,0.17,0.19,24.6,3.37,1,0,0,1.000,0.000000,1.0000
131,0.467,293.0,271.0,293.0,271.0,-27.0,31.0,41.11,0.2570,0.96,DETECTED,TRACKING,0.17,0.19,23.4,3.26,1,0,0,1.000,0.000000,1.0000
132,0.467,293.0,271.0,293.0,271.0,-27.0,31.0,41.11,0.2570,0.96,DETECTED,TRACKING,0.17,0.19,34.5,6.29,1,0,0,1.000,0.000000,1.0000
133,0.467,293.0,271.0,293.0,271.0,-27.0,31.0,41.11,0.2570,0.96,DETECTED,TRACKING,0.17,0.19,29.3,2.78,1,0,0,1.000,0.000000,1.0000
134,0.467,293.0,271.0,293.0,271.0,-27.0,31.0,41.11,0.2570,0.96,DETECTED,TRACKING,0.17,0.19,28.5,3.35,1,0,0,1.000,0.000000,1.0000
135,0.467,293.0,271.0,293.0,271.0,-27.0,31.0,41.11,0.2570,0.96,DETECTED,TRACKING,0.17,0.19,28.4,7.19,1,0,0,1.000,0.000000,1.0000
136,0.467,293.0,271.0,293.0,271.0,-27.0,31.0,41.11,0.2570,0.96,DETECTED,TRACKING,0.17,0.19,21.7,2.63,1,0,0,1.000,0.000000,1.0000
137,0.467,293.0,271.0,293.0,271.0,-27.0,31.0,41.11,0.2570,0.96,DETECTED,TRACKING,0.17,0.19,25.0,12.29,1,0,0,1.000,0.000000,1.0000
138,0.467,293.0,271.0,293.0,271.0,-27.0,31.0,41.11,0.2570,0.96,DETECTED,TRACKING,0.17,0.19,12.3,3.15,1,0,0,1.000,0.000000,1.0000
139,0.467,293.0,271.0,293.0,271.0,-27.0,31.0,41.11,0.2570,0.96,DETECTED,TRACKING,0.17,0.19,18.2,10.59,1,0,0,1.000,0.000000,1.0000
140,0.467,293.0,271.0,293.0,271.0,-27.0,31.0,41.11,0.2570,0.96,DETECTED,TRACKING,0.17,0.19,15.5,15.45,1,0,0,1.000,0.000000,1.0000
141,0.467,293.0,271.0,293.0,271.0,-27.0,31.0,41.11,0.2570,0.96,DETECTED,TRACKING,0.17,0.19,17.2,5.17,1,0,0,1.000,0.000000,1.0000
142,0.467,293.0,271.0,293.0,271.0,-27.0,31.0,41.11,0.2570,0.96,DETECTED,TRACKING,0.17,0.19,20.1,5.75,1,0,0,1.000,0.000000,1.0000
143,0.467,293.0,271.0,293.0,271.0,-27.0,31.0,41.11,0.2570,0.96,DETECTED,TRACKING,0.17,0.19,24.1,4.80,1,0,0,1.000,0.000000,1.0000
144,0.467,293.0,271.0,293.0,271.0,-27.0,31.0,41.11,0.2570,0.96,DETECTED,TRACKING,0.17,0.19,22.3,6.76,1,0,0,1.000,0.000000,1.0000
145,0.467,293.0,271.0,293.0,271.0,-27.0,31.0,41.11,0.2570,0.96,DETECTED,TRACKING,0.17,0.19,20.5,3.18,1,0,0,1.000,0.000000,1.0000
146,0.467,293.0,271.0,293.0,271.0,-27.0,31.0,41.11,0.2570,0.96,DETECTED,TRACKING,0.17,0.19,30.5,5.26,1,0,0,1.000,0.000000,1.0000
147,0.467,293.0,271.0,293.0,271.0,-27.0,31.0,41.11,0.2570,0.96,DETECTED,TRACKING,0.17,0.19,26.8,3.97,1,0,0,1.000,0.000000,1.0000
148,0.467,293.0,271.0,293.0,271.0,-27.0,31.0,41.11,0.2570,0.96,DETECTED,TRACKING,0.17,0.19,30.0,6.12,1,0,0,1.000,0.000000,1.0000
149,0.467,293.0,271.0,293.0,271.0,-27.0,31.0,41.11,0.2570,0.96,DETECTED,TRACKING,0.17,0.19,27.7,2.89,1,0,0,1.000,0.000000,1.0000
150,0.467,293.0,271.0,293.0,271.0,-27.0,31.0,41.11,0.2570,0.96,DETECTED,TRACKING,0.17,0.19,33.8,2.60,1,0,0,1.000,0.000000,1.0000
151,0.467,293.0,271.0,293.0,271.0,-27.0,31.0,41.11,0.2570,0.96,DETECTED,TRACKING,0.17,0.19,30.2,6.52,1,0,0,1.000,0.000000,1.0000
152,0.467,293.0,271.0,293.0,271.0,-27.0,31.0,41.11,0.2570,0.96,DETECTED,TRACKING,0.17,0.19,23.3,3.78,1,0,0,1.000,0.000000,1.0000
153,0.467,293.0,271.0,293.0,271.0,-27.0,31.0,41.11,0.2570,0.96,DETECTED,TRACKING,0.17,0.19,31.0,3.18,1,0,0,1.000,0.000000,1.0000
154,0.467,293.0,271.0,293.0,271.0,-27.0,31.0,41.11,0.2570,0.96,DETECTED,TRACKING,0.17,0.19,33.6,8.25,1,0,0,1.000,0.000000,1.0000
155,0.467,293.0,271.0,293.0,271.0,-27.0,31.0,41.11,0.2570,0.96,DETECTED,TRACKING,0.17,0.19,25.1,3.53,1,0,0,1.000,0.000000,1.0000
156,0.467,293.0,271.0,293.0,271.0,-27.0,31.0,41.11,0.2570,0.96,DETECTED,TRACKING,0.17,0.19,32.3,3.71,1,0,0,1.000,0.000000,1.0000
157,0.467,293.0,271.0,293.0,271.0,-27.0,31.0,41.11,0.2570,0.96,DETECTED,TRACKING,0.17,0.19,27.6,2.37,1,0,0,1.000,0.000000,1.0000
158,0.467,293.0,271.0,293.0,271.0,-27.0,31.0,41.11,0.2570,0.96,DETECTED,TRACKING,0.17,0.19,25.4,10.70,1,0,0,1.000,0.000000,1.0000
159,0.467,293.0,271.0,293.0,271.0,-27.0,31.0,41.11,0.2570,0.96,DETECTED,TRACKING,0.17,0.19,25.4,4.85,1,0,0,1.000,0.000000,1.0000
160,0.467,293.0,271.0,293.0,271.0,-27.0,31.0,41.11,0.2570,0.96,DETECTED,TRACKING,0.17,0.19,24.2,5.99,1,0,0,1.000,0.000000,1.0000
161,0.467,293.0,271.0,293.0,271.0,-27.0,31.0,41.11,0.2570,0.96,DETECTED,TRACKING,0.17,0.19,22.5,2.86,1,0,0,1.000,0.000000,1.0000
162,0.467,293.0,271.0,293.0,271.0,-27.0,31.0,41.11,0.2570,0.96,DETECTED,TRACKING,0.17,0.19,26.2,2.91,1,0,0,1.000,0.000000,1.0000
163,0.467,293.0,271.0,293.0,271.0,-27.0,31.0,41.11,0.2570,0.96,DETECTED,TRACKING,0.17,0.19,37.4,3.91,1,0,0,1.000,0.000000,1.0000
164,0.467,293.0,271.0,293.0,271.0,-27.0,31.0,41.11,0.2570,0.96,DETECTED,TRACKING,0.17,0.19,27.8,4.40,1,0,0,1.000,0.000000,1.0000
165,0.467,293.0,271.0,293.0,271.0,-27.0,31.0,41.11,0.2570,0.96,DETECTED,TRACKING,0.17,0.19,31.8,4.83,1,0,0,1.000,0.000000,1.0000
166,0.467,293.0,271.0,293.0,271.0,-27.0,31.0,41.11,0.2570,0.96,DETECTED,TRACKING,0.17,0.19,32.0,3.12,1,0,0,1.000,0.000000,1.0000
167,0.467,293.0,271.0,293.0,271.0,-27.0,31.0,41.11,0.2570,0.96,DETECTED,TRACKING,0.17,0.19,29.7,7.31,1,0,0,1.000,0.000000,1.0000
168,0.467,293.0,271.0,293.0,271.0,-27.0,31.0,41.11,0.2570,0.96,DETECTED,TRACKING,0.17,0.19,23.4,3.52,1,0,0,1.000,0.000000,1.0000
169,0.467,293.0,271.0,293.0,271.0,-27.0,31.0,41.11,0.2570,0.96,DETECTED,TRACKING,0.17,0.19,26.4,4.79,1,0,0,1.000,0.000000,1.0000
170,0.467,293.0,271.0,293.0,271.0,-27.0,31.0,41.11,0.2570,0.96,DETECTED,TRACKING,0.17,0.19,27.5,2.55,1,0,0,1.000,0.000000,1.0000
171,0.467,293.0,271.0,293.0,271.0,-27.0,31.0,41.11,0.2570,0.96,DETECTED,TRACKING,0.17,0.19,33.8,2.64,1,0,0,1.000,0.000000,1.0000
172,0.467,293.0,271.0,293.0,271.0,-27.0,31.0,41.11,0.2570,0.96,DETECTED,TRACKING,0.17,0.19,22.0,2.86,1,0,0,1.000,0.000000,1.0000
173,0.467,293.0,271.0,293.0,271.0,-27.0,31.0,41.11,0.2570,0.96,DETECTED,TRACKING,0.17,0.19,29.5,3.93,1,0,0,1.000,0.000000,1.0000
174,0.467,293.0,271.0,293.0,271.0,-27.0,31.0,41.11,0.2570,0.96,DETECTED,TRACKING,0.17,0.19,25.3,5.82,1,0,0,1.000,0.000000,1.0000
175,0.467,293.0,271.0,293.0,271.0,-27.0,31.0,41.11,0.2570,0.96,DETECTED,TRACKING,0.17,0.19,25.0,6.64,1,0,0,1.000,0.000000,1.0000
176,0.467,293.0,271.0,293.0,271.0,-27.0,31.0,41.11,0.2570,0.96,DETECTED,TRACKING,0.17,0.19,31.2,3.55,1,0,0,1.000,0.000000,1.0000
177,0.467,293.0,271.0,293.0,271.0,-27.0,31.0,41.11,0.2570,0.96,DETECTED,TRACKING,0.17,0.19,29.0,4.37,1,0,0,1.000,0.000000,1.0000
178,0.467,293.0,271.0,293.0,271.0,-27.0,31.0,41.11,0.2570,0.96,DETECTED,TRACKING,0.17,0.19,29.2,4.38,1,0,0,1.000,0.000000,1.0000
179,0.467,293.0,271.0,293.0,271.0,-27.0,31.0,41.11,0.2570,0.96,DETECTED,TRACKING,0.17,0.19,26.2,6.78,1,0,0,1.000,0.000000,1.0000
180,0.467,293.0,271.0,293.0,271.0,-27.0,31.0,41.11,0.2570,0.96,DETECTED,TRACKING,0.17,0.19,20.4,7.60,1,0,0,1.000,0.000000,1.0000
181,0.467,293.0,271.0,293.0,271.0,-27.0,31.0,41.11,0.2570,0.96,DETECTED,TRACKING,0.17,0.19,23.5,4.74,1,0,0,1.000,0.000000,1.0000
182,0.467,293.0,271.0,293.0,271.0,-27.0,31.0,41.11,0.2570,0.96,DETECTED,TRACKING,0.17,0.19,25.2,7.66,1,0,0,1.000,0.000000,1.0000
183,0.467,293.0,271.0,293.0,271.0,-27.0,31.0,41.11,0.2570,0.96,DETECTED,TRACKING,0.17,0.19,23.7,7.73,1,0,0,1.000,0.000000,1.0000
184,0.467,293.0,271.0,293.0,271.0,-27.0,31.0,41.11,0.2570,0.96,DETECTED,TRACKING,0.17,0.19,21.1,2.88,1,0,0,1.000,0.000000,1.0000
185,0.467,293.0,271.0,293.0,271.0,-27.0,31.0,41.11,0.2570,0.96,DETECTED,TRACKING,0.17,0.19,29.1,2.89,1,0,0,1.000,0.000000,1.0000
186,0.467,293.0,271.0,293.0,271.0,-27.0,31.0,41.11,0.2570,0.96,DETECTED,TRACKING,0.17,0.19,30.9,2.94,1,0,0,1.000,0.000000,1.0000
187,0.467,293.0,271.0,293.0,271.0,-27.0,31.0,41.11,0.2570,0.96,DETECTED,TRACKING,0.17,0.19,27.3,3.46,1,0,0,1.000,0.000000,1.0000
188,0.467,293.0,271.0,293.0,271.0,-27.0,31.0,41.11,0.2570,0.96,DETECTED,TRACKING,0.17,0.19,27.0,3.11,1,0,0,1.000,0.000000,1.0000
189,0.467,293.0,271.0,293.0,271.0,-27.0,31.0,41.11,0.2570,0.96,DETECTED,TRACKING,0.17,0.19,23.0,4.95,1,0,0,1.000,0.000000,1.0000
190,0.467,293.0,271.0,293.0,271.0,-27.0,31.0,41.11,0.2570,0.96,DETECTED,TRACKING,0.17,0.19,22.8,5.03,1,0,0,1.000,0.000000,1.0000
191,0.467,293.0,271.0,293.0,271.0,-27.0,31.0,41.11,0.2570,0.96,DETECTED,TRACKING,0.17,0.19,25.8,4.15,1,0,0,1.000,0.000000,1.0000
192,0.467,293.0,271.0,293.0,271.0,-27.0,31.0,41.11,0.2570,0.96,DETECTED,TRACKING,0.17,0.19,10.4,4.55,1,0,0,1.000,0.000000,1.0000
193,0.467,293.0,271.0,293.0,271.0,-27.0,31.0,41.11,0.2570,0.96,DETECTED,TRACKING,0.17,0.19,22.2,3.07,1,0,0,1.000,0.000000,1.0000
194,0.467,293.0,271.0,293.0,271.0,-27.0,31.0,41.11,0.2570,0.96,DETECTED,TRACKING,0.17,0.19,21.2,7.07,1,0,0,1.000,0.000000,1.0000
195,0.467,293.0,271.0,293.0,271.0,-27.0,31.0,41.11,0.2570,0.96,DETECTED,TRACKING,0.17,0.19,18.5,3.60,1,0,0,1.000,0.000000,1.0000
196,0.467,293.0,271.0,293.0,271.0,-27.0,31.0,41.11,0.2570,0.96,DETECTED,TRACKING,0.17,0.19,23.0,2.31,1,0,0,1.000,0.000000,1.0000
197,0.467,293.0,271.0,293.0,271.0,-27.0,31.0,41.11,0.2570,0.96,DETECTED,TRACKING,0.17,0.19,29.4,5.38,1,0,0,1.000,0.000000,1.0000
198,0.467,293.0,271.0,293.0,271.0,-27.0,31.0,41.11,0.2570,0.96,DETECTED,TRACKING,0.17,0.19,22.9,2.83,1,0,0,1.000,0.000000,1.0000
199,0.467,293.0,271.0,293.0,271.0,-27.0,31.0,41.11,0.2570,0.96,DETECTED,TRACKING,0.17,0.19,28.0,3.92,1,0,0,1.000,0.000000,1.0000
200,0.467,293.0,271.0,293.0,271.0,-27.0,31.0,41.11,0.2570,0.96,DETECTED,TRACKING,0.17,0.19,26.6,9.96,1,0,0,1.000,0.000000,1.0000
201,0.467,293.0,271.0,293.0,271.0,-27.0,31.0,41.11,0.2570,0.96,DETECTED,TRACKING,0.17,0.19,17.4,3.16,1,0,0,1.000,0.000000,1.0000
202,0.467,293.0,271.0,293.0,271.0,-27.0,31.0,41.11,0.2570,0.96,DETECTED,TRACKING,0.17,0.19,22.5,2.58,1,0,0,1.000,0.000000,1.0000
203,0.467,293.0,271.0,293.0,271.0,-27.0,31.0,41.11,0.2570,0.96,DETECTED,TRACKING,0.17,0.19,26.1,3.73,1,0,0,1.000,0.000000,1.0000
204,0.467,293.0,271.0,293.0,271.0,-27.0,31.0,41.11,0.2570,0.96,DETECTED,TRACKING,0.17,0.19,28.5,2.76,1,0,0,1.000,0.000000,1.0000
205,0.467,293.0,271.0,293.0,271.0,-27.0,31.0,41.11,0.2570,0.96,DETECTED,TRACKING,0.17,0.19,24.3,3.77,1,0,0,1.000,0.000000,1.0000
206,0.467,293.0,271.0,293.0,271.0,-27.0,31.0,41.11,0.2570,0.96,DETECTED,TRACKING,0.17,0.19,28.0,4.73,1,0,0,1.000,0.000000,1.0000
207,0.467,293.0,271.0,293.0,271.0,-27.0,31.0,41.11,0.2570,0.96,DETECTED,TRACKING,0.17,0.19,12.3,5.11,1,0,0,1.000,0.000000,1.0000
208,0.467,293.0,271.0,293.0,271.0,-27.0,31.0,41.11,0.2570,0.96,DETECTED,TRACKING,0.17,0.19,24.6,3.46,1,0,0,1.000,0.000000,1.0000
209,0.467,293.0,271.0,293.0,271.0,-27.0,31.0,41.11,0.2570,0.96,DETECTED,TRACKING,0.17,0.19,23.5,3.02,1,0,0,1.000,0.000000,1.0000
210,0.467,293.0,271.0,293.0,271.0,-27.0,31.0,41.11,0.2570,0.96,DETECTED,TRACKING,0.17,0.19,26.9,6.24,1,0,0,1.000,0.000000,1.0000
211,0.467,293.0,271.0,293.0,271.0,-27.0,31.0,41.11,0.2570,0.96,DETECTED,TRACKING,0.17,0.19,21.1,2.59,1,0,0,1.000,0.000000,1.0000
212,0.467,293.0,271.0,293.0,271.0,-27.0,31.0,41.11,0.2570,0.96,DETECTED,TRACKING,0.17,0.19,18.2,5.09,1,0,0,1.000,0.000000,1.0000
213,0.467,293.0,271.0,293.0,271.0,-27.0,31.0,41.11,0.2570,0.96,DETECTED,TRACKING,0.17,0.19,13.0,2.52,1,0,0,1.000,0.000000,1.0000
214,0.467,293.0,271.0,293.0,271.0,-27.0,31.0,41.11,0.2570,0.96,DETECTED,TRACKING,0.17,0.19,34.4,8.30,1,0,0,1.000,0.000000,1.0000
215,0.467,293.0,271.0,293.0,271.0,-27.0,31.0,41.11,0.2570,0.96,DETECTED,TRACKING,0.17,0.19,16.7,5.46,1,0,0,1.000,0.000000,1.0000
216,0.467,293.0,271.0,293.0,271.0,-27.0,31.0,41.11,0.2570,0.96,DETECTED,TRACKING,0.17,0.19,20.1,3.00,1,0,0,1.000,0.000000,1.0000
217,0.467,293.0,271.0,293.0,271.0,-27.0,31.0,41.11,0.2570,0.96,DETECTED,TRACKING,0.17,0.19,22.6,3.47,1,0,0,1.000,0.000000,1.0000
218,0.467,293.0,271.0,293.0,271.0,-27.0,31.0,41.11,0.2570,0.96,DETECTED,TRACKING,0.17,0.19,18.5,7.85,1,0,0,1.000,0.000000,1.0000
219,0.467,293.0,271.0,293.0,271.0,-27.0,31.0,41.11,0.2570,0.96,DETECTED,TRACKING,0.17,0.19,20.1,10.27,1,0,0,1.000,0.000000,1.0000
220,0.467,293.0,271.0,293.0,271.0,-27.0,31.0,41.11,0.2570,0.96,DETECTED,TRACKING,0.17,0.19,11.7,2.53,1,0,0,1.000,0.000000,1.0000
221,0.467,293.0,271.0,293.0,271.0,-27.0,31.0,41.11,0.2570,0.96,DETECTED,TRACKING,0.17,0.19,15.9,2.79,1,0,0,1.000,0.000000,1.0000
222,0.467,293.0,271.0,293.0,271.0,-27.0,31.0,41.11,0.2570,0.96,DETECTED,TRACKING,0.17,0.19,26.1,6.01,1,0,0,1.000,0.000000,1.0000
223,0.467,293.0,271.0,293.0,271.0,-27.0,31.0,41.11,0.2570,0.96,DETECTED,TRACKING,0.17,0.19,19.7,4.84,1,0,0,1.000,0.000000,1.0000
224,0.467,293.0,271.0,293.0,271.0,-27.0,31.0,41.11,0.2570,0.96,DETECTED,TRACKING,0.17,0.19,19.3,3.38,1,0,0,1.000,0.000000,1.0000
225,0.467,293.0,271.0,293.0,271.0,-27.0,31.0,41.11,0.2570,0.96,DETECTED,TRACKING,0.17,0.19,21.8,3.40,1,0,0,1.000,0.000000,1.0000
226,0.467,293.0,271.0,293.0,271.0,-27.0,31.0,41.11,0.2570,0.96,DETECTED,TRACKING,0.17,0.19,23.3,4.81,1,0,0,1.000,0.000000,1.0000
227,0.467,293.0,271.0,293.0,271.0,-27.0,31.0,41.11,0.2570,0.96,DETECTED,TRACKING,0.17,0.19,27.3,5.52,1,0,0,1.000,0.000000,1.0000
228,0.467,293.0,271.0,293.0,271.0,-27.0,31.0,41.11,0.2570,0.96,DETECTED,TRACKING,0.17,0.19,27.4,4.40,1,0,0,1.000,0.000000,1.0000
229,0.467,293.0,271.0,293.0,271.0,-27.0,31.0,41.11,0.2570,0.96,DETECTED,TRACKING,0.17,0.19,27.2,4.18,1,0,0,1.000,0.000000,1.0000
230,0.467,293.0,271.0,293.0,271.0,-27.0,31.0,41.11,0.2570,0.96,DETECTED,TRACKING,0.17,0.19,23.7,3.51,1,0,0,1.000,0.000000,1.0000
231,0.467,293.0,271.0,293.0,271.0,-27.0,31.0,41.11,0.2570,0.96,DETECTED,TRACKING,0.17,0.19,28.4,4.60,1,0,0,1.000,0.000000,1.0000
232,0.467,293.0,271.0,293.0,271.0,-27.0,31.0,41.11,0.2570,0.96,DETECTED,TRACKING,0.17,0.19,24.8,4.10,1,0,0,1.000,0.000000,1.0000
233,0.467,293.0,271.0,293.0,271.0,-27.0,31.0,41.11,0.2570,0.96,DETECTED,TRACKING,0.17,0.19,27.3,2.55,1,0,0,1.000,0.000000,1.0000
234,0.467,293.0,271.0,293.0,271.0,-27.0,31.0,41.11,0.2570,0.96,DETECTED,TRACKING,0.17,0.19,27.2,3.35,1,0,0,1.000,0.000000,1.0000
235,0.467,293.0,271.0,293.0,271.0,-27.0,31.0,41.11,0.2570,0.96,DETECTED,TRACKING,0.17,0.19,21.1,10.65,1,0,0,1.000,0.000000,1.0000
236,0.467,293.0,271.0,293.0,271.0,-27.0,31.0,41.11,0.2570,0.96,DETECTED,TRACKING,0.17,0.19,19.3,4.76,1,0,0,1.000,0.000000,1.0000
237,0.467,293.0,271.0,293.0,271.0,-27.0,31.0,41.11,0.2570,0.96,DETECTED,TRACKING,0.17,0.19,11.8,10.74,1,0,0,1.000,0.000000,1.0000
238,0.467,293.0,271.0,293.0,271.0,-27.0,31.0,41.11,0.2570,0.96,DETECTED,TRACKING,0.17,0.19,11.5,9.11,1,0,0,1.000,0.000000,1.0000
239,0.467,293.0,271.0,293.0,271.0,-27.0,31.0,41.11,0.2570,0.96,DETECTED,TRACKING,0.17,0.19,13.9,7.07,1,0,0,1.000,0.000000,1.0000
240,0.467,293.0,271.0,293.0,271.0,-27.0,31.0,41.11,0.2570,0.96,DETECTED,TRACKING,0.17,0.19,10.8,9.17,1,0,0,1.000,0.000000,1.0000
241,0.467,293.0,271.0,293.0,271.0,-27.0,31.0,41.11,0.2570,0.96,DETECTED,TRACKING,0.17,0.19,16.6,23.86,1,0,0,1.000,0.000000,1.0000
242,0.467,293.0,271.0,293.0,271.0,-27.0,31.0,41.11,0.2570,0.96,DETECTED,TRACKING,0.17,0.19,8.5,5.93,1,0,0,1.000,0.000000,1.0000
243,0.467,293.0,271.0,293.0,271.0,-27.0,31.0,41.11,0.2570,0.96,DETECTED,TRACKING,0.17,0.19,7.5,4.91,1,0,0,1.000,0.000000,1.0000
244,0.467,293.0,271.0,293.0,271.0,-27.0,31.0,41.11,0.2570,0.96,DETECTED,TRACKING,0.17,0.19,11.0,5.01,1,0,0,1.000,0.000000,1.0000
245,0.467,293.0,271.0,293.0,271.0,-27.0,31.0,41.11,0.2570,0.96,DETECTED,TRACKING,0.17,0.19,11.1,5.95,1,0,0,1.000,0.000000,1.0000
246,0.467,293.0,271.0,293.0,271.0,-27.0,31.0,41.11,0.2570,0.96,DETECTED,TRACKING,0.17,0.19,13.4,9.22,1,0,0,1.000,0.000000,1.0000
247,0.467,293.0,271.0,293.0,271.0,-27.0,31.0,41.11,0.2570,0.96,DETECTED,TRACKING,0.17,0.19,11.1,5.29,1,0,0,1.000,0.000000,1.0000
248,0.467,293.0,271.0,293.0,271.0,-27.0,31.0,41.11,0.2570,0.96,DETECTED,TRACKING,0.17,0.19,14.9,5.98,1,0,0,1.000,0.000000,1.0000
249,0.467,293.0,271.0,293.0,271.0,-27.0,31.0,41.11,0.2570,0.96,DETECTED,TRACKING,0.17,0.19,20.4,14.41,1,0,0,1.000,0.000000,1.0000
250,0.467,293.0,271.0,293.0,271.0,-27.0,31.0,41.11,0.2570,0.96,DETECTED,TRACKING,0.17,0.19,11.7,4.56,1,0,0,1.000,0.000000,1.0000
251,0.467,293.0,271.0,293.0,271.0,-27.0,31.0,41.11,0.2570,0.96,DETECTED,TRACKING,0.17,0.19,20.8,2.92,1,0,0,1.000,0.000000,1.0000
252,0.467,293.0,271.0,293.0,271.0,-27.0,31.0,41.11,0.2570,0.96,DETECTED,TRACKING,0.17,0.19,23.3,3.31,1,0,0,1.000,0.000000,1.0000
253,0.467,293.0,271.0,293.0,271.0,-27.0,31.0,41.11,0.2570,0.96,DETECTED,TRACKING,0.17,0.19,23.9,3.10,1,0,0,1.000,0.000000,1.0000
254,0.467,293.0,271.0,293.0,271.0,-27.0,31.0,41.11,0.2570,0.96,DETECTED,TRACKING,0.17,0.19,25.1,4.16,1,0,0,1.000,0.000000,1.0000
255,0.467,293.0,271.0,293.0,271.0,-27.0,31.0,41.11,0.2570,0.96,DETECTED,TRACKING,0.17,0.19,23.0,5.85,1,0,0,1.000,0.000000,1.0000
256,0.467,293.0,271.0,293.0,271.0,-27.0,31.0,41.11,0.2570,0.96,DETECTED,TRACKING,0.17,0.19,20.3,3.74,1,0,0,1.000,0.000000,1.0000
257,0.467,293.0,271.0,293.0,271.0,-27.0,31.0,41.11,0.2570,0.96,DETECTED,TRACKING,0.17,0.19,14.0,14.05,1,0,0,1.000,0.000000,1.0000
258,0.467,293.0,271.0,293.0,271.0,-27.0,31.0,41.11,0.2570,0.96,DETECTED,TRACKING,0.17,0.19,15.3,8.55,1,0,0,1.000,0.000000,1.0000
259,0.467,293.0,271.0,293.0,271.0,-27.0,31.0,41.11,0.2570,0.96,DETECTED,TRACKING,0.17,0.19,12.8,12.97,1,0,0,1.000,0.000000,1.0000
260,0.467,293.0,271.0,293.0,271.0,-27.0,31.0,41.11,0.2570,0.96,DETECTED,TRACKING,0.17,0.19,16.9,3.10,1,0,0,1.000,0.000000,1.0000
261,0.467,293.0,271.0,293.0,271.0,-27.0,31.0,41.11,0.2570,0.96,DETECTED,TRACKING,0.17,0.19,24.4,2.47,1,0,0,1.000,0.000000,1.0000
262,0.467,293.0,271.0,293.0,271.0,-27.0,31.0,41.11,0.2570,0.96,DETECTED,TRACKING,0.17,0.19,27.7,6.31,1,0,0,1.000,0.000000,1.0000
263,0.467,293.0,271.0,293.0,271.0,-27.0,31.0,41.11,0.2570,0.96,DETECTED,TRACKING,0.17,0.19,22.4,3.81,1,0,0,1.000,0.000000,1.0000
264,0.467,293.0,271.0,293.0,271.0,-27.0,31.0,41.11,0.2570,0.96,DETECTED,TRACKING,0.17,0.19,33.8,4.49,1,0,0,1.000,0.000000,1.0000
265,0.467,293.0,271.0,293.0,271.0,-27.0,31.0,41.11,0.2570,0.96,DETECTED,TRACKING,0.17,0.19,30.3,3.35,1,0,0,1.000,0.000000,1.0000
266,0.467,293.0,271.0,293.0,271.0,-27.0,31.0,41.11,0.2570,0.96,DETECTED,TRACKING,0.17,0.19,24.6,10.49,1,0,0,1.000,0.000000,1.0000
267,0.467,293.0,271.0,293.0,271.0,-27.0,31.0,41.11,0.2570,0.96,DETECTED,TRACKING,0.17,0.19,22.4,3.64,1,0,0,1.000,0.000000,1.0000
268,0.467,293.0,271.0,293.0,271.0,-27.0,31.0,41.11,0.2570,0.96,DETECTED,TRACKING,0.17,0.19,30.6,2.69,1,0,0,1.000,0.000000,1.0000
269,0.467,293.0,271.0,293.0,271.0,-27.0,31.0,41.11,0.2570,0.96,DETECTED,TRACKING,0.17,0.19,24.8,4.30,1,0,0,1.000,0.000000,1.0000
270,0.467,293.0,271.0,293.0,271.0,-27.0,31.0,41.11,0.2570,0.96,DETECTED,TRACKING,0.17,0.19,21.4,5.08,1,0,0,1.000,0.000000,1.0000
271,0.467,293.0,271.0,293.0,271.0,-27.0,31.0,41.11,0.2570,0.96,DETECTED,TRACKING,0.17,0.19,26.1,8.63,1,0,0,1.000,0.000000,1.0000
272,0.467,293.0,271.0,293.0,271.0,-27.0,31.0,41.11,0.2570,0.96,DETECTED,TRACKING,0.17,0.19,21.1,5.39,1,0,0,1.000,0.000000,1.0000
273,0.467,293.0,271.0,293.0,271.0,-27.0,31.0,41.11,0.2570,0.96,DETECTED,TRACKING,0.17,0.19,23.6,5.32,1,0,0,1.000,0.000000,1.0000
274,0.467,293.0,271.0,293.0,271.0,-27.0,31.0,41.11,0.2570,0.96,DETECTED,TRACKING,0.17,0.19,19.7,5.31,1,0,0,1.000,0.000000,1.0000
275,0.467,293.0,271.0,293.0,271.0,-27.0,31.0,41.11,0.2570,0.96,DETECTED,TRACKING,0.17,0.19,26.9,3.45,1,0,0,1.000,0.000000,1.0000
276,0.467,293.0,271.0,293.0,271.0,-27.0,31.0,41.11,0.2570,0.96,DETECTED,TRACKING,0.17,0.19,26.9,3.35,1,0,0,1.000,0.000000,1.0000
277,0.467,293.0,271.0,293.0,271.0,-27.0,31.0,41.11,0.2570,0.96,DETECTED,TRACKING,0.17,0.19,36.2,2.49,1,0,0,1.000,0.000000,1.0000
278,0.467,293.0,271.0,293.0,271.0,-27.0,31.0,41.11,0.2570,0.96,DETECTED,TRACKING,0.17,0.19,36.3,3.71,1,0,0,1.000,0.000000,1.0000
279,0.467,293.0,271.0,293.0,271.0,-27.0,31.0,41.11,0.2570,0.96,DETECTED,TRACKING,0.17,0.19,32.7,5.37,1,0,0,1.000,0.000000,1.0000
280,0.467,293.0,271.0,293.0,271.0,-27.0,31.0,41.11,0.2570,0.96,DETECTED,TRACKING,0.17,0.19,17.2,8.33,1,0,0,1.000,0.000000,1.0000
281,0.467,293.0,271.0,293.0,271.0,-27.0,31.0,41.11,0.2570,0.96,DETECTED,TRACKING,0.17,0.19,27.7,5.60,1,0,0,1.000,0.000000,1.0000
282,0.467,293.0,271.0,293.0,271.0,-27.0,31.0,41.11,0.2570,0.96,DETECTED,TRACKING,0.17,0.19,27.8,3.41,1,0,0,1.000,0.000000,1.0000
283,0.467,293.0,271.0,293.0,271.0,-27.0,31.0,41.11,0.2570,0.96,DETECTED,TRACKING,0.17,0.19,23.1,4.80,1,0,0,1.000,0.000000,1.0000
284,0.467,293.0,271.0,293.0,271.0,-27.0,31.0,41.11,0.2570,0.96,DETECTED,TRACKING,0.17,0.19,24.4,3.99,1,0,0,1.000,0.000000,1.0000
285,0.467,293.0,271.0,293.0,271.0,-27.0,31.0,41.11,0.2570,0.96,DETECTED,TRACKING,0.17,0.19,28.7,8.54,1,0,0,1.000,0.000000,1.0000
286,0.467,293.0,271.0,293.0,271.0,-27.0,31.0,41.11,0.2570,0.96,DETECTED,TRACKING,0.17,0.19,28.6,4.82,1,0,0,1.000,0.000000,1.0000
287,0.467,293.0,271.0,293.0,271.0,-27.0,31.0,41.11,0.2570,0.96,DETECTED,TRACKING,0.17,0.19,28.1,7.90,1,0,0,1.000,0.000000,1.0000
288,0.467,293.0,271.0,293.0,271.0,-27.0,31.0,41.11,0.2570,0.96,DETECTED,TRACKING,0.17,0.19,25.4,2.84,1,0,0,1.000,0.000000,1.0000
289,0.467,293.0,271.0,293.0,271.0,-27.0,31.0,41.11,0.2570,0.96,DETECTED,TRACKING,0.17,0.19,28.4,5.75,1,0,0,1.000,0.000000,1.0000
290,0.467,293.0,271.0,293.0,271.0,-27.0,31.0,41.11,0.2570,0.96,DETECTED,TRACKING,0.17,0.19,21.4,2.45,1,0,0,1.000,0.000000,1.0000
291,0.467,293.0,271.0,293.0,271.0,-27.0,31.0,41.11,0.2570,0.96,DETECTED,TRACKING,0.17,0.19,23.9,3.07,1,0,0,1.000,0.000000,1.0000
292,0.467,293.0,271.0,293.0,271.0,-27.0,31.0,41.11,0.2570,0.96,DETECTED,TRACKING,0.17,0.19,18.0,3.66,1,0,0,1.000,0.000000,1.0000
293,0.467,293.0,271.0,293.0,271.0,-27.0,31.0,41.11,0.2570,0.96,DETECTED,TRACKING,0.17,0.19,25.1,3.26,1,0,0,1.000,0.000000,1.0000
294,0.467,293.0,271.0,293.0,271.0,-27.0,31.0,41.11,0.2570,0.96,DETECTED,TRACKING,0.17,0.19,25.6,4.20,1,0,0,1.000,0.000000,1.0000
295,0.467,293.0,271.0,293.0,271.0,-27.0,31.0,41.11,0.2570,0.96,DETECTED,TRACKING,0.17,0.19,33.7,5.32,1,0,0,1.000,0.000000,1.0000
296,0.467,293.0,271.0,293.0,271.0,-27.0,31.0,41.11,0.2570,0.96,DETECTED,TRACKING,0.17,0.19,30.4,3.76,1,0,0,1.000,0.000000,1.0000
297,0.467,293.0,271.0,293.0,271.0,-27.0,31.0,41.11,0.2570,0.96,DETECTED,TRACKING,0.17,0.19,30.4,4.79,1,0,0,1.000,0.000000,1.0000
298,0.467,293.0,271.0,293.0,271.0,-27.0,31.0,41.11,0.2570,0.96,DETECTED,TRACKING,0.17,0.19,27.9,4.03,1,0,0,1.000,0.000000,1.0000
299,0.467,293.0,271.0,293.0,271.0,-27.0,31.0,41.11,0.2570,0.96,DETECTED,TRACKING,0.17,0.19,26.8,2.60,1,0,0,1.000,0.000000,1.0000
300,0.467,293.0,271.0,293.0,271.0,-27.0,31.0,41.11,0.2570,0.96,DETECTED,TRACKING,0.17,0.19,29.2,2.74,1,0,0,1.000,0.000000,1.0000
301,0.467,293.0,271.0,293.0,271.0,-27.0,31.0,41.11,0.2570,0.96,DETECTED,TRACKING,0.17,0.19,37.2,6.32,1,0,0,1.000,0.000000,1.0000
302,0.467,293.0,271.0,293.0,271.0,-27.0,31.0,41.11,0.2570,0.96,DETECTED,TRACKING,0.17,0.19,23.2,4.09,1,0,0,1.000,0.000000,1.0000
303,0.467,293.0,271.0,293.0,271.0,-27.0,31.0,41.11,0.2570,0.96,DETECTED,TRACKING,0.17,0.19,25.3,13.28,1,0,0,1.000,0.000000,1.0000
304,0.467,293.0,271.0,293.0,271.0,-27.0,31.0,41.11,0.2570,0.96,DETECTED,TRACKING,0.17,0.19,16.4,14.98,1,0,0,1.000,0.000000,1.0000
305,0.467,293.0,271.0,293.0,271.0,-27.0,31.0,41.11,0.2570,0.96,DETECTED,TRACKING,0.17,0.19,11.0,5.06,1,0,0,1.000,0.000000,1.0000
306,0.467,293.0,271.0,293.0,271.0,-27.0,31.0,41.11,0.2570,0.96,DETECTED,TRACKING,0.17,0.19,21.0,5.35,1,0,0,1.000,0.000000,1.0000
307,0.467,293.0,271.0,293.0,271.0,-27.0,31.0,41.11,0.2570,0.96,DETECTED,TRACKING,0.17,0.19,16.7,2.62,1,0,0,1.000,0.000000,1.0000
308,0.467,293.0,271.0,293.0,271.0,-27.0,31.0,41.11,0.2570,0.96,DETECTED,TRACKING,0.17,0.19,23.1,3.99,1,0,0,1.000,0.000000,1.0000
309,0.467,293.0,271.0,293.0,271.0,-27.0,31.0,41.11,0.2570,0.96,DETECTED,TRACKING,0.17,0.19,24.1,15.90,1,0,0,1.000,0.000000,1.0000
310,0.467,293.0,271.0,293.0,271.0,-27.0,31.0,41.11,0.2570,0.96,DETECTED,TRACKING,0.17,0.19,20.2,3.55,1,0,0,1.000,0.000000,1.0000
311,0.467,293.0,271.0,293.0,271.0,-27.0,31.0,41.11,0.2570,0.96,DETECTED,TRACKING,0.17,0.19,24.1,3.20,1,0,0,1.000,0.000000,1.0000
312,0.467,293.0,271.0,293.0,271.0,-27.0,31.0,41.11,0.2570,0.96,DETECTED,TRACKING,0.17,0.19,27.7,2.88,1,0,0,1.000,0.000000,1.0000
313,0.467,293.0,271.0,293.0,271.0,-27.0,31.0,41.11,0.2570,0.96,DETECTED,TRACKING,0.17,0.19,28.6,2.36,1,0,0,1.000,0.000000,1.0000
314,0.467,293.0,271.0,293.0,271.0,-27.0,31.0,41.11,0.2570,0.96,DETECTED,TRACKING,0.17,0.19,34.1,2.82,1,0,0,1.000,0.000000,1.0000
315,0.467,293.0,271.0,293.0,271.0,-27.0,31.0,41.11,0.2570,0.96,DETECTED,TRACKING,0.17,0.19,34.3,4.71,1,0,0,1.000,0.000000,1.0000
316,0.467,293.0,271.0,293.0,271.0,-27.0,31.0,41.11,0.2570,0.96,DETECTED,TRACKING,0.17,0.19,28.8,4.73,1,0,0,1.000,0.000000,1.0000
317,0.467,293.0,271.0,293.0,271.0,-27.0,31.0,41.11,0.2570,0.96,DETECTED,TRACKING,0.17,0.19,29.0,6.29,1,0,0,1.000,0.000000,1.0000
318,0.467,293.0,271.0,293.0,271.0,-27.0,31.0,41.11,0.2570,0.96,DETECTED,TRACKING,0.17,0.19,24.6,5.48,1,0,0,1.000,0.000000,1.0000
319,0.467,293.0,271.0,293.0,271.0,-27.0,31.0,41.11,0.2570,0.96,DETECTED,TRACKING,0.17,0.19,25.0,4.48,1,0,0,1.000,0.000000,1.0000
320,0.467,293.0,271.0,293.0,271.0,-27.0,31.0,41.11,0.2570,0.96,DETECTED,TRACKING,0.17,0.19,28.3,19.10,1,0,0,1.000,0.000000,1.0000
321,0.467,293.0,271.0,293.0,271.0,-27.0,31.0,41.11,0.2570,0.96,DETECTED,TRACKING,0.17,0.19,18.8,3.67,1,0,0,1.000,0.000000,1.0000
322,0.467,293.0,271.0,293.0,271.0,-27.0,31.0,41.11,0.2570,0.96,DETECTED,TRACKING,0.17,0.19,21.6,5.51,1,0,0,1.000,0.000000,1.0000
323,0.467,293.0,271.0,293.0,271.0,-27.0,31.0,41.11,0.2570,0.96,DETECTED,TRACKING,0.17,0.19,22.6,4.46,1,0,0,1.000,0.000000,1.0000
324,0.467,293.0,271.0,293.0,271.0,-27.0,31.0,41.11,0.2570,0.96,DETECTED,TRACKING,0.17,0.19,22.3,2.86,1,0,0,1.000,0.000000,1.0000
325,0.467,293.0,271.0,293.0,271.0,-27.0,31.0,41.11,0.2570,0.96,DETECTED,TRACKING,0.17,0.19,31.3,2.81,1,0,0,1.000,0.000000,1.0000
326,0.467,293.0,271.0,293.0,271.0,-27.0,31.0,41.11,0.2570,0.96,DETECTED,TRACKING,0.17,0.19,22.7,6.05,1,0,0,1.000,0.000000,1.0000
327,0.467,293.0,271.0,293.0,271.0,-27.0,31.0,41.11,0.2570,0.96,DETECTED,TRACKING,0.17,0.19,28.0,6.54,1,0,0,1.000,0.000000,1.0000
328,0.467,293.0,271.0,293.0,271.0,-27.0,31.0,41.11,0.2570,0.96,DETECTED,TRACKING,0.17,0.19,23.1,3.49,1,0,0,1.000,0.000000,1.0000
329,0.467,293.0,271.0,293.0,271.0,-27.0,31.0,41.11,0.2570,0.96,DETECTED,TRACKING,0.17,0.19,24.5,4.90,1,0,0,1.000,0.000000,1.0000
330,0.467,293.0,271.0,293.0,271.0,-27.0,31.0,41.11,0.2570,0.96,DETECTED,TRACKING,0.17,0.19,21.5,31.75,1,0,0,1.000,0.000000,1.0000
331,0.467,293.0,271.0,293.0,271.0,-27.0,31.0,41.11,0.2570,0.96,DETECTED,TRACKING,0.17,0.19,11.6,4.11,1,0,0,1.000,0.000000,1.0000
332,0.467,293.0,271.0,293.0,271.0,-27.0,31.0,41.11,0.2570,0.96,DETECTED,TRACKING,0.17,0.19,19.8,3.20,1,0,0,1.000,0.000000,1.0000
333,0.467,293.0,271.0,293.0,271.0,-27.0,31.0,41.11,0.2570,0.96,DETECTED,TRACKING,0.17,0.19,26.4,4.53,1,0,0,1.000,0.000000,1.0000
334,0.467,293.0,271.0,293.0,271.0,-27.0,31.0,41.11,0.2570,0.96,DETECTED,TRACKING,0.17,0.19,23.1,3.25,1,0,0,1.000,0.000000,1.0000
335,0.467,293.0,271.0,293.0,271.0,-27.0,31.0,41.11,0.2570,0.96,DETECTED,TRACKING,0.17,0.19,22.0,6.76,1,0,0,1.000,0.000000,1.0000
336,0.467,293.0,271.0,293.0,271.0,-27.0,31.0,41.11,0.2570,0.96,DETECTED,TRACKING,0.17,0.19,19.5,8.54,1,0,0,1.000,0.000000,1.0000
337,0.467,293.0,271.0,293.0,271.0,-27.0,31.0,41.11,0.2570,0.96,DETECTED,TRACKING,0.17,0.19,13.2,6.83,1,0,0,1.000,0.000000,1.0000
338,0.467,293.0,271.0,293.0,271.0,-27.0,31.0,41.11,0.2570,0.96,DETECTED,TRACKING,0.17,0.19,21.2,4.40,1,0,0,1.000,0.000000,1.0000
339,0.467,293.0,271.0,293.0,271.0,-27.0,31.0,41.11,0.2570,0.96,DETECTED,TRACKING,0.17,0.19,29.7,4.94,1,0,0,1.000,0.000000,1.0000
340,0.467,293.0,271.0,293.0,271.0,-27.0,31.0,41.11,0.2570,0.96,DETECTED,TRACKING,0.17,0.19,26.2,3.30,1,0,0,1.000,0.000000,1.0000
341,0.467,293.0,271.0,293.0,271.0,-27.0,31.0,41.11,0.2570,0.96,DETECTED,TRACKING,0.17,0.19,23.4,8.27,1,0,0,1.000,0.000000,1.0000
342,0.467,293.0,271.0,293.0,271.0,-27.0,31.0,41.11,0.2570,0.96,DETECTED,TRACKING,0.17,0.19,26.5,4.05,1,0,0,1.000,0.000000,1.0000
343,0.467,293.0,271.0,293.0,271.0,-27.0,31.0,41.11,0.2570,0.96,DETECTED,TRACKING,0.17,0.19,25.5,3.10,1,0,0,1.000,0.000000,1.0000
344,0.467,293.0,271.0,293.0,271.0,-27.0,31.0,41.11,0.2570,0.96,DETECTED,TRACKING,0.17,0.19,32.1,6.52,1,0,0,1.000,0.000000,1.0000
345,0.467,293.0,271.0,293.0,271.0,-27.0,31.0,41.11,0.2570,0.96,DETECTED,TRACKING,0.17,0.19,27.0,5.29,1,0,0,1.000,0.000000,1.0000
346,0.467,293.0,271.0,293.0,271.0,-27.0,31.0,41.11,0.2570,0.96,DETECTED,TRACKING,0.17,0.19,28.5,4.82,1,0,0,1.000,0.000000,1.0000
347,0.467,293.0,271.0,293.0,271.0,-27.0,31.0,41.11,0.2570,0.96,DETECTED,TRACKING,0.17,0.19,32.2,4.21,1,0,0,1.000,0.000000,1.0000
348,0.467,293.0,271.0,293.0,271.0,-27.0,31.0,41.11,0.2570,0.96,DETECTED,TRACKING,0.17,0.19,27.8,4.75,1,0,0,1.000,0.000000,1.0000
349,0.467,293.0,271.0,293.0,271.0,-27.0,31.0,41.11,0.2570,0.96,DETECTED,TRACKING,0.17,0.19,28.1,4.35,1,0,0,1.000,0.000000,1.0000
350,0.467,293.0,271.0,293.0,271.0,-27.0,31.0,41.11,0.2570,0.96,DETECTED,TRACKING,0.17,0.19,27.6,2.43,1,0,0,1.000,0.000000,1.0000
351,0.467,293.0,271.0,293.0,271.0,-27.0,31.0,41.11,0.2570,0.96,DETECTED,TRACKING,0.17,0.19,25.0,2.88,1,0,0,1.000,0.000000,1.0000
352,0.467,293.0,271.0,293.0,271.0,-27.0,31.0,41.11,0.2570,0.96,DETECTED,TRACKING,0.17,0.19,16.4,5.69,1,0,0,1.000,0.000000,1.0000
353,0.467,293.0,271.0,293.0,271.0,-27.0,31.0,41.11,0.2570,0.96,DETECTED,TRACKING,0.17,0.19,21.2,7.33,1,0,0,1.000,0.000000,1.0000
354,0.467,293.0,271.0,293.0,271.0,-27.0,31.0,41.11,0.2570,0.96,DETECTED,TRACKING,0.17,0.19,14.2,2.58,1,0,0,1.000,0.000000,1.0000
355,0.467,293.0,271.0,293.0,271.0,-27.0,31.0,41.11,0.2570,0.96,DETECTED,TRACKING,0.17,0.19,19.2,4.50,1,0,0,1.000,0.000000,1.0000
356,0.467,293.0,271.0,293.0,271.0,-27.0,31.0,41.11,0.2570,0.96,DETECTED,TRACKING,0.17,0.19,26.3,2.63,1,0,0,1.000,0.000000,1.0000
357,0.467,293.0,271.0,293.0,271.0,-27.0,31.0,41.11,0.2570,0.96,DETECTED,TRACKING,0.17,0.19,23.6,4.53,1,0,0,1.000,0.000000,1.0000
358,0.467,293.0,271.0,293.0,271.0,-27.0,31.0,41.11,0.2570,0.96,DETECTED,TRACKING,0.17,0.19,34.7,3.32,1,0,0,1.000,0.000000,1.0000
359,0.467,293.0,271.0,293.0,271.0,-27.0,31.0,41.11,0.2570,0.96,DETECTED,TRACKING,0.17,0.19,30.4,3.10,1,0,0,1.000,0.000000,1.0000
360,0.467,293.0,271.0,293.0,271.0,-27.0,31.0,41.11,0.2570,0.96,DETECTED,TRACKING,0.17,0.19,30.5,2.67,1,0,0,1.000,0.000000,1.0000
361,0.467,293.0,271.0,293.0,271.0,-27.0,31.0,41.11,0.2570,0.96,DETECTED,TRACKING,0.17,0.19,26.9,3.32,1,0,0,1.000,0.000000,1.0000
362,0.467,293.0,271.0,293.0,271.0,-27.0,31.0,41.11,0.2570,0.96,DETECTED,TRACKING,0.17,0.19,28.6,4.11,1,0,0,1.000,0.000000,1.0000
363,0.467,293.0,271.0,293.0,271.0,-27.0,31.0,41.11,0.2570,0.96,DETECTED,TRACKING,0.17,0.19,31.8,2.65,1,0,0,1.000,0.000000,1.0000
364,0.467,293.0,271.0,293.0,271.0,-27.0,31.0,41.11,0.2570,0.96,DETECTED,TRACKING,0.17,0.19,25.5,3.36,1,0,0,1.000,0.000000,1.0000
365,0.467,293.0,271.0,293.0,271.0,-27.0,31.0,41.11,0.2570,0.96,DETECTED,TRACKING,0.17,0.19,32.8,2.03,1,0,0,1.000,0.000000,1.0000
366,0.467,293.0,271.0,293.0,271.0,-27.0,31.0,41.11,0.2570,0.96,DETECTED,TRACKING,0.17,0.19,31.6,5.03,1,0,0,1.000,0.000000,1.0000
367,0.467,293.0,271.0,293.0,271.0,-27.0,31.0,41.11,0.2570,0.96,DETECTED,TRACKING,0.17,0.19,25.8,4.50,1,0,0,1.000,0.000000,1.0000
368,0.467,293.0,271.0,293.0,271.0,-27.0,31.0,41.11,0.2570,0.96,DETECTED,TRACKING,0.17,0.19,25.9,3.26,1,0,0,1.000,0.000000,1.0000
369,0.467,293.0,271.0,293.0,271.0,-27.0,31.0,41.11,0.2570,0.96,DETECTED,TRACKING,0.17,0.19,28.6,2.92,1,0,0,1.000,0.000000,1.0000
370,0.467,293.0,271.0,293.0,271.0,-27.0,31.0,41.11,0.2570,0.96,DETECTED,TRACKING,0.17,0.19,27.0,3.66,1,0,0,1.000,0.000000,1.0000
371,0.467,293.0,271.0,293.0,271.0,-27.0,31.0,41.11,0.2570,0.96,DETECTED,TRACKING,0.17,0.19,23.1,4.17,1,0,0,1.000,0.000000,1.0000
372,0.467,293.0,271.0,293.0,271.0,-27.0,31.0,41.11,0.2570,0.96,DETECTED,TRACKING,0.17,0.19,24.1,5.28,1,0,0,1.000,0.000000,1.0000
373,0.467,293.0,271.0,293.0,271.0,-27.0,31.0,41.11,0.2570,0.96,DETECTED,TRACKING,0.17,0.19,21.1,2.16,1,0,0,1.000,0.000000,1.0000
374,0.467,293.0,271.0,293.0,271.0,-27.0,31.0,41.11,0.2570,0.96,DETECTED,TRACKING,0.17,0.19,29.3,4.06,1,0,0,1.000,0.000000,1.0000
375,0.467,293.0,271.0,293.0,271.0,-27.0,31.0,41.11,0.2570,0.96,DETECTED,TRACKING,0.17,0.19,25.6,8.30,1,0,0,1.000,0.000000,1.0000
376,0.467,293.0,271.0,293.0,271.0,-27.0,31.0,41.11,0.2570,0.96,DETECTED,TRACKING,0.17,0.19,28.2,3.50,1,0,0,1.000,0.000000,1.0000
377,0.467,293.0,271.0,293.0,271.0,-27.0,31.0,41.11,0.2570,0.96,DETECTED,TRACKING,0.17,0.19,21.1,2.75,1,0,0,1.000,0.000000,1.0000
378,0.467,293.0,271.0,293.0,271.0,-27.0,31.0,41.11,0.2570,0.96,DETECTED,TRACKING,0.17,0.19,28.8,2.36,1,0,0,1.000,0.000000,1.0000
379,0.467,293.0,271.0,293.0,271.0,-27.0,31.0,41.11,0.2570,0.96,DETECTED,TRACKING,0.17,0.19,24.6,7.97,1,0,0,1.000,0.000000,1.0000
380,0.467,293.0,271.0,293.0,271.0,-27.0,31.0,41.11,0.2570,0.96,DETECTED,TRACKING,0.17,0.19,23.9,3.95,1,0,0,1.000,0.000000,1.0000
381,0.467,293.0,271.0,293.0,271.0,-27.0,31.0,41.11,0.2570,0.96,DETECTED,TRACKING,0.17,0.19,30.3,2.70,1,0,0,1.000,0.000000,1.0000
382,0.467,293.0,271.0,293.0,271.0,-27.0,31.0,41.11,0.2570,0.96,DETECTED,TRACKING,0.17,0.19,30.7,3.70,1,0,0,1.000,0.000000,1.0000
383,0.467,293.0,271.0,293.0,271.0,-27.0,31.0,41.11,0.2570,0.96,DETECTED,TRACKING,0.17,0.19,29.4,6.77,1,0,0,1.000,0.000000,1.0000
384,0.467,293.0,271.0,293.0,271.0,-27.0,31.0,41.11,0.2570,0.96,DETECTED,TRACKING,0.17,0.19,22.7,3.23,1,0,0,1.000,0.000000,1.0000
385,0.467,293.0,271.0,293.0,271.0,-27.0,31.0,41.11,0.2570,0.96,DETECTED,TRACKING,0.17,0.19,14.7,5.41,1,0,0,1.000,0.000000,1.0000
386,0.467,293.0,271.0,293.0,271.0,-27.0,31.0,41.11,0.2570,0.96,DETECTED,TRACKING,0.17,0.19,31.0,2.91,1,0,0,1.000,0.000000,1.0000
387,0.467,293.0,271.0,293.0,271.0,-27.0,31.0,41.11,0.2570,0.96,DETECTED,TRACKING,0.17,0.19,22.2,2.76,1,0,0,1.000,0.000000,1.0000
388,0.467,293.0,271.0,293.0,271.0,-27.0,31.0,41.11,0.2570,0.96,DETECTED,TRACKING,0.17,0.19,25.3,6.99,1,0,0,1.000,0.000000,1.0000
389,0.467,293.0,271.0,293.0,271.0,-27.0,31.0,41.11,0.2570,0.96,DETECTED,TRACKING,0.17,0.19,21.3,12.68,1,0,0,1.000,0.000000,1.0000
390,0.467,293.0,271.0,293.0,271.0,-27.0,31.0,41.11,0.2570,0.96,DETECTED,TRACKING,0.17,0.19,18.9,3.15,1,0,0,1.000,0.000000,1.0000
391,0.467,293.0,271.0,293.0,271.0,-27.0,31.0,41.11,0.2570,0.96,DETECTED,TRACKING,0.17,0.19,19.3,7.29,1,0,0,1.000,0.000000,1.0000
392,0.467,293.0,271.0,293.0,271.0,-27.0,31.0,41.11,0.2570,0.96,DETECTED,TRACKING,0.17,0.19,15.4,3.76,1,0,0,1.000,0.000000,1.0000
393,0.467,293.0,271.0,293.0,271.0,-27.0,31.0,41.11,0.2570,0.96,DETECTED,TRACKING,0.17,0.19,18.4,2.75,1,0,0,1.000,0.000000,1.0000
394,0.467,293.0,271.0,293.0,271.0,-27.0,31.0,41.11,0.2570,0.96,DETECTED,TRACKING,0.17,0.19,35.2,3.50,1,0,0,1.000,0.000000,1.0000
395,0.467,293.0,271.0,293.0,271.0,-27.0,31.0,41.11,0.2570,0.96,DETECTED,TRACKING,0.17,0.19,29.4,3.83,1,0,0,1.000,0.000000,1.0000
396,0.467,293.0,271.0,293.0,271.0,-27.0,31.0,41.11,0.2570,0.96,DETECTED,TRACKING,0.17,0.19,26.7,3.55,1,0,0,1.000,0.000000,1.0000
397,0.467,293.0,271.0,293.0,271.0,-27.0,31.0,41.11,0.2570,0.96,DETECTED,TRACKING,0.17,0.19,21.3,12.66,1,0,0,1.000,0.000000,1.0000
398,0.467,293.0,271.0,293.0,271.0,-27.0,31.0,41.11,0.2570,0.96,DETECTED,TRACKING,0.17,0.19,23.1,4.74,1,0,0,1.000,0.000000,1.0000
399,0.467,293.0,271.0,293.0,271.0,-27.0,31.0,41.11,0.2570,0.96,DETECTED,TRACKING,0.17,0.19,23.1,16.47,1,0,0,1.000,0.000000,1.0000
400,0.467,293.0,271.0,293.0,271.0,-27.0,31.0,41.11,0.2570,0.96,DETECTED,TRACKING,0.17,0.19,16.7,4.88,1,0,0,1.000,0.000000,1.0000
401,0.467,293.0,271.0,293.0,271.0,-27.0,31.0,41.11,0.2570,0.96,DETECTED,TRACKING,0.17,0.19,22.1,4.61,1,0,0,1.000,0.000000,1.0000
402,0.467,293.0,271.0,293.0,271.0,-27.0,31.0,41.11,0.2570,0.96,DETECTED,TRACKING,0.17,0.19,20.8,9.57,1,0,0,1.000,0.000000,1.0000
403,0.467,293.0,271.0,293.0,271.0,-27.0,31.0,41.11,0.2570,0.96,DETECTED,TRACKING,0.17,0.19,18.3,8.18,1,0,0,1.000,0.000000,1.0000
404,0.467,293.0,271.0,293.0,271.0,-27.0,31.0,41.11,0.2570,0.96,DETECTED,TRACKING,0.17,0.19,21.2,3.86,1,0,0,1.000,0.000000,1.0000
405,0.467,293.0,271.0,293.0,271.0,-27.0,31.0,41.11,0.2570,0.96,DETECTED,TRACKING,0.17,0.19,27.1,3.20,1,0,0,1.000,0.000000,1.0000
406,0.467,293.0,271.0,293.0,271.0,-27.0,31.0,41.11,0.2570,0.96,DETECTED,TRACKING,0.17,0.19,30.5,10.97,1,0,0,1.000,0.000000,1.0000
407,0.467,293.0,271.0,293.0,271.0,-27.0,31.0,41.11,0.2570,0.96,DETECTED,TRACKING,0.17,0.19,24.1,2.26,1,0,0,1.000,0.000000,1.0000
408,0.467,293.0,271.0,293.0,271.0,-27.0,31.0,41.11,0.2570,0.96,DETECTED,TRACKING,0.17,0.19,20.9,4.39,1,0,0,1.000,0.000000,1.0000
409,0.467,293.0,271.0,293.0,271.0,-27.0,31.0,41.11,0.2570,0.96,DETECTED,TRACKING,0.17,0.19,26.1,2.95,1,0,0,1.000,0.000000,1.0000
410,0.467,293.0,271.0,293.0,271.0,-27.0,31.0,41.11,0.2570,0.96,DETECTED,TRACKING,0.17,0.19,30.6,6.37,1,0,0,1.000,0.000000,1.0000
411,0.467,293.0,271.0,293.0,271.0,-27.0,31.0,41.11,0.2570,0.96,DETECTED,TRACKING,0.17,0.19,26.5,2.92,1,0,0,1.000,0.000000,1.0000
412,0.467,293.0,271.0,293.0,271.0,-27.0,31.0,41.11,0.2570,0.96,DETECTED,TRACKING,0.17,0.19,28.6,3.36,1,0,0,1.000,0.000000,1.0000
413,0.467,293.0,271.0,293.0,271.0,-27.0,31.0,41.11,0.2570,0.96,DETECTED,TRACKING,0.17,0.19,35.1,8.13,1,0,0,1.000,0.000000,1.0000
414,0.467,293.0,271.0,293.0,271.0,-27.0,31.0,41.11,0.2570,0.96,DETECTED,TRACKING,0.17,0.19,27.0,2.82,1,0,0,1.000,0.000000,1.0000
415,0.467,293.0,271.0,293.0,271.0,-27.0,31.0,41.11,0.2570,0.96,DETECTED,TRACKING,0.17,0.19,25.6,3.31,1,0,0,1.000,0.000000,1.0000
416,0.467,293.0,271.0,293.0,271.0,-27.0,31.0,41.11,0.2570,0.96,DETECTED,TRACKING,0.17,0.19,31.8,2.91,1,0,0,1.000,0.000000,1.0000
417,0.467,293.0,271.0,293.0,271.0,-27.0,31.0,41.11,0.2570,0.96,DETECTED,TRACKING,0.17,0.19,28.9,5.38,1,0,0,1.000,0.000000,1.0000
418,0.467,293.0,271.0,293.0,271.0,-27.0,31.0,41.11,0.2570,0.96,DETECTED,TRACKING,0.17,0.19,27.3,3.40,1,0,0,1.000,0.000000,1.0000
419,0.467,293.0,271.0,293.0,271.0,-27.0,31.0,41.11,0.2570,0.96,DETECTED,TRACKING,0.17,0.19,28.3,6.48,1,0,0,1.000,0.000000,1.0000
420,0.467,293.0,271.0,293.0,271.0,-27.0,31.0,41.11,0.2570,0.96,DETECTED,TRACKING,0.17,0.19,26.2,4.46,1,0,0,1.000,0.000000,1.0000
421,0.467,293.0,271.0,293.0,271.0,-27.0,31.0,41.11,0.2570,0.96,DETECTED,TRACKING,0.17,0.19,25.2,3.93,1,0,0,1.000,0.000000,1.0000
422,0.467,293.0,271.0,293.0,271.0,-27.0,31.0,41.11,0.2570,0.96,DETECTED,TRACKING,0.17,0.19,24.1,3.29,1,0,0,1.000,0.000000,1.0000
423,0.467,293.0,271.0,293.0,271.0,-27.0,31.0,41.11,0.2570,0.96,DETECTED,TRACKING,0.17,0.19,25.6,2.53,1,0,0,1.000,0.000000,1.0000
424,0.467,293.0,271.0,293.0,271.0,-27.0,31.0,41.11,0.2570,0.96,DETECTED,TRACKING,0.17,0.19,31.0,4.87,1,0,0,1.000,0.000000,1.0000
425,0.467,293.0,271.0,293.0,271.0,-27.0,31.0,41.11,0.2570,0.96,DETECTED,TRACKING,0.17,0.19,26.3,2.52,1,0,0,1.000,0.000000,1.0000
426,0.467,293.0,271.0,293.0,271.0,-27.0,31.0,41.11,0.2570,0.96,DETECTED,TRACKING,0.17,0.19,33.9,4.24,1,0,0,1.000,0.000000,1.0000
427,0.467,293.0,271.0,293.0,271.0,-27.0,31.0,41.11,0.2570,0.96,DETECTED,TRACKING,0.17,0.19,19.0,9.06,1,0,0,1.000,0.000000,1.0000
428,0.467,293.0,271.0,293.0,271.0,-27.0,31.0,41.11,0.2570,0.96,DETECTED,TRACKING,0.17,0.19,21.1,10.92,1,0,0,1.000,0.000000,1.0000
429,0.467,293.0,271.0,293.0,271.0,-27.0,31.0,41.11,0.2570,0.96,DETECTED,TRACKING,0.17,0.19,19.6,3.78,1,0,0,1.000,0.000000,1.0000
430,0.467,293.0,271.0,293.0,271.0,-27.0,31.0,41.11,0.2570,0.96,DETECTED,TRACKING,0.17,0.19,28.5,8.27,1,0,0,1.000,0.000000,1.0000
431,0.467,293.0,271.0,293.0,271.0,-27.0,31.0,41.11,0.2570,0.96,DETECTED,TRACKING,0.17,0.19,22.7,5.48,1,0,0,1.000,0.000000,1.0000
432,0.467,293.0,271.0,293.0,271.0,-27.0,31.0,41.11,0.2570,0.96,DETECTED,TRACKING,0.17,0.19,24.0,5.53,1,0,0,1.000,0.000000,1.0000
433,0.467,293.0,271.0,293.0,271.0,-27.0,31.0,41.11,0.2570,0.96,DETECTED,TRACKING,0.17,0.19,25.3,3.61,1,0,0,1.000,0.000000,1.0000
434,0.467,293.0,271.0,293.0,271.0,-27.0,31.0,41.11,0.2570,0.96,DETECTED,TRACKING,0.17,0.19,23.5,2.60,1,0,0,1.000,0.000000,1.0000
435,0.467,293.0,271.0,293.0,271.0,-27.0,31.0,41.11,0.2570,0.96,DETECTED,TRACKING,0.17,0.19,22.1,2.76,1,0,0,1.000,0.000000,1.0000
436,0.467,293.0,271.0,293.0,271.0,-27.0,31.0,41.11,0.2570,0.96,DETECTED,TRACKING,0.17,0.19,31.0,4.47,1,0,0,1.000,0.000000,1.0000
437,0.467,293.0,271.0,293.0,271.0,-27.0,31.0,41.11,0.2570,0.96,DETECTED,TRACKING,0.17,0.19,29.6,6.59,1,0,0,1.000,0.000000,1.0000
438,0.467,293.0,271.0,293.0,271.0,-27.0,31.0,41.11,0.2570,0.96,DETECTED,TRACKING,0.17,0.19,26.6,5.85,1,0,0,1.000,0.000000,1.0000
439,0.467,293.0,271.0,293.0,271.0,-27.0,31.0,41.11,0.2570,0.96,DETECTED,TRACKING,0.17,0.19,25.9,2.60,1,0,0,1.000,0.000000,1.0000
440,0.467,293.0,271.0,293.0,271.0,-27.0,31.0,41.11,0.2570,0.96,DETECTED,TRACKING,0.17,0.19,32.2,7.33,1,0,0,1.000,0.000000,1.0000
441,0.467,293.0,271.0,293.0,271.0,-27.0,31.0,41.11,0.2570,0.96,DETECTED,TRACKING,0.17,0.19,23.7,4.97,1,0,0,1.000,0.000000,1.0000
442,0.467,293.0,271.0,293.0,271.0,-27.0,31.0,41.11,0.2570,0.96,DETECTED,TRACKING,0.17,0.19,27.8,3.51,1,0,0,1.000,0.000000,1.0000
443,0.467,293.0,271.0,293.0,271.0,-27.0,31.0,41.11,0.2570,0.96,DETECTED,TRACKING,0.17,0.19,23.5,6.78,1,0,0,1.000,0.000000,1.0000
444,0.467,293.0,271.0,293.0,271.0,-27.0,31.0,41.11,0.2570,0.96,DETECTED,TRACKING,0.17,0.19,26.9,5.25,1,0,0,1.000,0.000000,1.0000
445,0.467,293.0,271.0,293.0,271.0,-27.0,31.0,41.11,0.2570,0.96,DETECTED,TRACKING,0.17,0.19,21.5,2.81,1,0,0,1.000,0.000000,1.0000
446,0.467,293.0,271.0,293.0,271.0,-27.0,31.0,41.11,0.2570,0.96,DETECTED,TRACKING,0.17,0.19,19.1,7.20,1,0,0,1.000,0.000000,1.0000
447,0.467,293.0,271.0,293.0,271.0,-27.0,31.0,41.11,0.2570,0.96,DETECTED,TRACKING,0.17,0.19,18.4,2.59,1,0,0,1.000,0.000000,1.0000
448,0.467,293.0,271.0,293.0,271.0,-27.0,31.0,41.11,0.2570,0.96,DETECTED,TRACKING,0.17,0.19,22.6,5.31,1,0,0,1.000,0.000000,1.0000
449,0.467,293.0,271.0,293.0,271.0,-27.0,31.0,41.11,0.2570,0.96,DETECTED,TRACKING,0.17,0.19,23.8,3.97,1,0,0,1.000,0.000000,1.0000
450,0.467,293.0,271.0,293.0,271.0,-27.0,31.0,41.11,0.2570,0.96,DETECTED,TRACKING,0.17,0.19,28.5,3.35,1,0,0,1.000,0.000000,1.0000
451,0.467,293.0,271.0,293.0,271.0,-27.0,31.0,41.11,0.2570,0.96,DETECTED,TRACKING,0.17,0.19,31.0,3.63,1,0,0,1.000,0.000000,1.0000
452,0.467,293.0,271.0,293.0,271.0,-27.0,31.0,41.11,0.2570,0.96,DETECTED,TRACKING,0.17,0.19,23.2,5.72,1,0,0,1.000,0.000000,1.0000
453,0.467,293.0,271.0,293.0,271.0,-27.0,31.0,41.11,0.2570,0.96,DETECTED,TRACKING,0.17,0.19,31.2,4.21,1,0,0,1.000,0.000000,1.0000
454,0.467,293.0,271.0,293.0,271.0,-27.0,31.0,41.11,0.2570,0.96,DETECTED,TRACKING,0.17,0.19,32.9,4.49,1,0,0,1.000,0.000000,1.0000
455,0.467,293.0,271.0,293.0,271.0,-27.0,31.0,41.11,0.2570,0.96,DETECTED,TRACKING,0.17,0.19,27.6,3.79,1,0,0,1.000,0.000000,1.0000
456,0.467,293.0,271.0,293.0,271.0,-27.0,31.0,41.11,0.2570,0.96,DETECTED,TRACKING,0.17,0.19,27.9,2.67,1,0,0,1.000,0.000000,1.0000
457,0.467,293.0,271.0,293.0,271.0,-27.0,31.0,41.11,0.2570,0.96,DETECTED,TRACKING,0.17,0.19,26.6,2.94,1,0,0,1.000,0.000000,1.0000
458,0.467,293.0,271.0,293.0,271.0,-27.0,31.0,41.11,0.2570,0.96,DETECTED,TRACKING,0.17,0.19,34.9,6.17,1,0,0,1.000,0.000000,1.0000
459,0.467,293.0,271.0,293.0,271.0,-27.0,31.0,41.11,0.2570,0.96,DETECTED,TRACKING,0.17,0.19,20.7,16.53,1,0,0,1.000,0.000000,1.0000
460,0.467,293.0,271.0,293.0,271.0,-27.0,31.0,41.11,0.2570,0.96,DETECTED,TRACKING,0.17,0.19,23.9,5.93,1,0,0,1.000,0.000000,1.0000
461,0.467,293.0,271.0,293.0,271.0,-27.0,31.0,41.11,0.2570,0.96,DETECTED,TRACKING,0.17,0.19,25.3,4.75,1,0,0,1.000,0.000000,1.0000
462,0.467,293.0,271.0,293.0,271.0,-27.0,31.0,41.11,0.2570,0.96,DETECTED,TRACKING,0.17,0.19,24.9,4.60,1,0,0,1.000,0.000000,1.0000
463,0.467,293.0,271.0,293.0,271.0,-27.0,31.0,41.11,0.2570,0.96,DETECTED,TRACKING,0.17,0.19,19.1,5.39,1,0,0,1.000,0.000000,1.0000
464,0.467,293.0,271.0,293.0,271.0,-27.0,31.0,41.11,0.2570,0.96,DETECTED,TRACKING,0.17,0.19,27.0,6.46,1,0,0,1.000,0.000000,1.0000
465,0.467,293.0,271.0,293.0,271.0,-27.0,31.0,41.11,0.2570,0.96,DETECTED,TRACKING,0.17,0.19,23.9,6.54,1,0,0,1.000,0.000000,1.0000
466,0.467,293.0,271.0,293.0,271.0,-27.0,31.0,41.11,0.2570,0.96,DETECTED,TRACKING,0.17,0.19,26.0,3.64,1,0,0,1.000,0.000000,1.0000
467,0.467,293.0,271.0,293.0,271.0,-27.0,31.0,41.11,0.2570,0.96,DETECTED,TRACKING,0.17,0.19,17.6,6.50,1,0,0,1.000,0.000000,1.0000
468,0.467,293.0,271.0,293.0,271.0,-27.0,31.0,41.11,0.2570,0.96,DETECTED,TRACKING,0.17,0.19,22.1,3.44,1,0,0,1.000,0.000000,1.0000
469,0.467,293.0,271.0,293.0,271.0,-27.0,31.0,41.11,0.2570,0.96,DETECTED,TRACKING,0.17,0.19,24.8,2.58,1,0,0,1.000,0.000000,1.0000
470,0.467,293.0,271.0,293.0,271.0,-27.0,31.0,41.11,0.2570,0.96,DETECTED,TRACKING,0.17,0.19,25.4,2.50,1,0,0,1.000,0.000000,1.0000
471,0.467,293.0,271.0,293.0,271.0,-27.0,31.0,41.11,0.2570,0.96,DETECTED,TRACKING,0.17,0.19,27.0,5.99,1,0,0,1.000,0.000000,1.0000
472,0.467,293.0,271.0,293.0,271.0,-27.0,31.0,41.11,0.2570,0.96,DETECTED,TRACKING,0.17,0.19,20.7,4.36,1,0,0,1.000,0.000000,1.0000
473,0.467,293.0,271.0,293.0,271.0,-27.0,31.0,41.11,0.2570,0.96,DETECTED,TRACKING,0.17,0.19,23.7,8.18,1,0,0,1.000,0.000000,1.0000
474,0.467,293.0,271.0,293.0,271.0,-27.0,31.0,41.11,0.2570,0.96,DETECTED,TRACKING,0.17,0.19,25.1,3.11,1,0,0,1.000,0.000000,1.0000
475,0.467,293.0,271.0,293.0,271.0,-27.0,31.0,41.11,0.2570,0.96,DETECTED,TRACKING,0.17,0.19,26.1,15.50,1,0,0,1.000,0.000000,1.0000
476,0.467,293.0,271.0,293.0,271.0,-27.0,31.0,41.11,0.2570,0.96,DETECTED,TRACKING,0.17,0.19,25.5,5.21,1,0,0,1.000,0.000000,1.0000
477,0.467,293.0,271.0,293.0,271.0,-27.0,31.0,41.11,0.2570,0.96,DETECTED,TRACKING,0.17,0.19,20.7,3.89,1,0,0,1.000,0.000000,1.0000
478,0.467,293.0,271.0,293.0,271.0,-27.0,31.0,41.11,0.2570,0.96,DETECTED,TRACKING,0.17,0.19,25.9,2.41,1,0,0,1.000,0.000000,1.0000
479,0.467,293.0,271.0,293.0,271.0,-27.0,31.0,41.11,0.2570,0.96,DETECTED,TRACKING,0.17,0.19,27.3,4.84,1,0,0,1.000,0.000000,1.0000
480,0.467,293.0,271.0,293.0,271.0,-27.0,31.0,41.11,0.2570,0.96,DETECTED,TRACKING,0.17,0.19,23.8,2.41,1,0,0,1.000,0.000000,1.0000
481,0.467,293.0,271.0,293.0,271.0,-27.0,31.0,41.11,0.2570,0.96,DETECTED,TRACKING,0.17,0.19,24.1,2.77,1,0,0,1.000,0.000000,1.0000
482,0.467,293.0,271.0,293.0,271.0,-27.0,31.0,41.11,0.2570,0.96,DETECTED,TRACKING,0.17,0.19,22.4,12.70,1,0,0,1.000,0.000000,1.0000
483,0.467,293.0,271.0,293.0,271.0,-27.0,31.0,41.11,0.2570,0.96,DETECTED,TRACKING,0.17,0.19,20.5,3.14,1,0,0,1.000,0.000000,1.0000
484,0.467,293.0,271.0,293.0,271.0,-27.0,31.0,41.11,0.2570,0.96,DETECTED,TRACKING,0.17,0.19,31.1,3.79,1,0,0,1.000,0.000000,1.0000
485,0.467,293.0,271.0,293.0,271.0,-27.0,31.0,41.11,0.2570,0.96,DETECTED,TRACKING,0.17,0.19,23.3,3.11,1,0,0,1.000,0.000000,1.0000
486,0.467,293.0,271.0,293.0,271.0,-27.0,31.0,41.11,0.2570,0.96,DETECTED,TRACKING,0.17,0.19,21.1,3.22,1,0,0,1.000,0.000000,1.0000
487,0.467,293.0,271.0,293.0,271.0,-27.0,31.0,41.11,0.2570,0.96,DETECTED,TRACKING,0.17,0.19,17.5,11.60,1,0,0,1.000,0.000000,1.0000
488,0.467,293.0,271.0,293.0,271.0,-27.0,31.0,41.11,0.2570,0.96,DETECTED,TRACKING,0.17,0.19,14.9,3.11,1,0,0,1.000,0.000000,1.0000
489,0.467,293.0,271.0,293.0,271.0,-27.0,31.0,41.11,0.2570,0.96,DETECTED,TRACKING,0.17,0.19,25.1,2.55,1,0,0,1.000,0.000000,1.0000
490,0.467,293.0,271.0,293.0,271.0,-27.0,31.0,41.11,0.2570,0.96,DETECTED,TRACKING,0.17,0.19,19.2,5.38,1,0,0,1.000,0.000000,1.0000
491,0.467,293.0,271.0,293.0,271.0,-27.0,31.0,41.11,0.2570,0.96,DETECTED,TRACKING,0.17,0.19,16.0,8.06,1,0,0,1.000,0.000000,1.0000
492,0.467,293.0,271.0,293.0,271.0,-27.0,31.0,41.11,0.2570,0.96,DETECTED,TRACKING,0.17,0.19,7.6,10.37,1,0,0,1.000,0.000000,1.0000
493,0.467,293.0,271.0,293.0,271.0,-27.0,31.0,41.11,0.2570,0.96,DETECTED,TRACKING,0.17,0.19,18.4,4.18,1,0,0,1.000,0.000000,1.0000
494,0.467,293.0,271.0,293.0,271.0,-27.0,31.0,41.11,0.2570,0.96,DETECTED,TRACKING,0.17,0.19,23.3,2.76,1,0,0,1.000,0.000000,1.0000
495,0.467,293.0,271.0,293.0,271.0,-27.0,31.0,41.11,0.2570,0.96,DETECTED,TRACKING,0.17,0.19,20.4,5.99,1,0,0,1.000,0.000000,1.0000
496,0.467,293.0,271.0,293.0,271.0,-27.0,31.0,41.11,0.2570,0.96,DETECTED,TRACKING,0.17,0.19,18.2,6.74,1,0,0,1.000,0.000000,1.0000
497,0.467,293.0,271.0,293.0,271.0,-27.0,31.0,41.11,0.2570,0.96,DETECTED,TRACKING,0.17,0.19,18.2,4.43,1,0,0,1.000,0.000000,1.0000
498,0.467,293.0,271.0,293.0,271.0,-27.0,31.0,41.11,0.2570,0.96,DETECTED,TRACKING,0.17,0.19,20.0,2.84,1,0,0,1.000,0.000000,1.0000
499,0.467,293.0,271.0,293.0,271.0,-27.0,31.0,41.11,0.2570,0.96,DETECTED,TRACKING,0.17,0.19,28.9,3.00,1,0,0,1.000,0.000000,1.0000
500,0.467,293.0,271.0,293.0,271.0,-27.0,31.0,41.11,0.2570,0.96,DETECTED,TRACKING,0.17,0.19,24.4,5.56,1,0,0,1.000,0.000000,1.0000
501,0.467,293.0,271.0,293.0,271.0,-27.0,31.0,41.11,0.2570,0.96,DETECTED,TRACKING,0.17,0.19,22.8,2.63,1,0,0,1.000,0.000000,1.0000
502,0.467,293.0,271.0,293.0,271.0,-27.0,31.0,41.11,0.2570,0.96,DETECTED,TRACKING,0.17,0.19,29.5,3.05,1,0,0,1.000,0.000000,1.0000
503,0.467,293.0,271.0,293.0,271.0,-27.0,31.0,41.11,0.2570,0.96,DETECTED,TRACKING,0.17,0.19,23.3,2.77,1,0,0,1.000,0.000000,1.0000
504,0.467,293.0,271.0,293.0,271.0,-27.0,31.0,41.11,0.2570,0.96,DETECTED,TRACKING,0.17,0.19,22.3,2.39,1,0,0,1.000,0.000000,1.0000
505,0.467,293.0,271.0,293.0,271.0,-27.0,31.0,41.11,0.2570,0.96,DETECTED,TRACKING,0.17,0.19,22.3,2.30,1,0,0,1.000,0.000000,1.0000
506,0.467,293.0,271.0,293.0,271.0,-27.0,31.0,41.11,0.2570,0.96,DETECTED,TRACKING,0.17,0.19,21.3,3.68,1,0,0,1.000,0.000000,1.0000
507,0.467,293.0,271.0,293.0,271.0,-27.0,31.0,41.11,0.2570,0.96,DETECTED,TRACKING,0.17,0.19,24.7,2.67,1,0,0,1.000,0.000000,1.0000
508,0.467,293.0,271.0,293.0,271.0,-27.0,31.0,41.11,0.2570,0.96,DETECTED,TRACKING,0.17,0.19,23.1,3.73,1,0,0,1.000,0.000000,1.0000
509,0.467,293.0,271.0,293.0,271.0,-27.0,31.0,41.11,0.2570,0.96,DETECTED,TRACKING,0.17,0.19,10.1,4.16,1,0,0,1.000,0.000000,1.0000
510,0.467,293.0,271.0,293.0,271.0,-27.0,31.0,41.11,0.2570,0.96,DETECTED,TRACKING,0.17,0.19,16.5,5.33,1,0,0,1.000,0.000000,1.0000
511,0.467,293.0,271.0,293.0,271.0,-27.0,31.0,41.11,0.2570,0.96,DETECTED,TRACKING,0.17,0.19,13.0,20.65,1,0,0,1.000,0.000000,1.0000
512,0.467,293.0,271.0,293.0,271.0,-27.0,31.0,41.11,0.2570,0.96,DETECTED,TRACKING,0.17,0.19,17.8,22.53,1,0,0,1.000,0.000000,1.0000
513,0.467,293.0,271.0,293.0,271.0,-27.0,31.0,41.11,0.2570,0.96,DETECTED,TRACKING,0.17,0.19,17.2,6.03,1,0,0,1.000,0.000000,1.0000
514,0.467,293.0,271.0,293.0,271.0,-27.0,31.0,41.11,0.2570,0.96,DETECTED,TRACKING,0.17,0.19,15.2,4.64,1,0,0,1.000,0.000000,1.0000
515,0.467,293.0,271.0,293.0,271.0,-27.0,31.0,41.11,0.2570,0.96,DETECTED,TRACKING,0.17,0.19,12.2,8.39,1,0,0,1.000,0.000000,1.0000
516,0.467,293.0,271.0,293.0,271.0,-27.0,31.0,41.11,0.2570,0.96,DETECTED,TRACKING,0.17,0.19,17.1,3.52,1,0,0,1.000,0.000000,1.0000
517,0.467,293.0,271.0,293.0,271.0,-27.0,31.0,41.11,0.2570,0.96,DETECTED,TRACKING,0.17,0.19,19.4,3.92,1,0,0,1.000,0.000000,1.0000
518,0.467,293.0,271.0,293.0,271.0,-27.0,31.0,41.11,0.2570,0.96,DETECTED,TRACKING,0.17,0.19,28.9,5.43,1,0,0,1.000,0.000000,1.0000
519,0.467,293.0,271.0,293.0,271.0,-27.0,31.0,41.11,0.2570,0.96,DETECTED,TRACKING,0.17,0.19,18.1,2.59,1,0,0,1.000,0.000000,1.0000
520,0.467,293.0,271.0,293.0,271.0,-27.0,31.0,41.11,0.2570,0.96,DETECTED,TRACKING,0.17,0.19,27.0,3.13,1,0,0,1.000,0.000000,1.0000
521,0.467,293.0,271.0,293.0,271.0,-27.0,31.0,41.11,0.2570,0.96,DETECTED,TRACKING,0.17,0.19,20.1,5.96,1,0,0,1.000,0.000000,1.0000
522,0.467,293.0,271.0,293.0,271.0,-27.0,31.0,41.11,0.2570,0.96,DETECTED,TRACKING,0.17,0.19,20.1,10.14,1,0,0,1.000,0.000000,1.0000
523,0.467,293.0,271.0,293.0,271.0,-27.0,31.0,41.11,0.2570,0.96,DETECTED,TRACKING,0.17,0.19,18.6,2.76,1,0,0,1.000,0.000000,1.0000
524,0.467,293.0,271.0,293.0,271.0,-27.0,31.0,41.11,0.2570,0.96,DETECTED,TRACKING,0.17,0.19,24.4,4.06,1,0,0,1.000,0.000000,1.0000
525,0.467,293.0,271.0,293.0,271.0,-27.0,31.0,41.11,0.2570,0.96,DETECTED,TRACKING,0.17,0.19,22.1,3.94,1,0,0,1.000,0.000000,1.0000
526,0.467,293.0,271.0,293.0,271.0,-27.0,31.0,41.11,0.2570,0.96,DETECTED,TRACKING,0.17,0.19,27.4,3.36,1,0,0,1.000,0.000000,1.0000
527,0.467,293.0,271.0,293.0,271.0,-27.0,31.0,41.11,0.2570,0.96,DETECTED,TRACKING,0.17,0.19,29.5,3.51,1,0,0,1.000,0.000000,1.0000
528,0.467,293.0,271.0,293.0,271.0,-27.0,31.0,41.11,0.2570,0.96,DETECTED,TRACKING,0.17,0.19,23.3,2.23,1,0,0,1.000,0.000000,1.0000
529,0.467,293.0,271.0,293.0,271.0,-27.0,31.0,41.11,0.2570,0.96,DETECTED,TRACKING,0.17,0.19,24.6,2.68,1,0,0,1.000,0.000000,1.0000
530,0.467,293.0,271.0,293.0,271.0,-27.0,31.0,41.11,0.2570,0.96,DETECTED,TRACKING,0.17,0.19,24.4,3.40,1,0,0,1.000,0.000000,1.0000
531,0.467,293.0,271.0,293.0,271.0,-27.0,31.0,41.11,0.2570,0.96,DETECTED,TRACKING,0.17,0.19,26.1,2.59,1,0,0,1.000,0.000000,1.0000
532,0.467,293.0,271.0,293.0,271.0,-27.0,31.0,41.11,0.2570,0.96,DETECTED,TRACKING,0.17,0.19,28.6,3.20,1,0,0,1.000,0.000000,1.0000
533,0.467,293.0,271.0,293.0,271.0,-27.0,31.0,41.11,0.2570,0.96,DETECTED,TRACKING,0.17,0.19,28.5,9.45,1,0,0,1.000,0.000000,1.0000
534,0.467,293.0,271.0,293.0,271.0,-27.0,31.0,41.11,0.2570,0.96,DETECTED,TRACKING,0.17,0.19,21.7,2.06,1,0,0,1.000,0.000000,1.0000
535,0.467,293.0,271.0,293.0,271.0,-27.0,31.0,41.11,0.2570,0.96,DETECTED,TRACKING,0.17,0.19,22.6,2.87,1,0,0,1.000,0.000000,1.0000
536,0.467,293.0,271.0,293.0,271.0,-27.0,31.0,41.11,0.2570,0.96,DETECTED,TRACKING,0.17,0.19,28.3,6.25,1,0,0,1.000,0.000000,1.0000
537,0.467,293.0,271.0,293.0,271.0,-27.0,31.0,41.11,0.2570,0.96,DETECTED,TRACKING,0.17,0.19,26.6,3.03,1,0,0,1.000,0.000000,1.0000
538,0.467,293.0,271.0,293.0,271.0,-27.0,31.0,41.11,0.2570,0.96,DETECTED,TRACKING,0.17,0.19,25.5,2.11,1,0,0,1.000,0.000000,1.0000
539,0.467,293.0,271.0,293.0,271.0,-27.0,31.0,41.11,0.2570,0.96,DETECTED,TRACKING,0.17,0.19,32.7,2.52,1,0,0,1.000,0.000000,1.0000
540,0.467,293.0,271.0,293.0,271.0,-27.0,31.0,41.11,0.2570,0.96,DETECTED,TRACKING,0.17,0.19,30.0,2.68,1,0,0,1.000,0.000000,1.0000
541,0.467,293.0,271.0,293.0,271.0,-27.0,31.0,41.11,0.2570,0.96,DETECTED,TRACKING,0.17,0.19,25.0,6.77,1,0,0,1.000,0.000000,1.0000
542,0.467,293.0,271.0,293.0,271.0,-27.0,31.0,41.11,0.2570,0.96,DETECTED,TRACKING,0.17,0.19,21.8,8.44,1,0,0,1.000,0.000000,1.0000
543,0.467,293.0,271.0,293.0,271.0,-27.0,31.0,41.11,0.2570,0.96,DETECTED,TRACKING,0.17,0.19,19.9,2.47,1,0,0,1.000,0.000000,1.0000
544,0.467,293.0,271.0,293.0,271.0,-27.0,31.0,41.11,0.2570,0.96,DETECTED,TRACKING,0.17,0.19,25.8,2.88,1,0,0,1.000,0.000000,1.0000
545,0.467,293.0,271.0,293.0,271.0,-27.0,31.0,41.11,0.2570,0.96,DETECTED,TRACKING,0.17,0.19,20.7,6.10,1,0,0,1.000,0.000000,1.0000
546,0.467,293.0,271.0,293.0,271.0,-27.0,31.0,41.11,0.2570,0.96,DETECTED,TRACKING,0.17,0.19,23.2,2.19,1,0,0,1.000,0.000000,1.0000
547,0.467,293.0,271.0,293.0,271.0,-27.0,31.0,41.11,0.2570,0.96,DETECTED,TRACKING,0.17,0.19,23.9,2.40,1,0,0,1.000,0.000000,1.0000
548,0.467,293.0,271.0,293.0,271.0,-27.0,31.0,41.11,0.2570,0.96,DETECTED,TRACKING,0.17,0.19,24.3,4.32,1,0,0,1.000,0.000000,1.0000
549,0.467,293.0,271.0,293.0,271.0,-27.0,31.0,41.11,0.2570,0.96,DETECTED,TRACKING,0.17,0.19,21.2,3.41,1,0,0,1.000,0.000000,1.0000
550,0.467,293.0,271.0,293.0,271.0,-27.0,31.0,41.11,0.2570,0.96,DETECTED,TRACKING,0.17,0.19,27.8,2.41,1,0,0,1.000,0.000000,1.0000
551,0.467,293.0,271.0,293.0,271.0,-27.0,31.0,41.11,0.2570,0.96,DETECTED,TRACKING,0.17,0.19,24.9,5.42,1,0,0,1.000,0.000000,1.0000
552,0.467,293.0,271.0,293.0,271.0,-27.0,31.0,41.11,0.2570,0.96,DETECTED,TRACKING,0.17,0.19,21.8,2.52,1,0,0,1.000,0.000000,1.0000
553,0.467,293.0,271.0,293.0,271.0,-27.0,31.0,41.11,0.2570,0.96,DETECTED,TRACKING,0.17,0.19,20.9,3.64,1,0,0,1.000,0.000000,1.0000
554,0.467,293.0,271.0,293.0,271.0,-27.0,31.0,41.11,0.2570,0.96,DETECTED,TRACKING,0.17,0.19,22.0,2.84,1,0,0,1.000,0.000000,1.0000
555,0.467,293.0,271.0,293.0,271.0,-27.0,31.0,41.11,0.2570,0.96,DETECTED,TRACKING,0.17,0.19,22.8,2.62,1,0,0,1.000,0.000000,1.0000
556,0.467,293.0,271.0,293.0,271.0,-27.0,31.0,41.11,0.2570,0.96,DETECTED,TRACKING,0.17,0.19,20.4,9.73,1,0,0,1.000,0.000000,1.0000
557,0.467,293.0,271.0,293.0,271.0,-27.0,31.0,41.11,0.2570,0.96,DETECTED,TRACKING,0.17,0.19,20.1,5.03,1,0,0,1.000,0.000000,1.0000
558,0.467,293.0,271.0,293.0,271.0,-27.0,31.0,41.11,0.2570,0.96,DETECTED,TRACKING,0.17,0.19,22.2,5.40,1,0,0,1.000,0.000000,1.0000
559,0.467,293.0,271.0,293.0,271.0,-27.0,31.0,41.11,0.2570,0.96,DETECTED,TRACKING,0.17,0.19,22.8,5.55,1,0,0,1.000,0.000000,1.0000
560,0.467,293.0,271.0,293.0,271.0,-27.0,31.0,41.11,0.2570,0.96,DETECTED,TRACKING,0.17,0.19,19.3,4.22,1,0,0,1.000,0.000000,1.0000
561,0.467,293.0,271.0,293.0,271.0,-27.0,31.0,41.11,0.2570,0.96,DETECTED,TRACKING,0.17,0.19,17.1,10.62,1,0,0,1.000,0.000000,1.0000
562,0.467,293.0,271.0,293.0,271.0,-27.0,31.0,41.11,0.2570,0.96,DETECTED,TRACKING,0.17,0.19,21.6,5.61,1,0,0,1.000,0.000000,1.0000
563,0.467,293.0,271.0,293.0,271.0,-27.0,31.0,41.11,0.2570,0.96,DETECTED,TRACKING,0.17,0.19,24.4,2.59,1,0,0,1.000,0.000000,1.0000
564,0.467,293.0,271.0,293.0,271.0,-27.0,31.0,41.11,0.2570,0.96,DETECTED,TRACKING,0.17,0.19,21.1,2.84,1,0,0,1.000,0.000000,1.0000
565,0.467,293.0,271.0,293.0,271.0,-27.0,31.0,41.11,0.2570,0.96,DETECTED,TRACKING,0.17,0.19,32.9,3.52,1,0,0,1.000,0.000000,1.0000
566,0.467,293.0,271.0,293.0,271.0,-27.0,31.0,41.11,0.2570,0.96,DETECTED,TRACKING,0.17,0.19,24.2,4.35,1,0,0,1.000,0.000000,1.0000
567,0.467,293.0,271.0,293.0,271.0,-27.0,31.0,41.11,0.2570,0.96,DETECTED,TRACKING,0.17,0.19,30.7,2.99,1,0,0,1.000,0.000000,1.0000
568,0.467,293.0,271.0,293.0,271.0,-27.0,31.0,41.11,0.2570,0.96,DETECTED,TRACKING,0.17,0.19,26.1,9.27,1,0,0,1.000,0.000000,1.0000
569,0.467,293.0,271.0,293.0,271.0,-27.0,31.0,41.11,0.2570,0.96,DETECTED,TRACKING,0.17,0.19,13.1,3.76,1,0,0,1.000,0.000000,1.0000
570,0.467,293.0,271.0,293.0,271.0,-27.0,31.0,41.11,0.2570,0.96,DETECTED,TRACKING,0.17,0.19,21.5,2.79,1,0,0,1.000,0.000000,1.0000
571,0.467,293.0,271.0,293.0,271.0,-27.0,31.0,41.11,0.2570,0.96,DETECTED,TRACKING,0.17,0.19,33.1,2.96,1,0,0,1.000,0.000000,1.0000
572,0.467,293.0,271.0,293.0,271.0,-27.0,31.0,41.11,0.2570,0.96,DETECTED,TRACKING,0.17,0.19,23.3,3.61,1,0,0,1.000,0.000000,1.0000
573,0.467,293.0,271.0,293.0,271.0,-27.0,31.0,41.11,0.2570,0.96,DETECTED,TRACKING,0.17,0.19,21.2,4.33,1,0,0,1.000,0.000000,1.0000
574,0.467,293.0,271.0,293.0,271.0,-27.0,31.0,41.11,0.2570,0.96,DETECTED,TRACKING,0.17,0.19,20.9,2.61,1,0,0,1.000,0.000000,1.0000
575,0.467,293.0,271.0,293.0,271.0,-27.0,31.0,41.11,0.2570,0.96,DETECTED,TRACKING,0.17,0.19,29.2,4.69,1,0,0,1.000,0.000000,1.0000
576,0.467,293.0,271.0,293.0,271.0,-27.0,31.0,41.11,0.2570,0.96,DETECTED,TRACKING,0.17,0.19,24.6,2.74,1,0,0,1.000,0.000000,1.0000
577,0.467,293.0,271.0,293.0,271.0,-27.0,31.0,41.11,0.2570,0.96,DETECTED,TRACKING,0.17,0.19,26.9,10.58,1,0,0,1.000,0.000000,1.0000
578,0.467,293.0,271.0,293.0,271.0,-27.0,31.0,41.11,0.2570,0.96,DETECTED,TRACKING,0.17,0.19,25.1,5.79,1,0,0,1.000,0.000000,1.0000
579,0.467,293.0,271.0,293.0,271.0,-27.0,31.0,41.11,0.2570,0.96,DETECTED,TRACKING,0.17,0.19,23.3,2.58,1,0,0,1.000,0.000000,1.0000
580,0.467,293.0,271.0,293.0,271.0,-27.0,31.0,41.11,0.2570,0.96,DETECTED,TRACKING,0.17,0.19,21.5,8.70,1,0,0,1.000,0.000000,1.0000
581,0.467,293.0,271.0,293.0,271.0,-27.0,31.0,41.11,0.2570,0.96,DETECTED,TRACKING,0.17,0.19,25.3,3.59,1,0,0,1.000,0.000000,1.0000
582,0.467,293.0,271.0,293.0,271.0,-27.0,31.0,41.11,0.2570,0.96,DETECTED,TRACKING,0.17,0.19,29.9,11.10,1,0,0,1.000,0.000000,1.0000
583,0.467,293.0,271.0,293.0,271.0,-27.0,31.0,41.11,0.2570,0.96,DETECTED,TRACKING,0.17,0.19,22.2,3.52,1,0,0,1.000,0.000000,1.0000
584,0.467,293.0,271.0,293.0,271.0,-27.0,31.0,41.11,0.2570,0.96,DETECTED,TRACKING,0.17,0.19,27.0,6.14,1,0,0,1.000,0.000000,1.0000
585,0.467,293.0,271.0,293.0,271.0,-27.0,31.0,41.11,0.2570,0.96,DETECTED,TRACKING,0.17,0.19,16.6,3.44,1,0,0,1.000,0.000000,1.0000
586,0.467,293.0,271.0,293.0,271.0,-27.0,31.0,41.11,0.2570,0.96,DETECTED,TRACKING,0.17,0.19,22.7,2.98,1,0,0,1.000,0.000000,1.0000
587,0.467,293.0,271.0,293.0,271.0,-27.0,31.0,41.11,0.2570,0.96,DETECTED,TRACKING,0.17,0.19,25.8,4.43,1,0,0,1.000,0.000000,1.0000
588,0.467,293.0,271.0,293.0,271.0,-27.0,31.0,41.11,0.2570,0.96,DETECTED,TRACKING,0.17,0.19,28.7,4.17,1,0,0,1.000,0.000000,1.0000
589,0.467,293.0,271.0,293.0,271.0,-27.0,31.0,41.11,0.2570,0.96,DETECTED,TRACKING,0.17,0.19,31.5,5.30,1,0,0,1.000,0.000000,1.0000
590,0.467,293.0,271.0,293.0,271.0,-27.0,31.0,41.11,0.2570,0.96,DETECTED,TRACKING,0.17,0.19,28.9,2.60,1,0,0,1.000,0.000000,1.0000
591,0.467,293.0,271.0,293.0,271.0,-27.0,31.0,41.11,0.2570,0.96,DETECTED,TRACKING,0.17,0.19,35.0,3.56,1,0,0,1.000,0.000000,1.0000
592,0.467,293.0,271.0,293.0,271.0,-27.0,31.0,41.11,0.2570,0.96,DETECTED,TRACKING,0.17,0.19,17.1,4.25,1,0,0,1.000,0.000000,1.0000
593,0.467,293.0,271.0,293.0,271.0,-27.0,31.0,41.11,0.2570,0.96,DETECTED,TRACKING,0.17,0.19,21.7,4.30,1,0,0,1.000,0.000000,1.0000
594,0.467,293.0,271.0,293.0,271.0,-27.0,31.0,41.11,0.2570,0.96,DETECTED,TRACKING,0.17,0.19,31.0,6.47,1,0,0,1.000,0.000000,1.0000
595,0.467,293.0,271.0,293.0,271.0,-27.0,31.0,41.11,0.2570,0.96,DETECTED,TRACKING,0.17,0.19,25.5,3.71,1,0,0,1.000,0.000000,1.0000
596,0.467,293.0,271.0,293.0,271.0,-27.0,31.0,41.11,0.2570,0.96,DETECTED,TRACKING,0.17,0.19,24.8,2.70,1,0,0,1.000,0.000000,1.0000
597,0.467,293.0,271.0,293.0,271.0,-27.0,31.0,41.11,0.2570,0.96,DETECTED,TRACKING,0.17,0.19,33.0,4.41,1,0,0,1.000,0.000000,1.0000
598,0.467,293.0,271.0,293.0,271.0,-27.0,31.0,41.11,0.2570,0.96,DETECTED,TRACKING,0.17,0.19,28.8,2.54,1,0,0,1.000,0.000000,1.0000
599,0.467,293.0,271.0,293.0,271.0,-27.0,31.0,41.11,0.2570,0.96,DETECTED,TRACKING,0.17,0.19,31.5,6.06,1,0,0,1.000,0.000000,1.0000
600,0.467,293.0,271.0,293.0,271.0,-27.0,31.0,41.11,0.2570,0.96,DETECTED,TRACKING,0.17,0.19,30.8,2.41,1,0,0,1.000,0.000000,1.0000
601,0.467,293.0,271.0,293.0,271.0,-27.0,31.0,41.11,0.2570,0.96,DETECTED,TRACKING,0.17,0.19,32.1,4.98,1,0,0,1.000,0.000000,1.0000
602,0.467,293.0,271.0,293.0,271.0,-27.0,31.0,41.11,0.2570,0.96,DETECTED,TRACKING,0.17,0.19,31.2,4.27,1,0,0,1.000,0.000000,1.0000
603,0.467,293.0,271.0,293.0,271.0,-27.0,31.0,41.11,0.2570,0.96,DETECTED,TRACKING,0.17,0.19,18.2,28.83,1,0,0,1.000,0.000000,1.0000
604,0.467,293.0,271.0,293.0,271.0,-27.0,31.0,41.11,0.2570,0.96,DETECTED,TRACKING,0.17,0.19,12.8,66.93,1,0,0,1.000,0.000000,1.0000
605,0.467,293.0,271.0,293.0,271.0,-27.0,31.0,41.11,0.2570,0.96,DETECTED,TRACKING,0.17,0.19,4.2,27.25,1,0,0,1.000,0.000000,1.0000
606,0.467,293.0,271.0,293.0,271.0,-27.0,31.0,41.11,0.2570,0.96,DETECTED,TRACKING,0.17,0.19,5.2,3.60,1,0,0,1.000,0.000000,1.0000
607,0.467,293.0,271.0,293.0,271.0,-27.0,31.0,41.11,0.2570,0.96,DETECTED,TRACKING,0.17,0.19,12.6,16.69,1,0,0,1.000,0.000000,1.0000
608,0.467,293.0,271.0,293.0,271.0,-27.0,31.0,41.11,0.2570,0.96,DETECTED,TRACKING,0.17,0.19,13.5,10.91,1,0,0,1.000,0.000000,1.0000
609,0.467,293.0,271.0,293.0,271.0,-27.0,31.0,41.11,0.2570,0.96,DETECTED,TRACKING,0.17,0.19,6.9,7.50,1,0,0,1.000,0.000000,1.0000
610,0.467,293.0,271.0,293.0,271.0,-27.0,31.0,41.11,0.2570,0.96,DETECTED,TRACKING,0.17,0.19,9.0,40.10,1,0,0,1.000,0.000000,1.0000
611,0.467,293.0,271.0,293.0,271.0,-27.0,31.0,41.11,0.2570,0.96,DETECTED,TRACKING,0.17,0.19,3.6,16.12,1,0,0,1.000,0.000000,1.0000
612,0.467,293.0,271.0,293.0,271.0,-27.0,31.0,41.11,0.2570,0.96,DETECTED,TRACKING,0.17,0.19,4.2,2.50,1,0,0,1.000,0.000000,1.0000
613,0.467,293.0,271.0,293.0,271.0,-27.0,31.0,41.11,0.2570,0.96,DETECTED,TRACKING,0.17,0.19,6.8,28.74,1,0,0,1.000,0.000000,1.0000
614,0.467,293.0,271.0,293.0,271.0,-27.0,31.0,41.11,0.2570,0.96,DETECTED,TRACKING,0.17,0.19,7.0,3.39,1,0,0,1.000,0.000000,1.0000
615,0.467,293.0,271.0,293.0,271.0,-27.0,31.0,41.11,0.2570,0.96,DETECTED,TRACKING,0.17,0.19,9.7,33.82,1,0,0,1.000,0.000000,1.0000
616,0.467,293.0,271.0,293.0,271.0,-27.0,31.0,41.11,0.2570,0.96,DETECTED,TRACKING,0.17,0.19,5.2,19.48,1,0,0,1.000,0.000000,1.0000
617,0.467,293.0,271.0,293.0,271.0,-27.0,31.0,41.11,0.2570,0.96,DETECTED,TRACKING,0.17,0.19,6.6,3.71,1,0,0,1.000,0.000000,1.0000
618,0.467,293.0,271.0,293.0,271.0,-27.0,31.0,41.11,0.2570,0.96,DETECTED,TRACKING,0.17,0.19,24.2,2.90,1,0,0,1.000,0.000000,1.0000
619,0.467,293.0,271.0,293.0,271.0,-27.0,31.0,41.11,0.2570,0.96,DETECTED,TRACKING,0.17,0.19,24.7,3.16,1,0,0,1.000,0.000000,1.0000
620,0.467,293.0,271.0,293.0,271.0,-27.0,31.0,41.11,0.2570,0.96,DETECTED,TRACKING,0.17,0.19,17.9,2.47,1,0,0,1.000,0.000000,1.0000
621,0.467,293.0,271.0,293.0,271.0,-27.0,31.0,41.11,0.2570,0.96,DETECTED,TRACKING,0.17,0.19,24.2,3.14,1,0,0,1.000,0.000000,1.0000
622,0.467,293.0,271.0,293.0,271.0,-27.0,31.0,41.11,0.2570,0.96,DETECTED,TRACKING,0.17,0.19,27.3,7.77,1,0,0,1.000,0.000000,1.0000
623,0.467,293.0,271.0,293.0,271.0,-27.0,31.0,41.11,0.2570,0.96,DETECTED,TRACKING,0.17,0.19,23.4,5.49,1,0,0,1.000,0.000000,1.0000
624,0.467,293.0,271.0,293.0,271.0,-27.0,31.0,41.11,0.2570,0.96,DETECTED,TRACKING,0.17,0.19,25.4,10.80,1,0,0,1.000,0.000000,1.0000
625,0.467,293.0,271.0,293.0,271.0,-27.0,31.0,41.11,0.2570,0.96,DETECTED,TRACKING,0.17,0.19,22.9,6.75,1,0,0,1.000,0.000000,1.0000
626,0.467,293.0,271.0,293.0,271.0,-27.0,31.0,41.11,0.2570,0.96,DETECTED,TRACKING,0.17,0.19,21.4,6.69,1,0,0,1.000,0.000000,1.0000
627,0.467,293.0,271.0,293.0,271.0,-27.0,31.0,41.11,0.2570,0.96,DETECTED,TRACKING,0.17,0.19,22.9,2.68,1,0,0,1.000,0.000000,1.0000
628,0.467,293.0,271.0,293.0,271.0,-27.0,31.0,41.11,0.2570,0.96,DETECTED,TRACKING,0.17,0.19,26.3,2.81,1,0,0,1.000,0.000000,1.0000
629,0.467,293.0,271.0,293.0,271.0,-27.0,31.0,41.11,0.2570,0.96,DETECTED,TRACKING,0.17,0.19,27.1,4.08,1,0,0,1.000,0.000000,1.0000
630,0.467,293.0,271.0,293.0,271.0,-27.0,31.0,41.11,0.2570,0.96,DETECTED,TRACKING,0.17,0.19,27.3,4.54,1,0,0,1.000,0.000000,1.0000
631,0.467,293.0,271.0,293.0,271.0,-27.0,31.0,41.11,0.2570,0.96,DETECTED,TRACKING,0.17,0.19,25.2,6.43,1,0,0,1.000,0.000000,1.0000
632,0.467,293.0,271.0,293.0,271.0,-27.0,31.0,41.11,0.2570,0.96,DETECTED,TRACKING,0.17,0.19,28.3,5.12,1,0,0,1.000,0.000000,1.0000
633,0.467,293.0,271.0,293.0,271.0,-27.0,31.0,41.11,0.2570,0.96,DETECTED,TRACKING,0.17,0.19,31.0,2.57,1,0,0,1.000,0.000000,1.0000
634,0.467,293.0,271.0,293.0,271.0,-27.0,31.0,41.11,0.2570,0.96,DETECTED,TRACKING,0.17,0.19,26.9,2.54,1,0,0,1.000,0.000000,1.0000
635,0.467,293.0,271.0,293.0,271.0,-27.0,31.0,41.11,0.2570,0.96,DETECTED,TRACKING,0.17,0.19,30.1,2.62,1,0,0,1.000,0.000000,1.0000
636,0.467,293.0,271.0,293.0,271.0,-27.0,31.0,41.11,0.2570,0.96,DETECTED,TRACKING,0.17,0.19,29.7,5.05,1,0,0,1.000,0.000000,1.0000
637,0.467,293.0,271.0,293.0,271.0,-27.0,31.0,41.11,0.2570,0.96,DETECTED,TRACKING,0.17,0.19,29.5,6.75,1,0,0,1.000,0.000000,1.0000
638,0.467,293.0,271.0,293.0,271.0,-27.0,31.0,41.11,0.2570,0.96,DETECTED,TRACKING,0.17,0.19,20.8,3.63,1,0,0,1.000,0.000000,1.0000
639,0.467,293.0,271.0,293.0,271.0,-27.0,31.0,41.11,0.2570,0.96,DETECTED,TRACKING,0.17,0.19,29.4,4.27,1,0,0,1.000,0.000000,1.0000
640,0.467,293.0,271.0,293.0,271.0,-27.0,31.0,41.11,0.2570,0.96,DETECTED,TRACKING,0.17,0.19,31.0,4.03,1,0,0,1.000,0.000000,1.0000
641,0.467,293.0,271.0,293.0,271.0,-27.0,31.0,41.11,0.2570,0.96,DETECTED,TRACKING,0.17,0.19,26.6,2.66,1,0,0,1.000,0.000000,1.0000
642,0.467,293.0,271.0,293.0,271.0,-27.0,31.0,41.11,0.2570,0.96,DETECTED,TRACKING,0.17,0.19,34.3,4.90,1,0,0,1.000,0.000000,1.0000
643,0.467,293.0,271.0,293.0,271.0,-27.0,31.0,41.11,0.2570,0.96,DETECTED,TRACKING,0.17,0.19,28.9,4.51,1,0,0,1.000,0.000000,1.0000
644,0.467,293.0,271.0,293.0,271.0,-27.0,31.0,41.11,0.2570,0.96,DETECTED,TRACKING,0.17,0.19,27.7,6.21,1,0,0,1.000,0.000000,1.0000
645,0.467,293.0,271.0,293.0,271.0,-27.0,31.0,41.11,0.2570,0.96,DETECTED,TRACKING,0.17,0.19,28.3,6.46,1,0,0,1.000,0.000000,1.0000
646,0.467,293.0,271.0,293.0,271.0,-27.0,31.0,41.11,0.2570,0.96,DETECTED,TRACKING,0.17,0.19,21.9,7.91,1,0,0,1.000,0.000000,1.0000
647,0.467,293.0,271.0,293.0,271.0,-27.0,31.0,41.11,0.2570,0.96,DETECTED,TRACKING,0.17,0.19,25.6,3.35,1,0,0,1.000,0.000000,1.0000
648,0.467,293.0,271.0,293.0,271.0,-27.0,31.0,41.11,0.2570,0.96,DETECTED,TRACKING,0.17,0.19,34.2,4.07,1,0,0,1.000,0.000000,1.0000
649,0.467,293.0,271.0,293.0,271.0,-27.0,31.0,41.11,0.2570,0.96,DETECTED,TRACKING,0.17,0.19,29.4,3.09,1,0,0,1.000,0.000000,1.0000
650,0.467,293.0,271.0,293.0,271.0,-27.0,31.0,41.11,0.2570,0.96,DETECTED,TRACKING,0.17,0.19,21.9,3.68,1,0,0,1.000,0.000000,1.0000
651,0.467,293.0,271.0,293.0,271.0,-27.0,31.0,41.11,0.2570,0.96,DETECTED,TRACKING,0.17,0.19,33.4,4.23,1,0,0,1.000,0.000000,1.0000
652,0.467,293.0,271.0,293.0,271.0,-27.0,31.0,41.11,0.2570,0.96,DETECTED,TRACKING,0.17,0.19,31.0,4.98,1,0,0,1.000,0.000000,1.0000
653,0.467,293.0,271.0,293.0,271.0,-27.0,31.0,41.11,0.2570,0.96,DETECTED,TRACKING,0.17,0.19,30.4,2.59,1,0,0,1.000,0.000000,1.0000
654,0.467,293.0,271.0,293.0,271.0,-27.0,31.0,41.11,0.2570,0.96,DETECTED,TRACKING,0.17,0.19,40.6,2.59,1,0,0,1.000,0.000000,1.0000
655,0.467,293.0,271.0,293.0,271.0,-27.0,31.0,41.11,0.2570,0.96,DETECTED,TRACKING,0.17,0.19,33.4,5.12,1,0,0,1.000,0.000000,1.0000
656,0.467,293.0,271.0,293.0,271.0,-27.0,31.0,41.11,0.2570,0.96,DETECTED,TRACKING,0.17,0.19,31.4,9.68,1,0,0,1.000,0.000000,1.0000
657,0.467,293.0,271.0,293.0,271.0,-27.0,31.0,41.11,0.2570,0.96,DETECTED,TRACKING,0.17,0.19,25.5,6.44,1,0,0,1.000,0.000000,1.0000
658,0.467,293.0,271.0,293.0,271.0,-27.0,31.0,41.11,0.2570,0.96,DETECTED,TRACKING,0.17,0.19,21.8,6.51,1,0,0,1.000,0.000000,1.0000
659,0.467,293.0,271.0,293.0,271.0,-27.0,31.0,41.11,0.2570,0.96,DETECTED,TRACKING,0.17,0.19,26.4,6.73,1,0,0,1.000,0.000000,1.0000
660,0.467,293.0,271.0,293.0,271.0,-27.0,31.0,41.11,0.2570,0.96,DETECTED,TRACKING,0.17,0.19,29.4,2.65,1,0,0,1.000,0.000000,1.0000
661,0.467,293.0,271.0,293.0,271.0,-27.0,31.0,41.11,0.2570,0.96,DETECTED,TRACKING,0.17,0.19,30.7,2.65,1,0,0,1.000,0.000000,1.0000
662,0.467,293.0,271.0,293.0,271.0,-27.0,31.0,41.11,0.2570,0.96,DETECTED,TRACKING,0.17,0.19,25.7,4.14,1,0,0,1.000,0.000000,1.0000
663,0.467,293.0,271.0,293.0,271.0,-27.0,31.0,41.11,0.2570,0.96,DETECTED,TRACKING,0.17,0.19,26.1,3.81,1,0,0,1.000,0.000000,1.0000
664,0.467,293.0,271.0,293.0,271.0,-27.0,31.0,41.11,0.2570,0.96,DETECTED,TRACKING,0.17,0.19,32.8,5.86,1,0,0,1.000,0.000000,1.0000
665,0.467,293.0,271.0,293.0,271.0,-27.0,31.0,41.11,0.2570,0.96,DETECTED,TRACKING,0.17,0.19,29.0,4.74,1,0,0,1.000,0.000000,1.0000
666,0.467,293.0,271.0,293.0,271.0,-27.0,31.0,41.11,0.2570,0.96,DETECTED,TRACKING,0.17,0.19,28.0,5.39,1,0,0,1.000,0.000000,1.0000
667,0.467,293.0,271.0,293.0,271.0,-27.0,31.0,41.11,0.2570,0.96,DETECTED,TRACKING,0.17,0.19,31.1,2.63,1,0,0,1.000,0.000000,1.0000
668,0.467,293.0,271.0,293.0,271.0,-27.0,31.0,41.11,0.2570,0.96,DETECTED,TRACKING,0.17,0.19,27.4,6.78,1,0,0,1.000,0.000000,1.0000
669,0.467,293.0,271.0,293.0,271.0,-27.0,31.0,41.11,0.2570,0.96,DETECTED,TRACKING,0.17,0.19,29.5,7.12,1,0,0,1.000,0.000000,1.0000
670,0.467,293.0,271.0,293.0,271.0,-27.0,31.0,41.11,0.2570,0.96,DETECTED,TRACKING,0.17,0.19,26.5,2.55,1,0,0,1.000,0.000000,1.0000
671,0.467,293.0,271.0,293.0,271.0,-27.0,31.0,41.11,0.2570,0.96,DETECTED,TRACKING,0.17,0.19,19.1,3.47,1,0,0,1.000,0.000000,1.0000
672,0.467,293.0,271.0,293.0,271.0,-27.0,31.0,41.11,0.2570,0.96,DETECTED,TRACKING,0.17,0.19,25.5,5.17,1,0,0,1.000,0.000000,1.0000
673,0.467,293.0,271.0,293.0,271.0,-27.0,31.0,41.11,0.2570,0.96,DETECTED,TRACKING,0.17,0.19,27.0,4.60,1,0,0,1.000,0.000000,1.0000
674,0.467,293.0,271.0,293.0,271.0,-27.0,31.0,41.11,0.2570,0.96,DETECTED,TRACKING,0.17,0.19,26.5,4.09,1,0,0,1.000,0.000000,1.0000
675,0.467,293.0,271.0,293.0,271.0,-27.0,31.0,41.11,0.2570,0.96,DETECTED,TRACKING,0.17,0.19,33.9,15.47,1,0,0,1.000,0.000000,1.0000
676,0.467,293.0,271.0,293.0,271.0,-27.0,31.0,41.11,0.2570,0.96,DETECTED,TRACKING,0.17,0.19,21.8,3.48,1,0,0,1.000,0.000000,1.0000
677,0.467,293.0,271.0,293.0,271.0,-27.0,31.0,41.11,0.2570,0.96,DETECTED,TRACKING,0.17,0.19,34.8,2.61,1,0,0,1.000,0.000000,1.0000
678,0.467,293.0,271.0,293.0,271.0,-27.0,31.0,41.11,0.2570,0.96,DETECTED,TRACKING,0.17,0.19,30.8,2.55,1,0,0,1.000,0.000000,1.0000
679,0.467,293.0,271.0,293.0,271.0,-27.0,31.0,41.11,0.2570,0.96,DETECTED,TRACKING,0.17,0.19,27.2,3.13,1,0,0,1.000,0.000000,1.0000
680,0.467,293.0,271.0,293.0,271.0,-27.0,31.0,41.11,0.2570,0.96,DETECTED,TRACKING,0.17,0.19,32.0,2.81,1,0,0,1.000,0.000000,1.0000
681,0.467,293.0,271.0,293.0,271.0,-27.0,31.0,41.11,0.2570,0.96,DETECTED,TRACKING,0.17,0.19,36.3,3.97,1,0,0,1.000,0.000000,1.0000
682,0.467,293.0,271.0,293.0,271.0,-27.0,31.0,41.11,0.2570,0.96,DETECTED,TRACKING,0.17,0.19,29.1,5.90,1,0,0,1.000,0.000000,1.0000
683,0.467,293.0,271.0,293.0,271.0,-27.0,31.0,41.11,0.2570,0.96,DETECTED,TRACKING,0.17,0.19,24.7,9.17,1,0,0,1.000,0.000000,1.0000
684,0.467,293.0,271.0,293.0,271.0,-27.0,31.0,41.11,0.2570,0.96,DETECTED,TRACKING,0.17,0.19,19.9,5.65,1,0,0,1.000,0.000000,1.0000
685,0.467,293.0,271.0,293.0,271.0,-27.0,31.0,41.11,0.2570,0.96,DETECTED,TRACKING,0.17,0.19,27.8,3.65,1,0,0,1.000,0.000000,1.0000
686,0.467,293.0,271.0,293.0,271.0,-27.0,31.0,41.11,0.2570,0.96,DETECTED,TRACKING,0.17,0.19,29.4,3.15,1,0,0,1.000,0.000000,1.0000
687,0.467,293.0,271.0,293.0,271.0,-27.0,31.0,41.11,0.2570,0.96,DETECTED,TRACKING,0.17,0.19,28.7,3.41,1,0,0,1.000,0.000000,1.0000
688,0.467,293.0,271.0,293.0,271.0,-27.0,31.0,41.11,0.2570,0.96,DETECTED,TRACKING,0.17,0.19,33.8,2.63,1,0,0,1.000,0.000000,1.0000
689,0.467,293.0,271.0,293.0,271.0,-27.0,31.0,41.11,0.2570,0.96,DETECTED,TRACKING,0.17,0.19,26.8,3.02,1,0,0,1.000,0.000000,1.0000
690,0.467,293.0,271.0,293.0,271.0,-27.0,31.0,41.11,0.2570,0.96,DETECTED,TRACKING,0.17,0.19,31.7,2.89,1,0,0,1.000,0.000000,1.0000
691,0.467,293.0,271.0,293.0,271.0,-27.0,31.0,41.11,0.2570,0.96,DETECTED,TRACKING,0.17,0.19,31.2,3.39,1,0,0,1.000,0.000000,1.0000
692,0.467,293.0,271.0,293.0,271.0,-27.0,31.0,41.11,0.2570,0.96,DETECTED,TRACKING,0.17,0.19,28.1,5.25,1,0,0,1.000,0.000000,1.0000
693,0.467,293.0,271.0,293.0,271.0,-27.0,31.0,41.11,0.2570,0.96,DETECTED,TRACKING,0.17,0.19,26.8,4.32,1,0,0,1.000,0.000000,1.0000
694,0.467,293.0,271.0,293.0,271.0,-27.0,31.0,41.11,0.2570,0.96,DETECTED,TRACKING,0.17,0.19,31.5,2.48,1,0,0,1.000,0.000000,1.0000
695,0.467,293.0,271.0,293.0,271.0,-27.0,31.0,41.11,0.2570,0.96,DETECTED,TRACKING,0.17,0.19,31.7,3.68,1,0,0,1.000,0.000000,1.0000
696,0.467,293.0,271.0,293.0,271.0,-27.0,31.0,41.11,0.2570,0.96,DETECTED,TRACKING,0.17,0.19,30.0,3.18,1,0,0,1.000,0.000000,1.0000
697,0.467,293.0,271.0,293.0,271.0,-27.0,31.0,41.11,0.2570,0.96,DETECTED,TRACKING,0.17,0.19,27.1,3.22,1,0,0,1.000,0.000000,1.0000
698,0.467,293.0,271.0,293.0,271.0,-27.0,31.0,41.11,0.2570,0.96,DETECTED,TRACKING,0.17,0.19,31.9,2.84,1,0,0,1.000,0.000000,1.0000
699,0.467,293.0,271.0,293.0,271.0,-27.0,31.0,41.11,0.2570,0.96,DETECTED,TRACKING,0.17,0.19,23.7,6.72,1,0,0,1.000,0.000000,1.0000
700,0.467,293.0,271.0,293.0,271.0,-27.0,31.0,41.11,0.2570,0.96,DETECTED,TRACKING,0.17,0.19,25.5,3.99,1,0,0,1.000,0.000000,1.0000
701,0.467,293.0,271.0,293.0,271.0,-27.0,31.0,41.11,0.2570,0.96,DETECTED,TRACKING,0.17,0.19,31.2,4.51,1,0,0,1.000,0.000000,1.0000
702,0.467,293.0,271.0,293.0,271.0,-27.0,31.0,41.11,0.2570,0.96,DETECTED,TRACKING,0.17,0.19,30.3,4.31,1,0,0,1.000,0.000000,1.0000
703,0.467,293.0,271.0,293.0,271.0,-27.0,31.0,41.11,0.2570,0.96,DETECTED,TRACKING,0.17,0.19,29.8,7.27,1,0,0,1.000,0.000000,1.0000
704,0.467,293.0,271.0,293.0,271.0,-27.0,31.0,41.11,0.2570,0.96,DETECTED,TRACKING,0.17,0.19,30.0,3.90,1,0,0,1.000,0.000000,1.0000
705,0.467,293.0,271.0,293.0,271.0,-27.0,31.0,41.11,0.2570,0.96,DETECTED,TRACKING,0.17,0.19,28.7,5.19,1,0,0,1.000,0.000000,1.0000
706,0.467,293.0,271.0,293.0,271.0,-27.0,31.0,41.11,0.2570,0.96,DETECTED,TRACKING,0.17,0.19,31.1,2.76,1,0,0,1.000,0.000000,1.0000
707,0.467,293.0,271.0,293.0,271.0,-27.0,31.0,41.11,0.2570,0.96,DETECTED,TRACKING,0.17,0.19,28.6,4.45,1,0,0,1.000,0.000000,1.0000
708,0.467,293.0,271.0,293.0,271.0,-27.0,31.0,41.11,0.2570,0.96,DETECTED,TRACKING,0.17,0.19,34.8,4.38,1,0,0,1.000,0.000000,1.0000
709,0.467,293.0,271.0,293.0,271.0,-27.0,31.0,41.11,0.2570,0.96,DETECTED,TRACKING,0.17,0.19,31.2,5.12,1,0,0,1.000,0.000000,1.0000
710,0.467,293.0,271.0,293.0,271.0,-27.0,31.0,41.11,0.2570,0.96,DETECTED,TRACKING,0.17,0.19,32.2,3.98,1,0,0,1.000,0.000000,1.0000
711,0.467,293.0,271.0,293.0,271.0,-27.0,31.0,41.11,0.2570,0.96,DETECTED,TRACKING,0.17,0.19,28.2,5.17,1,0,0,1.000,0.000000,1.0000
712,0.467,293.0,271.0,293.0,271.0,-27.0,31.0,41.11,0.2570,0.96,DETECTED,TRACKING,0.17,0.19,25.7,2.82,1,0,0,1.000,0.000000,1.0000
713,0.467,293.0,271.0,293.0,271.0,-27.0,31.0,41.11,0.2570,0.96,DETECTED,TRACKING,0.17,0.19,29.3,3.57,1,0,0,1.000,0.000000,1.0000
714,0.467,293.0,271.0,293.0,271.0,-27.0,31.0,41.11,0.2570,0.96,DETECTED,TRACKING,0.17,0.19,32.1,4.38,1,0,0,1.000,0.000000,1.0000
715,0.467,293.0,271.0,293.0,271.0,-27.0,31.0,41.11,0.2570,0.96,DETECTED,TRACKING,0.17,0.19,32.5,4.02,1,0,0,1.000,0.000000,1.0000
716,0.467,293.0,271.0,293.0,271.0,-27.0,31.0,41.11,0.2570,0.96,DETECTED,TRACKING,0.17,0.19,32.0,4.19,1,0,0,1.000,0.000000,1.0000
717,0.467,293.0,271.0,293.0,271.0,-27.0,31.0,41.11,0.2570,0.96,DETECTED,TRACKING,0.17,0.19,30.1,3.78,1,0,0,1.000,0.000000,1.0000
718,0.467,293.0,271.0,293.0,271.0,-27.0,31.0,41.11,0.2570,0.96,DETECTED,TRACKING,0.17,0.19,30.4,4.73,1,0,0,1.000,0.000000,1.0000
719,0.467,293.0,271.0,293.0,271.0,-27.0,31.0,41.11,0.2570,0.96,DETECTED,TRACKING,0.17,0.19,28.3,4.14,1,0,0,1.000,0.000000,1.0000
720,0.467,293.0,271.0,293.0,271.0,-27.0,31.0,41.11,0.2570,0.96,DETECTED,TRACKING,0.17,0.19,29.7,3.68,1,0,0,1.000,0.000000,1.0000
721,0.467,293.0,271.0,293.0,271.0,-27.0,31.0,41.11,0.2570,0.96,DETECTED,TRACKING,0.17,0.19,30.4,4.94,1,0,0,1.000,0.000000,1.0000
722,0.467,293.0,271.0,293.0,271.0,-27.0,31.0,41.11,0.2570,0.96,DETECTED,TRACKING,0.17,0.19,27.5,4.52,1,0,0,1.000,0.000000,1.0000
723,0.467,293.0,271.0,293.0,271.0,-27.0,31.0,41.11,0.2570,0.96,DETECTED,TRACKING,0.17,0.19,28.8,3.52,1,0,0,1.000,0.000000,1.0000
724,0.467,293.0,271.0,293.0,271.0,-27.0,31.0,41.11,0.2570,0.96,DETECTED,TRACKING,0.17,0.19,29.1,4.75,1,0,0,1.000,0.000000,1.0000
725,0.467,293.0,271.0,293.0,271.0,-27.0,31.0,41.11,0.2570,0.96,DETECTED,TRACKING,0.17,0.19,28.6,4.21,1,0,0,1.000,0.000000,1.0000
726,0.467,293.0,271.0,293.0,271.0,-27.0,31.0,41.11,0.2570,0.96,DETECTED,TRACKING,0.17,0.19,24.5,3.34,1,0,0,1.000,0.000000,1.0000
727,0.467,293.0,271.0,293.0,271.0,-27.0,31.0,41.11,0.2570,0.96,DETECTED,TRACKING,0.17,0.19,32.5,2.81,1,0,0,1.000,0.000000,1.0000
728,0.467,293.0,271.0,293.0,271.0,-27.0,31.0,41.11,0.2570,0.96,DETECTED,TRACKING,0.17,0.19,32.7,3.03,1,0,0,1.000,0.000000,1.0000
729,0.467,293.0,271.0,293.0,271.0,-27.0,31.0,41.11,0.2570,0.96,DETECTED,TRACKING,0.17,0.19,26.8,2.12,1,0,0,1.000,0.000000,1.0000
730,0.467,293.0,271.0,293.0,271.0,-27.0,31.0,41.11,0.2570,0.96,DETECTED,TRACKING,0.17,0.19,36.1,2.57,1,0,0,1.000,0.000000,1.0000
731,0.467,293.0,271.0,293.0,271.0,-27.0,31.0,41.11,0.2570,0.96,DETECTED,TRACKING,0.17,0.19,28.3,3.35,1,0,0,1.000,0.000000,1.0000
732,0.467,293.0,271.0,293.0,271.0,-27.0,31.0,41.11,0.2570,0.96,DETECTED,TRACKING,0.17,0.19,32.6,3.98,1,0,0,1.000,0.000000,1.0000
733,0.467,293.0,271.0,293.0,271.0,-27.0,31.0,41.11,0.2570,0.96,DETECTED,TRACKING,0.17,0.19,32.1,3.18,1,0,0,1.000,0.000000,1.0000
734,0.467,293.0,271.0,293.0,271.0,-27.0,31.0,41.11,0.2570,0.96,DETECTED,TRACKING,0.17,0.19,23.8,4.05,1,0,0,1.000,0.000000,1.0000
735,0.467,293.0,271.0,293.0,271.0,-27.0,31.0,41.11,0.2570,0.96,DETECTED,TRACKING,0.17,0.19,28.4,2.77,1,0,0,1.000,0.000000,1.0000
736,0.467,293.0,271.0,293.0,271.0,-27.0,31.0,41.11,0.2570,0.96,DETECTED,TRACKING,0.17,0.19,26.0,3.41,1,0,0,1.000,0.000000,1.0000
737,0.467,293.0,271.0,293.0,271.0,-27.0,31.0,41.11,0.2570,0.96,DETECTED,TRACKING,0.17,0.19,21.3,2.80,1,0,0,1.000,0.000000,1.0000
738,0.467,293.0,271.0,293.0,271.0,-27.0,31.0,41.11,0.2570,0.96,DETECTED,TRACKING,0.17,0.19,33.8,5.08,1,0,0,1.000,0.000000,1.0000
739,0.467,293.0,271.0,293.0,271.0,-27.0,31.0,41.11,0.2570,0.96,DETECTED,TRACKING,0.17,0.19,29.5,3.35,1,0,0,1.000,0.000000,1.0000
740,0.467,293.0,271.0,293.0,271.0,-27.0,31.0,41.11,0.2570,0.96,DETECTED,TRACKING,0.17,0.19,37.5,2.61,1,0,0,1.000,0.000000,1.0000
741,0.467,293.0,271.0,293.0,271.0,-27.0,31.0,41.11,0.2570,0.96,DETECTED,TRACKING,0.17,0.19,32.0,3.78,1,0,0,1.000,0.000000,1.0000
742,0.467,293.0,271.0,293.0,271.0,-27.0,31.0,41.11,0.2570,0.96,DETECTED,TRACKING,0.17,0.19,28.8,2.73,1,0,0,1.000,0.000000,1.0000
743,0.467,293.0,271.0,293.0,271.0,-27.0,31.0,41.11,0.2570,0.96,DETECTED,TRACKING,0.17,0.19,25.4,5.12,1,0,0,1.000,0.000000,1.0000
744,0.467,293.0,271.0,293.0,271.0,-27.0,31.0,41.11,0.2570,0.96,DETECTED,TRACKING,0.17,0.19,26.6,2.97,1,0,0,1.000,0.000000,1.0000
745,0.467,293.0,271.0,293.0,271.0,-27.0,31.0,41.11,0.2570,0.96,DETECTED,TRACKING,0.17,0.19,32.3,7.53,1,0,0,1.000,0.000000,1.0000
746,0.467,293.0,271.0,293.0,271.0,-27.0,31.0,41.11,0.2570,0.96,DETECTED,TRACKING,0.17,0.19,28.3,2.80,1,0,0,1.000,0.000000,1.0000
747,0.467,293.0,271.0,293.0,271.0,-27.0,31.0,41.11,0.2570,0.96,DETECTED,TRACKING,0.17,0.19,35.1,3.16,1,0,0,1.000,0.000000,1.0000
748,0.467,293.0,271.0,293.0,271.0,-27.0,31.0,41.11,0.2570,0.96,DETECTED,TRACKING,0.17,0.19,32.8,4.17,1,0,0,1.000,0.000000,1.0000
749,0.467,293.0,271.0,293.0,271.0,-27.0,31.0,41.11,0.2570,0.96,DETECTED,TRACKING,0.17,0.19,31.5,3.33,1,0,0,1.000,0.000000,1.0000
750,0.467,293.0,271.0,293.0,271.0,-27.0,31.0,41.11,0.2570,0.96,DETECTED,TRACKING,0.17,0.19,28.6,2.90,1,0,0,1.000,0.000000,1.0000
751,0.467,293.0,271.0,293.0,271.0,-27.0,31.0,41.11,0.2570,0.96,DETECTED,TRACKING,0.17,0.19,27.9,7.98,1,0,0,1.000,0.000000,1.0000
752,0.467,293.0,271.0,293.0,271.0,-27.0,31.0,41.11,0.2570,0.96,DETECTED,TRACKING,0.17,0.19,26.8,2.83,1,0,0,1.000,0.000000,1.0000
753,0.467,293.0,271.0,293.0,271.0,-27.0,31.0,41.11,0.2570,0.96,DETECTED,TRACKING,0.17,0.19,32.0,23.14,1,0,0,1.000,0.000000,1.0000
754,0.467,293.0,271.0,293.0,271.0,-27.0,31.0,41.11,0.2570,0.96,DETECTED,TRACKING,0.17,0.19,18.4,23.41,1,0,0,1.000,0.000000,1.0000
755,0.467,293.0,271.0,293.0,271.0,-27.0,31.0,41.11,0.2570,0.96,DETECTED,TRACKING,0.17,0.19,19.7,5.00,1,0,0,1.000,0.000000,1.0000
756,0.467,293.0,271.0,293.0,271.0,-27.0,31.0,41.11,0.2570,0.96,DETECTED,TRACKING,0.17,0.19,30.9,2.96,1,0,0,1.000,0.000000,1.0000
757,0.467,293.0,271.0,293.0,271.0,-27.0,31.0,41.11,0.2570,0.96,DETECTED,TRACKING,0.17,0.19,27.3,2.65,1,0,0,1.000,0.000000,1.0000
758,0.467,293.0,271.0,293.0,271.0,-27.0,31.0,41.11,0.2570,0.96,DETECTED,TRACKING,0.17,0.19,27.6,3.38,1,0,0,1.000,0.000000,1.0000
759,0.467,293.0,271.0,293.0,271.0,-27.0,31.0,41.11,0.2570,0.96,DETECTED,TRACKING,0.17,0.19,27.7,3.81,1,0,0,1.000,0.000000,1.0000
760,0.467,293.0,271.0,293.0,271.0,-27.0,31.0,41.11,0.2570,0.96,DETECTED,TRACKING,0.17,0.19,22.7,2.75,1,0,0,1.000,0.000000,1.0000
761,0.467,293.0,271.0,293.0,271.0,-27.0,31.0,41.11,0.2570,0.96,DETECTED,TRACKING,0.17,0.19,27.9,2.79,1,0,0,1.000,0.000000,1.0000
762,0.467,293.0,271.0,293.0,271.0,-27.0,31.0,41.11,0.2570,0.96,DETECTED,TRACKING,0.17,0.19,32.1,2.75,1,0,0,1.000,0.000000,1.0000
763,0.467,293.0,271.0,293.0,271.0,-27.0,31.0,41.11,0.2570,0.96,DETECTED,TRACKING,0.17,0.19,32.5,7.75,1,0,0,1.000,0.000000,1.0000
764,0.467,293.0,271.0,293.0,271.0,-27.0,31.0,41.11,0.2570,0.96,DETECTED,TRACKING,0.17,0.19,27.7,3.59,1,0,0,1.000,0.000000,1.0000
765,0.467,293.0,271.0,293.0,271.0,-27.0,31.0,41.11,0.2570,0.96,DETECTED,TRACKING,0.17,0.19,18.1,4.90,1,0,0,1.000,0.000000,1.0000
766,0.467,293.0,271.0,293.0,271.0,-27.0,31.0,41.11,0.2570,0.96,DETECTED,TRACKING,0.17,0.19,21.5,4.80,1,0,0,1.000,0.000000,1.0000
767,0.467,293.0,271.0,293.0,271.0,-27.0,31.0,41.11,0.2570,0.96,DETECTED,TRACKING,0.17,0.19,15.8,4.09,1,0,0,1.000,0.000000,1.0000
768,0.467,293.0,271.0,293.0,271.0,-27.0,31.0,41.11,0.2570,0.96,DETECTED,TRACKING,0.17,0.19,34.9,2.26,1,0,0,1.000,0.000000,1.0000
769,0.467,293.0,271.0,293.0,271.0,-27.0,31.0,41.11,0.2570,0.96,DETECTED,TRACKING,0.17,0.19,36.7,3.36,1,0,0,1.000,0.000000,1.0000
770,0.467,293.0,271.0,293.0,271.0,-27.0,31.0,41.11,0.2570,0.96,DETECTED,TRACKING,0.17,0.19,35.4,2.34,1,0,0,1.000,0.000000,1.0000
771,0.467,293.0,271.0,293.0,271.0,-27.0,31.0,41.11,0.2570,0.96,DETECTED,TRACKING,0.17,0.19,32.7,3.76,1,0,0,1.000,0.000000,1.0000
772,0.467,293.0,271.0,293.0,271.0,-27.0,31.0,41.11,0.2570,0.96,DETECTED,TRACKING,0.17,0.19,31.6,6.40,1,0,0,1.000,0.000000,1.0000
773,0.467,293.0,271.0,293.0,271.0,-27.0,31.0,41.11,0.2570,0.96,DETECTED,TRACKING,0.17,0.19,28.3,2.86,1,0,0,1.000,0.000000,1.0000
774,0.467,293.0,271.0,293.0,271.0,-27.0,31.0,41.11,0.2570,0.96,DETECTED,TRACKING,0.17,0.19,32.4,4.17,1,0,0,1.000,0.000000,1.0000
775,0.467,293.0,271.0,293.0,271.0,-27.0,31.0,41.11,0.2570,0.96,DETECTED,TRACKING,0.17,0.19,27.3,4.90,1,0,0,1.000,0.000000,1.0000
776,0.467,293.0,271.0,293.0,271.0,-27.0,31.0,41.11,0.2570,0.96,DETECTED,TRACKING,0.17,0.19,27.9,2.68,1,0,0,1.000,0.000000,1.0000
777,0.467,293.0,271.0,293.0,271.0,-27.0,31.0,41.11,0.2570,0.96,DETECTED,TRACKING,0.17,0.19,38.0,3.90,1,0,0,1.000,0.000000,1.0000
778,0.467,293.0,271.0,293.0,271.0,-27.0,31.0,41.11,0.2570,0.96,DETECTED,TRACKING,0.17,0.19,34.0,3.86,1,0,0,1.000,0.000000,1.0000
779,0.467,293.0,271.0,293.0,271.0,-27.0,31.0,41.11,0.2570,0.96,DETECTED,TRACKING,0.17,0.19,35.3,2.32,1,0,0,1.000,0.000000,1.0000
780,0.467,293.0,271.0,293.0,271.0,-27.0,31.0,41.11,0.2570,0.96,DETECTED,TRACKING,0.17,0.19,27.2,2.44,1,0,0,1.000,0.000000,1.0000
781,0.467,293.0,271.0,293.0,271.0,-27.0,31.0,41.11,0.2570,0.96,DETECTED,TRACKING,0.17,0.19,37.4,3.55,1,0,0,1.000,0.000000,1.0000
782,0.467,293.0,271.0,293.0,271.0,-27.0,31.0,41.11,0.2570,0.96,DETECTED,TRACKING,0.17,0.19,29.5,3.32,1,0,0,1.000,0.000000,1.0000
783,0.467,293.0,271.0,293.0,271.0,-27.0,31.0,41.11,0.2570,0.96,DETECTED,TRACKING,0.17,0.19,32.7,1.94,1,0,0,1.000,0.000000,1.0000
784,0.467,293.0,271.0,293.0,271.0,-27.0,31.0,41.11,0.2570,0.96,DETECTED,TRACKING,0.17,0.19,24.6,3.40,1,0,0,1.000,0.000000,1.0000
785,0.467,293.0,271.0,293.0,271.0,-27.0,31.0,41.11,0.2570,0.96,DETECTED,TRACKING,0.17,0.19,32.2,2.85,1,0,0,1.000,0.000000,1.0000
786,0.467,293.0,271.0,293.0,271.0,-27.0,31.0,41.11,0.2570,0.96,DETECTED,TRACKING,0.17,0.19,31.6,2.15,1,0,0,1.000,0.000000,1.0000
787,0.467,293.0,271.0,293.0,271.0,-27.0,31.0,41.11,0.2570,0.96,DETECTED,TRACKING,0.17,0.19,29.3,3.92,1,0,0,1.000,0.000000,1.0000
788,0.467,293.0,271.0,293.0,271.0,-27.0,31.0,41.11,0.2570,0.96,DETECTED,TRACKING,0.17,0.19,26.5,5.10,1,0,0,1.000,0.000000,1.0000
789,0.467,293.0,271.0,293.0,271.0,-27.0,31.0,41.11,0.2570,0.96,DETECTED,TRACKING,0.17,0.19,27.2,6.84,1,0,0,1.000,0.000000,1.0000
790,0.467,293.0,271.0,293.0,271.0,-27.0,31.0,41.11,0.2570,0.96,DETECTED,TRACKING,0.17,0.19,25.0,7.17,1,0,0,1.000,0.000000,1.0000
791,0.467,293.0,271.0,293.0,271.0,-27.0,31.0,41.11,0.2570,0.96,DETECTED,TRACKING,0.17,0.19,20.2,2.79,1,0,0,1.000,0.000000,1.0000
792,0.467,293.0,271.0,293.0,271.0,-27.0,31.0,41.11,0.2570,0.96,DETECTED,TRACKING,0.17,0.19,29.8,5.04,1,0,0,1.000,0.000000,1.0000
793,0.467,293.0,271.0,293.0,271.0,-27.0,31.0,41.11,0.2570,0.96,DETECTED,TRACKING,0.17,0.19,26.3,3.12,1,0,0,1.000,0.000000,1.0000
794,0.467,293.0,271.0,293.0,271.0,-27.0,31.0,41.11,0.2570,0.96,DETECTED,TRACKING,0.17,0.19,28.3,3.03,1,0,0,1.000,0.000000,1.0000
795,0.467,293.0,271.0,293.0,271.0,-27.0,31.0,41.11,0.2570,0.96,DETECTED,TRACKING,0.17,0.19,32.5,3.65,1,0,0,1.000,0.000000,1.0000
796,0.467,293.0,271.0,293.0,271.0,-27.0,31.0,41.11,0.2570,0.96,DETECTED,TRACKING,0.17,0.19,26.9,3.04,1,0,0,1.000,0.000000,1.0000
797,0.467,293.0,271.0,293.0,271.0,-27.0,31.0,41.11,0.2570,0.96,DETECTED,TRACKING,0.17,0.19,33.9,3.07,1,0,0,1.000,0.000000,1.0000
798,0.467,293.0,271.0,293.0,271.0,-27.0,31.0,41.11,0.2570,0.96,DETECTED,TRACKING,0.17,0.19,32.9,3.44,1,0,0,1.000,0.000000,1.0000
799,0.467,293.0,271.0,293.0,271.0,-27.0,31.0,41.11,0.2570,0.96,DETECTED,TRACKING,0.17,0.19,34.2,5.11,1,0,0,1.000,0.000000,1.0000
800,0.467,293.0,271.0,293.0,271.0,-27.0,31.0,41.11,0.2570,0.96,DETECTED,TRACKING,0.17,0.19,32.3,5.15,1,0,0,1.000,0.000000,1.0000
801,0.467,293.0,271.0,293.0,271.0,-27.0,31.0,41.11,0.2570,0.96,DETECTED,TRACKING,0.17,0.19,25.5,8.26,1,0,0,1.000,0.000000,1.0000
802,0.467,293.0,271.0,293.0,271.0,-27.0,31.0,41.11,0.2570,0.96,DETECTED,TRACKING,0.17,0.19,27.9,3.50,1,0,0,1.000,0.000000,1.0000
803,0.467,293.0,271.0,293.0,271.0,-27.0,31.0,41.11,0.2570,0.96,DETECTED,TRACKING,0.17,0.19,29.1,5.03,1,0,0,1.000,0.000000,1.0000
804,0.467,293.0,271.0,293.0,271.0,-27.0,31.0,41.11,0.2570,0.96,DETECTED,TRACKING,0.17,0.19,27.1,3.30,1,0,0,1.000,0.000000,1.0000
805,0.467,293.0,271.0,293.0,271.0,-27.0,31.0,41.11,0.2570,0.96,DETECTED,TRACKING,0.17,0.19,30.5,2.95,1,0,0,1.000,0.000000,1.0000
806,0.467,293.0,271.0,293.0,271.0,-27.0,31.0,41.11,0.2570,0.96,DETECTED,TRACKING,0.17,0.19,25.4,6.00,1,0,0,1.000,0.000000,1.0000
807,0.467,293.0,271.0,293.0,271.0,-27.0,31.0,41.11,0.2570,0.96,DETECTED,TRACKING,0.17,0.19,33.8,4.80,1,0,0,1.000,0.000000,1.0000
808,0.467,293.0,271.0,293.0,271.0,-27.0,31.0,41.11,0.2570,0.96,DETECTED,TRACKING,0.17,0.19,35.5,8.85,1,0,0,1.000,0.000000,1.0000
809,0.467,293.0,271.0,293.0,271.0,-27.0,31.0,41.11,0.2570,0.96,DETECTED,TRACKING,0.17,0.19,22.7,5.09,1,0,0,1.000,0.000000,1.0000
810,0.467,293.0,271.0,293.0,271.0,-27.0,31.0,41.11,0.2570,0.96,DETECTED,TRACKING,0.17,0.19,23.1,4.17,1,0,0,1.000,0.000000,1.0000
811,0.467,293.0,271.0,293.0,271.0,-27.0,31.0,41.11,0.2570,0.96,DETECTED,TRACKING,0.17,0.19,26.9,2.97,1,0,0,1.000,0.000000,1.0000
812,0.467,293.0,271.0,293.0,271.0,-27.0,31.0,41.11,0.2570,0.96,DETECTED,TRACKING,0.17,0.19,21.2,3.77,1,0,0,1.000,0.000000,1.0000
813,0.467,293.0,271.0,293.0,271.0,-27.0,31.0,41.11,0.2570,0.96,DETECTED,TRACKING,0.17,0.19,22.7,2.59,1,0,0,1.000,0.000000,1.0000
814,0.467,293.0,271.0,293.0,271.0,-27.0,31.0,41.11,0.2570,0.96,DETECTED,TRACKING,0.17,0.19,23.8,3.87,1,0,0,1.000,0.000000,1.0000
815,0.467,293.0,271.0,293.0,271.0,-27.0,31.0,41.11,0.2570,0.96,DETECTED,TRACKING,0.17,0.19,26.7,4.18,1,0,0,1.000,0.000000,1.0000
816,0.467,293.0,271.0,293.0,271.0,-27.0,31.0,41.11,0.2570,0.96,DETECTED,TRACKING,0.17,0.19,22.2,3.23,1,0,0,1.000,0.000000,1.0000
817,0.467,293.0,271.0,293.0,271.0,-27.0,31.0,41.11,0.2570,0.96,DETECTED,TRACKING,0.17,0.19,29.1,2.53,1,0,0,1.000,0.000000,1.0000
818,0.467,293.0,271.0,293.0,271.0,-27.0,31.0,41.11,0.2570,0.96,DETECTED,TRACKING,0.17,0.19,25.0,2.44,1,0,0,1.000,0.000000,1.0000
819,0.467,293.0,271.0,293.0,271.0,-27.0,31.0,41.11,0.2570,0.96,DETECTED,TRACKING,0.17,0.19,25.8,3.58,1,0,0,1.000,0.000000,1.0000
820,0.467,293.0,271.0,293.0,271.0,-27.0,31.0,41.11,0.2570,0.96,DETECTED,TRACKING,0.17,0.19,24.7,2.73,1,0,0,1.000,0.000000,1.0000
821,0.467,293.0,271.0,293.0,271.0,-27.0,31.0,41.11,0.2570,0.96,DETECTED,TRACKING,0.17,0.19,26.0,3.00,1,0,0,1.000,0.000000,1.0000
822,0.467,293.0,271.0,293.0,271.0,-27.0,31.0,41.11,0.2570,0.96,DETECTED,TRACKING,0.17,0.19,21.7,4.79,1,0,0,1.000,0.000000,1.0000
823,0.467,293.0,271.0,293.0,271.0,-27.0,31.0,41.11,0.2570,0.96,DETECTED,TRACKING,0.17,0.19,29.9,2.76,1,0,0,1.000,0.000000,1.0000
824,0.467,293.0,271.0,293.0,271.0,-27.0,31.0,41.11,0.2570,0.96,DETECTED,TRACKING,0.17,0.19,28.4,2.98,1,0,0,1.000,0.000000,1.0000
825,0.467,293.0,271.0,293.0,271.0,-27.0,31.0,41.11,0.2570,0.96,DETECTED,TRACKING,0.17,0.19,26.0,3.12,1,0,0,1.000,0.000000,1.0000
826,0.467,293.0,271.0,293.0,271.0,-27.0,31.0,41.11,0.2570,0.96,DETECTED,TRACKING,0.17,0.19,23.9,2.92,1,0,0,1.000,0.000000,1.0000
827,0.467,293.0,271.0,293.0,271.0,-27.0,31.0,41.11,0.2570,0.96,DETECTED,TRACKING,0.17,0.19,25.1,3.00,1,0,0,1.000,0.000000,1.0000
828,0.467,293.0,271.0,293.0,271.0,-27.0,31.0,41.11,0.2570,0.96,DETECTED,TRACKING,0.17,0.19,26.5,4.89,1,0,0,1.000,0.000000,1.0000
829,0.467,293.0,271.0,293.0,271.0,-27.0,31.0,41.11,0.2570,0.96,DETECTED,TRACKING,0.17,0.19,23.9,4.56,1,0,0,1.000,0.000000,1.0000
830,0.467,293.0,271.0,293.0,271.0,-27.0,31.0,41.11,0.2570,0.96,DETECTED,TRACKING,0.17,0.19,18.4,2.50,1,0,0,1.000,0.000000,1.0000
831,0.467,293.0,271.0,293.0,271.0,-27.0,31.0,41.11,0.2570,0.96,DETECTED,TRACKING,0.17,0.19,24.7,2.60,1,0,0,1.000,0.000000,1.0000
832,0.467,293.0,271.0,293.0,271.0,-27.0,31.0,41.11,0.2570,0.96,DETECTED,TRACKING,0.17,0.19,21.7,4.47,1,0,0,1.000,0.000000,1.0000
833,0.467,293.0,271.0,293.0,271.0,-27.0,31.0,41.11,0.2570,0.96,DETECTED,TRACKING,0.17,0.19,20.7,2.83,1,0,0,1.000,0.000000,1.0000
834,0.467,293.0,271.0,293.0,271.0,-27.0,31.0,41.11,0.2570,0.96,DETECTED,TRACKING,0.17,0.19,24.6,3.07,1,0,0,1.000,0.000000,1.0000
835,0.467,293.0,271.0,293.0,271.0,-27.0,31.0,41.11,0.2570,0.96,DETECTED,TRACKING,0.17,0.19,18.3,2.64,1,0,0,1.000,0.000000,1.0000
836,0.467,293.0,271.0,293.0,271.0,-27.0,31.0,41.11,0.2570,0.96,DETECTED,TRACKING,0.17,0.19,27.2,2.26,1,0,0,1.000,0.000000,1.0000
837,0.467,293.0,271.0,293.0,271.0,-27.0,31.0,41.11,0.2570,0.96,DETECTED,TRACKING,0.17,0.19,28.4,3.20,1,0,0,1.000,0.000000,1.0000
838,0.467,293.0,271.0,293.0,271.0,-27.0,31.0,41.11,0.2570,0.96,DETECTED,TRACKING,0.17,0.19,23.5,5.37,1,0,0,1.000,0.000000,1.0000
839,0.467,293.0,271.0,293.0,271.0,-27.0,31.0,41.11,0.2570,0.96,DETECTED,TRACKING,0.17,0.19,27.1,3.29,1,0,0,1.000,0.000000,1.0000
840,0.467,293.0,271.0,293.0,271.0,-27.0,31.0,41.11,0.2570,0.96,DETECTED,TRACKING,0.17,0.19,22.7,3.23,1,0,0,1.000,0.000000,1.0000
841,0.467,293.0,271.0,293.0,271.0,-27.0,31.0,41.11,0.2570,0.96,DETECTED,TRACKING,0.17,0.19,24.1,5.40,1,0,0,1.000,0.000000,1.0000
842,0.467,293.0,271.0,293.0,271.0,-27.0,31.0,41.11,0.2570,0.96,DETECTED,TRACKING,0.17,0.19,22.8,2.34,1,0,0,1.000,0.000000,1.0000
843,0.467,293.0,271.0,293.0,271.0,-27.0,31.0,41.11,0.2570,0.96,DETECTED,TRACKING,0.17,0.19,24.9,3.22,1,0,0,1.000,0.000000,1.0000
844,0.467,293.0,271.0,293.0,271.0,-27.0,31.0,41.11,0.2570,0.96,DETECTED,TRACKING,0.17,0.19,19.7,5.06,1,0,0,1.000,0.000000,1.0000
845,0.467,293.0,271.0,293.0,271.0,-27.0,31.0,41.11,0.2570,0.96,DETECTED,TRACKING,0.17,0.19,23.8,6.16,1,0,0,1.000,0.000000,1.0000
846,0.467,293.0,271.0,293.0,271.0,-27.0,31.0,41.11,0.2570,0.96,DETECTED,TRACKING,0.17,0.19,20.8,2.52,1,0,0,1.000,0.000000,1.0000
847,0.467,293.0,271.0,293.0,271.0,-27.0,31.0,41.11,0.2570,0.96,DETECTED,TRACKING,0.17,0.19,25.9,3.58,1,0,0,1.000,0.000000,1.0000
848,0.467,293.0,271.0,293.0,271.0,-27.0,31.0,41.11,0.2570,0.96,DETECTED,TRACKING,0.17,0.19,26.2,4.71,1,0,0,1.000,0.000000,1.0000
849,0.467,293.0,271.0,293.0,271.0,-27.0,31.0,41.11,0.2570,0.96,DETECTED,TRACKING,0.17,0.19,23.6,3.93,1,0,0,1.000,0.000000,1.0000
850,0.467,293.0,271.0,293.0,271.0,-27.0,31.0,41.11,0.2570,0.96,DETECTED,TRACKING,0.17,0.19,23.4,4.79,1,0,0,1.000,0.000000,1.0000
851,0.467,293.0,271.0,293.0,271.0,-27.0,31.0,41.11,0.2570,0.96,DETECTED,TRACKING,0.17,0.19,21.9,5.54,1,0,0,1.000,0.000000,1.0000
852,0.467,293.0,271.0,293.0,271.0,-27.0,31.0,41.11,0.2570,0.96,DETECTED,TRACKING,0.17,0.19,13.6,5.40,1,0,0,1.000,0.000000,1.0000
853,0.467,293.0,271.0,293.0,271.0,-27.0,31.0,41.11,0.2570,0.96,DETECTED,TRACKING,0.17,0.19,11.5,6.13,1,0,0,1.000,0.000000,1.0000
854,0.467,293.0,271.0,293.0,271.0,-27.0,31.0,41.11,0.2570,0.96,DETECTED,TRACKING,0.17,0.19,24.4,4.82,1,0,0,1.000,0.000000,1.0000
855,0.467,293.0,271.0,293.0,271.0,-27.0,31.0,41.11,0.2570,0.96,DETECTED,TRACKING,0.17,0.19,23.3,4.39,1,0,0,1.000,0.000000,1.0000
856,0.467,293.0,271.0,293.0,271.0,-27.0,31.0,41.11,0.2570,0.96,DETECTED,TRACKING,0.17,0.19,29.7,5.02,1,0,0,1.000,0.000000,1.0000
857,0.467,293.0,271.0,293.0,271.0,-27.0,31.0,41.11,0.2570,0.96,DETECTED,TRACKING,0.17,0.19,18.3,9.27,1,0,0,1.000,0.000000,1.0000
858,0.467,293.0,271.0,293.0,271.0,-27.0,31.0,41.11,0.2570,0.96,DETECTED,TRACKING,0.17,0.19,18.6,5.48,1,0,0,1.000,0.000000,1.0000
859,0.467,293.0,271.0,293.0,271.0,-27.0,31.0,41.11,0.2570,0.96,DETECTED,TRACKING,0.17,0.19,24.0,3.54,1,0,0,1.000,0.000000,1.0000
860,0.467,293.0,271.0,293.0,271.0,-27.0,31.0,41.11,0.2570,0.96,DETECTED,TRACKING,0.17,0.19,25.3,2.35,1,0,0,1.000,0.000000,1.0000
861,0.467,293.0,271.0,293.0,271.0,-27.0,31.0,41.11,0.2570,0.96,DETECTED,TRACKING,0.17,0.19,23.7,4.05,1,0,0,1.000,0.000000,1.0000
862,0.467,293.0,271.0,293.0,271.0,-27.0,31.0,41.11,0.2570,0.96,DETECTED,TRACKING,0.17,0.19,23.8,2.81,1,0,0,1.000,0.000000,1.0000
863,0.467,293.0,271.0,293.0,271.0,-27.0,31.0,41.11,0.2570,0.96,DETECTED,TRACKING,0.17,0.19,23.5,21.14,1,0,0,1.000,0.000000,1.0000
864,0.467,293.0,271.0,293.0,271.0,-27.0,31.0,41.11,0.2570,0.96,DETECTED,TRACKING,0.17,0.19,14.7,6.30,1,0,0,1.000,0.000000,1.0000
865,0.467,293.0,271.0,293.0,271.0,-27.0,31.0,41.11,0.2570,0.96,DETECTED,TRACKING,0.17,0.19,15.2,5.09,1,0,0,1.000,0.000000,1.0000
866,0.467,293.0,271.0,293.0,271.0,-27.0,31.0,41.11,0.2570,0.96,DETECTED,TRACKING,0.17,0.19,23.8,4.60,1,0,0,1.000,0.000000,1.0000
867,0.467,293.0,271.0,293.0,271.0,-27.0,31.0,41.11,0.2570,0.96,DETECTED,TRACKING,0.17,0.19,26.8,6.20,1,0,0,1.000,0.000000,1.0000
868,0.467,293.0,271.0,293.0,271.0,-27.0,31.0,41.11,0.2570,0.96,DETECTED,TRACKING,0.17,0.19,24.2,4.44,1,0,0,1.000,0.000000,1.0000
869,0.467,293.0,271.0,293.0,271.0,-27.0,31.0,41.11,0.2570,0.96,DETECTED,TRACKING,0.17,0.19,23.6,6.16,1,0,0,1.000,0.000000,1.0000
870,0.467,293.0,271.0,293.0,271.0,-27.0,31.0,41.11,0.2570,0.96,DETECTED,TRACKING,0.17,0.19,29.8,3.76,1,0,0,1.000,0.000000,1.0000
871,0.467,293.0,271.0,293.0,271.0,-27.0,31.0,41.11,0.2570,0.96,DETECTED,TRACKING,0.17,0.19,20.7,3.91,1,0,0,1.000,0.000000,1.0000
872,0.467,293.0,271.0,293.0,271.0,-27.0,31.0,41.11,0.2570,0.96,DETECTED,TRACKING,0.17,0.19,30.2,3.60,1,0,0,1.000,0.000000,1.0000
873,0.467,293.0,271.0,293.0,271.0,-27.0,31.0,41.11,0.2570,0.96,DETECTED,TRACKING,0.17,0.19,29.2,6.55,1,0,0,1.000,0.000000,1.0000
874,0.467,293.0,271.0,293.0,271.0,-27.0,31.0,41.11,0.2570,0.96,DETECTED,TRACKING,0.17,0.19,24.9,2.82,1,0,0,1.000,0.000000,1.0000
875,0.467,293.0,271.0,293.0,271.0,-27.0,31.0,41.11,0.2570,0.96,DETECTED,TRACKING,0.17,0.19,19.1,2.62,1,0,0,1.000,0.000000,1.0000
876,0.467,293.0,271.0,293.0,271.0,-27.0,31.0,41.11,0.2570,0.96,DETECTED,TRACKING,0.17,0.19,15.3,5.31,1,0,0,1.000,0.000000,1.0000
877,0.467,293.0,271.0,293.0,271.0,-27.0,31.0,41.11,0.2570,0.96,DETECTED,TRACKING,0.17,0.19,20.6,6.00,1,0,0,1.000,0.000000,1.0000
878,0.467,293.0,271.0,293.0,271.0,-27.0,31.0,41.11,0.2570,0.96,DETECTED,TRACKING,0.17,0.19,20.7,9.49,1,0,0,1.000,0.000000,1.0000
879,0.467,293.0,271.0,293.0,271.0,-27.0,31.0,41.11,0.2570,0.96,DETECTED,TRACKING,0.17,0.19,14.9,3.54,1,0,0,1.000,0.000000,1.0000
880,0.467,293.0,271.0,293.0,271.0,-27.0,31.0,41.11,0.2570,0.96,DETECTED,TRACKING,0.17,0.19,18.7,9.90,1,0,0,1.000,0.000000,1.0000
881,0.467,293.0,271.0,293.0,271.0,-27.0,31.0,41.11,0.2570,0.96,DETECTED,TRACKING,0.17,0.19,9.5,17.02,1,0,0,1.000,0.000000,1.0000
882,0.467,293.0,271.0,293.0,271.0,-27.0,31.0,41.11,0.2570,0.96,DETECTED,TRACKING,0.17,0.19,20.1,2.70,1,0,0,1.000,0.000000,1.0000
883,0.467,293.0,271.0,293.0,271.0,-27.0,31.0,41.11,0.2570,0.96,DETECTED,TRACKING,0.17,0.19,23.3,3.40,1,0,0,1.000,0.000000,1.0000
884,0.467,293.0,271.0,293.0,271.0,-27.0,31.0,41.11,0.2570,0.96,DETECTED,TRACKING,0.17,0.19,31.3,8.54,1,0,0,1.000,0.000000,1.0000
885,0.467,293.0,271.0,293.0,271.0,-27.0,31.0,41.11,0.2570,0.96,DETECTED,TRACKING,0.17,0.19,25.6,17.95,1,0,0,1.000,0.000000,1.0000
886,0.467,293.0,271.0,293.0,271.0,-27.0,31.0,41.11,0.2570,0.96,DETECTED,TRACKING,0.17,0.19,16.5,3.28,1,0,0,1.000,0.000000,1.0000
887,0.467,293.0,271.0,293.0,271.0,-27.0,31.0,41.11,0.2570,0.96,DETECTED,TRACKING,0.17,0.19,21.9,3.41,1,0,0,1.000,0.000000,1.0000
888,0.467,293.0,271.0,293.0,271.0,-27.0,31.0,41.11,0.2570,0.96,DETECTED,TRACKING,0.17,0.19,30.2,3.02,1,0,0,1.000,0.000000,1.0000
889,0.467,293.0,271.0,293.0,271.0,-27.0,31.0,41.11,0.2570,0.96,DETECTED,TRACKING,0.17,0.19,22.1,5.62,1,0,0,1.000,0.000000,1.0000
890,0.467,293.0,271.0,293.0,271.0,-27.0,31.0,41.11,0.2570,0.96,DETECTED,TRACKING,0.17,0.19,22.8,3.38,1,0,0,1.000,0.000000,1.0000
891,0.467,293.0,271.0,293.0,271.0,-27.0,31.0,41.11,0.2570,0.96,DETECTED,TRACKING,0.17,0.19,20.3,5.14,1,0,0,1.000,0.000000,1.0000
892,0.467,293.0,271.0,293.0,271.0,-27.0,31.0,41.11,0.2570,0.96,DETECTED,TRACKING,0.17,0.19,22.5,2.93,1,0,0,1.000,0.000000,1.0000
893,0.467,293.0,271.0,293.0,271.0,-27.0,31.0,41.11,0.2570,0.96,DETECTED,TRACKING,0.17,0.19,21.9,2.85,1,0,0,1.000,0.000000,1.0000
894,0.467,293.0,271.0,293.0,271.0,-27.0,31.0,41.11,0.2570,0.96,DETECTED,TRACKING,0.17,0.19,29.2,18.64,1,0,0,1.000,0.000000,1.0000
895,0.467,293.0,271.0,293.0,271.0,-27.0,31.0,41.11,0.2570,0.96,DETECTED,TRACKING,0.17,0.19,17.5,4.10,1,0,0,1.000,0.000000,1.0000
896,0.467,293.0,271.0,293.0,271.0,-27.0,31.0,41.11,0.2570,0.96,DETECTED,TRACKING,0.17,0.19,26.4,3.77,1,0,0,1.000,0.000000,1.0000
897,0.467,293.0,271.0,293.0,271.0,-27.0,31.0,41.11,0.2570,0.96,DETECTED,TRACKING,0.17,0.19,30.0,5.41,1,0,0,1.000,0.000000,1.0000
898,0.467,293.0,271.0,293.0,271.0,-27.0,31.0,41.11,0.2570,0.96,DETECTED,TRACKING,0.17,0.19,23.5,5.39,1,0,0,1.000,0.000000,1.0000
899,0.467,293.0,271.0,293.0,271.0,-27.0,31.0,41.11,0.2570,0.96,DETECTED,TRACKING,0.17,0.19,23.7,4.18,1,0,0,1.000,0.000000,1.0000
900,0.467,293.0,271.0,293.0,271.0,-27.0,31.0,41.11,0.2570,0.96,DETECTED,TRACKING,0.17,0.19,30.2,3.88,1,0,0,1.000,0.000000,1.0000
901,0.467,293.0,271.0,293.0,271.0,-27.0,31.0,41.11,0.2570,0.96,DETECTED,TRACKING,0.17,0.19,27.0,4.85,1,0,0,1.000,0.000000,1.0000
902,0.467,293.0,271.0,293.0,271.0,-27.0,31.0,41.11,0.2570,0.96,DETECTED,TRACKING,0.17,0.19,25.3,5.77,1,0,0,1.000,0.000000,1.0000
903,0.467,293.0,271.0,293.0,271.0,-27.0,31.0,41.11,0.2570,0.96,DETECTED,TRACKING,0.17,0.19,27.1,3.98,1,0,0,1.000,0.000000,1.0000
904,0.467,293.0,271.0,293.0,271.0,-27.0,31.0,41.11,0.2570,0.96,DETECTED,TRACKING,0.17,0.19,22.0,3.08,1,0,0,1.000,0.000000,1.0000
905,0.467,293.0,271.0,293.0,271.0,-27.0,31.0,41.11,0.2570,0.96,DETECTED,TRACKING,0.17,0.19,32.0,4.77,1,0,0,1.000,0.000000,1.0000
906,0.467,293.0,271.0,293.0,271.0,-27.0,31.0,41.11,0.2570,0.96,DETECTED,TRACKING,0.17,0.19,26.7,6.50,1,0,0,1.000,0.000000,1.0000
907,0.467,293.0,271.0,293.0,271.0,-27.0,31.0,41.11,0.2570,0.96,DETECTED,TRACKING,0.17,0.19,30.6,6.22,1,0,0,1.000,0.000000,1.0000
908,0.467,293.0,271.0,293.0,271.0,-27.0,31.0,41.11,0.2570,0.96,DETECTED,TRACKING,0.17,0.19,28.7,3.89,1,0,0,1.000,0.000000,1.0000
909,0.467,293.0,271.0,293.0,271.0,-27.0,31.0,41.11,0.2570,0.96,DETECTED,TRACKING,0.17,0.19,26.3,3.12,1,0,0,1.000,0.000000,1.0000
910,0.467,293.0,271.0,293.0,271.0,-27.0,31.0,41.11,0.2570,0.96,DETECTED,TRACKING,0.17,0.19,22.9,4.45,1,0,0,1.000,0.000000,1.0000
911,0.467,293.0,271.0,293.0,271.0,-27.0,31.0,41.11,0.2570,0.96,DETECTED,TRACKING,0.17,0.19,30.5,6.99,1,0,0,1.000,0.000000,1.0000
912,0.467,293.0,271.0,293.0,271.0,-27.0,31.0,41.11,0.2570,0.96,DETECTED,TRACKING,0.17,0.19,25.6,6.29,1,0,0,1.000,0.000000,1.0000
913,0.467,293.0,271.0,293.0,271.0,-27.0,31.0,41.11,0.2570,0.96,DETECTED,TRACKING,0.17,0.19,8.8,3.44,1,0,0,1.000,0.000000,1.0000
914,0.467,293.0,271.0,293.0,271.0,-27.0,31.0,41.11,0.2570,0.96,DETECTED,TRACKING,0.17,0.19,21.6,2.61,1,0,0,1.000,0.000000,1.0000
915,0.467,293.0,271.0,293.0,271.0,-27.0,31.0,41.11,0.2570,0.96,DETECTED,TRACKING,0.17,0.19,35.3,5.32,1,0,0,1.000,0.000000,1.0000
916,0.467,293.0,271.0,293.0,271.0,-27.0,31.0,41.11,0.2570,0.96,DETECTED,TRACKING,0.17,0.19,24.0,4.34,1,0,0,1.000,0.000000,1.0000
917,0.467,293.0,271.0,293.0,271.0,-27.0,31.0,41.11,0.2570,0.96,DETECTED,TRACKING,0.17,0.19,24.7,5.52,1,0,0,1.000,0.000000,1.0000
918,0.467,293.0,271.0,293.0,271.0,-27.0,31.0,41.11,0.2570,0.96,DETECTED,TRACKING,0.17,0.19,16.5,4.28,1,0,0,1.000,0.000000,1.0000
919,0.467,293.0,271.0,293.0,271.0,-27.0,31.0,41.11,0.2570,0.96,DETECTED,TRACKING,0.17,0.19,20.6,5.20,1,0,0,1.000,0.000000,1.0000
920,0.467,293.0,271.0,293.0,271.0,-27.0,31.0,41.11,0.2570,0.96,DETECTED,TRACKING,0.17,0.19,15.4,2.50,1,0,0,1.000,0.000000,1.0000
921,0.467,293.0,271.0,293.0,271.0,-27.0,31.0,41.11,0.2570,0.96,DETECTED,TRACKING,0.17,0.19,19.0,5.51,1,0,0,1.000,0.000000,1.0000
922,0.467,293.0,271.0,293.0,271.0,-27.0,31.0,41.11,0.2570,0.96,DETECTED,TRACKING,0.17,0.19,18.7,2.99,1,0,0,1.000,0.000000,1.0000
923,0.467,293.0,271.0,293.0,271.0,-27.0,31.0,41.11,0.2570,0.96,DETECTED,TRACKING,0.17,0.19,14.4,7.55,1,0,0,1.000,0.000000,1.0000
924,0.467,293.0,271.0,293.0,271.0,-27.0,31.0,41.11,0.2570,0.96,DETECTED,TRACKING,0.17,0.19,17.5,3.09,1,0,0,1.000,0.000000,1.0000
925,0.467,293.0,271.0,293.0,271.0,-27.0,31.0,41.11,0.2570,0.96,DETECTED,TRACKING,0.17,0.19,19.4,3.70,1,0,0,1.000,0.000000,1.0000
926,0.467,293.0,271.0,293.0,271.0,-27.0,31.0,41.11,0.2570,0.96,DETECTED,TRACKING,0.17,0.19,28.5,2.70,1,0,0,1.000,0.000000,1.0000
927,0.467,293.0,271.0,293.0,271.0,-27.0,31.0,41.11,0.2570,0.96,DETECTED,TRACKING,0.17,0.19,22.7,4.60,1,0,0,1.000,0.000000,1.0000
928,0.467,293.0,271.0,293.0,271.0,-27.0,31.0,41.11,0.2570,0.96,DETECTED,TRACKING,0.17,0.19,15.0,8.31,1,0,0,1.000,0.000000,1.0000
929,0.467,293.0,271.0,293.0,271.0,-27.0,31.0,41.11,0.2570,0.96,DETECTED,TRACKING,0.17,0.19,17.9,2.54,1,0,0,1.000,0.000000,1.0000
930,0.467,293.0,271.0,293.0,271.0,-27.0,31.0,41.11,0.2570,0.96,DETECTED,TRACKING,0.17,0.19,17.5,4.94,1,0,0,1.000,0.000000,1.0000
931,0.467,293.0,271.0,293.0,271.0,-27.0,31.0,41.11,0.2570,0.96,DETECTED,TRACKING,0.17,0.19,14.1,6.47,1,0,0,1.000,0.000000,1.0000
932,0.467,293.0,271.0,293.0,271.0,-27.0,31.0,41.11,0.2570,0.96,DETECTED,TRACKING,0.17,0.19,18.2,3.60,1,0,0,1.000,0.000000,1.0000
933,0.467,293.0,271.0,293.0,271.0,-27.0,31.0,41.11,0.2570,0.96,DETECTED,TRACKING,0.17,0.19,11.5,4.65,1,0,0,1.000,0.000000,1.0000
934,0.467,293.0,271.0,293.0,271.0,-27.0,31.0,41.11,0.2570,0.96,DETECTED,TRACKING,0.17,0.19,18.6,8.39,1,0,0,1.000,0.000000,1.0000
935,0.467,293.0,271.0,293.0,271.0,-27.0,31.0,41.11,0.2570,0.96,DETECTED,TRACKING,0.17,0.19,18.0,3.04,1,0,0,1.000,0.000000,1.0000
936,0.467,293.0,271.0,293.0,271.0,-27.0,31.0,41.11,0.2570,0.96,DETECTED,TRACKING,0.17,0.19,22.1,9.06,1,0,0,1.000,0.000000,1.0000
937,0.467,293.0,271.0,293.0,271.0,-27.0,31.0,41.11,0.2570,0.96,DETECTED,TRACKING,0.17,0.19,16.3,30.37,1,0,0,1.000,0.000000,1.0000
938,0.467,293.0,271.0,293.0,271.0,-27.0,31.0,41.11,0.2570,0.96,DETECTED,TRACKING,0.17,0.19,11.5,2.71,1,0,0,1.000,0.000000,1.0000
939,0.467,293.0,271.0,293.0,271.0,-27.0,31.0,41.11,0.2570,0.96,DETECTED,TRACKING,0.17,0.19,15.0,58.95,1,0,0,1.000,0.000000,1.0000
940,0.467,293.0,271.0,293.0,271.0,-27.0,31.0,41.11,0.2570,0.96,DETECTED,TRACKING,0.17,0.19,8.6,7.65,1,0,0,1.000,0.000000,1.0000
941,0.467,293.0,271.0,293.0,271.0,-27.0,31.0,41.11,0.2570,0.96,DETECTED,TRACKING,0.17,0.19,7.6,15.53,1,0,0,1.000,0.000000,1.0000
942,0.467,293.0,271.0,293.0,271.0,-27.0,31.0,41.11,0.2570,0.96,DETECTED,TRACKING,0.17,0.19,9.7,7.04,1,0,0,1.000,0.000000,1.0000
943,0.467,293.0,271.0,293.0,271.0,-27.0,31.0,41.11,0.2570,0.96,DETECTED,TRACKING,0.17,0.19,12.5,2.67,1,0,0,1.000,0.000000,1.0000
944,0.467,293.0,271.0,293.0,271.0,-27.0,31.0,41.11,0.2570,0.96,DETECTED,TRACKING,0.17,0.19,11.4,9.31,1,0,0,1.000,0.000000,1.0000
945,0.467,293.0,271.0,293.0,271.0,-27.0,31.0,41.11,0.2570,0.96,DETECTED,TRACKING,0.17,0.19,17.8,5.01,1,0,0,1.000,0.000000,1.0000
946,0.467,293.0,271.0,293.0,271.0,-27.0,31.0,41.11,0.2570,0.96,DETECTED,TRACKING,0.17,0.19,17.5,2.78,1,0,0,1.000,0.000000,1.0000
947,0.467,293.0,271.0,293.0,271.0,-27.0,31.0,41.11,0.2570,0.96,DETECTED,TRACKING,0.17,0.19,22.3,5.43,1,0,0,1.000,0.000000,1.0000
948,0.467,293.0,271.0,293.0,271.0,-27.0,31.0,41.11,0.2570,0.96,DETECTED,TRACKING,0.17,0.19,20.9,5.31,1,0,0,1.000,0.000000,1.0000
949,0.467,293.0,271.0,293.0,271.0,-27.0,31.0,41.11,0.2570,0.96,DETECTED,TRACKING,0.17,0.19,21.7,5.49,1,0,0,1.000,0.000000,1.0000
950,0.467,293.0,271.0,293.0,271.0,-27.0,31.0,41.11,0.2570,0.96,DETECTED,TRACKING,0.17,0.19,26.8,5.46,1,0,0,1.000,0.000000,1.0000
951,0.467,293.0,271.0,293.0,271.0,-27.0,31.0,41.11,0.2570,0.96,DETECTED,TRACKING,0.17,0.19,24.6,4.45,1,0,0,1.000,0.000000,1.0000
952,0.467,293.0,271.0,293.0,271.0,-27.0,31.0,41.11,0.2570,0.96,DETECTED,TRACKING,0.17,0.19,19.5,68.39,1,0,0,1.000,0.000000,1.0000
953,0.467,293.0,271.0,293.0,271.0,-27.0,31.0,41.11,0.2570,0.96,DETECTED,TRACKING,0.17,0.19,1.9,9.10,1,0,0,1.000,0.000000,1.0000
954,0.467,293.0,271.0,293.0,271.0,-27.0,31.0,41.11,0.2570,0.96,DETECTED,TRACKING,0.17,0.19,1.8,10.23,1,0,0,1.000,0.000000,1.0000
955,0.467,293.0,271.0,293.0,271.0,-27.0,31.0,41.11,0.2570,0.96,DETECTED,TRACKING,0.17,0.19,7.0,21.26,1,0,0,1.000,0.000000,1.0000
956,0.467,293.0,271.0,293.0,271.0,-27.0,31.0,41.11,0.2570,0.96,DETECTED,TRACKING,0.17,0.19,10.2,2.59,1,0,0,1.000,0.000000,1.0000
957,0.467,293.0,271.0,293.0,271.0,-27.0,31.0,41.11,0.2570,0.96,DETECTED,TRACKING,0.17,0.19,15.9,3.77,1,0,0,1.000,0.000000,1.0000
958,0.467,293.0,271.0,293.0,271.0,-27.0,31.0,41.11,0.2570,0.96,DETECTED,TRACKING,0.17,0.19,20.6,2.82,1,0,0,1.000,0.000000,1.0000
959,0.467,293.0,271.0,293.0,271.0,-27.0,31.0,41.11,0.2570,0.96,DETECTED,TRACKING,0.17,0.19,14.6,15.68,1,0,0,1.000,0.000000,1.0000
960,0.467,293.0,271.0,293.0,271.0,-27.0,31.0,41.11,0.2570,0.96,DETECTED,TRACKING,0.17,0.19,10.4,15.46,1,0,0,1.000,0.000000,1.0000
961,0.467,293.0,271.0,293.0,271.0,-27.0,31.0,41.11,0.2570,0.96,DETECTED,TRACKING,0.17,0.19,20.4,2.85,1,0,0,1.000,0.000000,1.0000
962,0.467,293.0,271.0,293.0,271.0,-27.0,31.0,41.11,0.2570,0.96,DETECTED,TRACKING,0.17,0.19,18.1,4.53,1,0,0,1.000,0.000000,1.0000
963,0.467,293.0,271.0,293.0,271.0,-27.0,31.0,41.11,0.2570,0.96,DETECTED,TRACKING,0.17,0.19,14.3,16.86,1,0,0,1.000,0.000000,1.0000
964,0.467,293.0,271.0,293.0,271.0,-27.0,31.0,41.11,0.2570,0.96,DETECTED,TRACKING,0.17,0.19,13.7,4.58,1,0,0,1.000,0.000000,1.0000
965,0.467,293.0,271.0,293.0,271.0,-27.0,31.0,41.11,0.2570,0.96,DETECTED,TRACKING,0.17,0.19,12.6,3.76,1,0,0,1.000,0.000000,1.0000
966,0.467,293.0,271.0,293.0,271.0,-27.0,31.0,41.11,0.2570,0.96,DETECTED,TRACKING,0.17,0.19,23.3,3.37,1,0,0,1.000,0.000000,1.0000
967,0.467,293.0,271.0,293.0,271.0,-27.0,31.0,41.11,0.2570,0.96,DETECTED,TRACKING,0.17,0.19,18.2,3.74,1,0,0,1.000,0.000000,1.0000
968,0.467,293.0,271.0,293.0,271.0,-27.0,31.0,41.11,0.2570,0.96,DETECTED,TRACKING,0.17,0.19,22.2,4.52,1,0,0,1.000,0.000000,1.0000
969,0.467,293.0,271.0,293.0,271.0,-27.0,31.0,41.11,0.2570,0.96,DETECTED,TRACKING,0.17,0.19,21.2,3.60,1,0,0,1.000,0.000000,1.0000
970,0.467,293.0,271.0,293.0,271.0,-27.0,31.0,41.11,0.2570,0.96,DETECTED,TRACKING,0.17,0.19,25.8,21.44,1,0,0,1.000,0.000000,1.0000
971,0.467,293.0,271.0,293.0,271.0,-27.0,31.0,41.11,0.2570,0.96,DETECTED,TRACKING,0.17,0.19,16.9,11.52,1,0,0,1.000,0.000000,1.0000
972,0.467,293.0,271.0,293.0,271.0,-27.0,31.0,41.11,0.2570,0.96,DETECTED,TRACKING,0.17,0.19,13.1,3.63,1,0,0,1.000,0.000000,1.0000
973,0.467,293.0,271.0,293.0,271.0,-27.0,31.0,41.11,0.2570,0.96,DETECTED,TRACKING,0.17,0.19,19.0,2.84,1,0,0,1.000,0.000000,1.0000
974,0.467,293.0,271.0,293.0,271.0,-27.0,31.0,41.11,0.2570,0.96,DETECTED,TRACKING,0.17,0.19,16.3,16.22,1,0,0,1.000,0.000000,1.0000
975,0.467,293.0,271.0,293.0,271.0,-27.0,31.0,41.11,0.2570,0.96,DETECTED,TRACKING,0.17,0.19,16.7,3.72,1,0,0,1.000,0.000000,1.0000
976,0.467,293.0,271.0,293.0,271.0,-27.0,31.0,41.11,0.2570,0.96,DETECTED,TRACKING,0.17,0.19,22.8,13.40,1,0,0,1.000,0.000000,1.0000
977,0.467,293.0,271.0,293.0,271.0,-27.0,31.0,41.11,0.2570,0.96,DETECTED,TRACKING,0.17,0.19,11.6,2.18,1,0,0,1.000,0.000000,1.0000
978,0.467,293.0,271.0,293.0,271.0,-27.0,31.0,41.11,0.2570,0.96,DETECTED,TRACKING,0.17,0.19,13.8,5.89,1,0,0,1.000,0.000000,1.0000
979,0.467,293.0,271.0,293.0,271.0,-27.0,31.0,41.11,0.2570,0.96,DETECTED,TRACKING,0.17,0.19,21.0,4.65,1,0,0,1.000,0.000000,1.0000
980,0.467,293.0,271.0,293.0,271.0,-27.0,31.0,41.11,0.2570,0.96,DETECTED,TRACKING,0.17,0.19,22.3,4.96,1,0,0,1.000,0.000000,1.0000
981,0.467,293.0,271.0,293.0,271.0,-27.0,31.0,41.11,0.2570,0.96,DETECTED,TRACKING,0.17,0.19,23.1,5.48,1,0,0,1.000,0.000000,1.0000
982,0.467,293.0,271.0,293.0,271.0,-27.0,31.0,41.11,0.2570,0.96,DETECTED,TRACKING,0.17,0.19,21.0,8.02,1,0,0,1.000,0.000000,1.0000
983,0.467,293.0,271.0,293.0,271.0,-27.0,31.0,41.11,0.2570,0.96,DETECTED,TRACKING,0.17,0.19,19.2,6.44,1,0,0,1.000,0.000000,1.0000
984,0.467,293.0,271.0,293.0,271.0,-27.0,31.0,41.11,0.2570,0.96,DETECTED,TRACKING,0.17,0.19,14.1,2.64,1,0,0,1.000,0.000000,1.0000
985,0.467,293.0,271.0,293.0,271.0,-27.0,31.0,41.11,0.2570,0.96,DETECTED,TRACKING,0.17,0.19,28.0,8.35,1,0,0,1.000,0.000000,1.0000
986,0.467,293.0,271.0,293.0,271.0,-27.0,31.0,41.11,0.2570,0.96,DETECTED,TRACKING,0.17,0.19,9.0,3.48,1,0,0,1.000,0.000000,1.0000
987,0.467,293.0,271.0,293.0,271.0,-27.0,31.0,41.11,0.2570,0.96,DETECTED,TRACKING,0.17,0.19,25.2,2.39,1,0,0,1.000,0.000000,1.0000
988,0.467,293.0,271.0,293.0,271.0,-27.0,31.0,41.11,0.2570,0.96,DETECTED,TRACKING,0.17,0.19,25.1,2.09,1,0,0,1.000,0.000000,1.0000
989,0.467,293.0,271.0,293.0,271.0,-27.0,31.0,41.11,0.2570,0.96,DETECTED,TRACKING,0.17,0.19,24.3,3.62,1,0,0,1.000,0.000000,1.0000
990,0.467,293.0,271.0,293.0,271.0,-27.0,31.0,41.11,0.2570,0.96,DETECTED,TRACKING,0.17,0.19,26.5,3.82,1,0,0,1.000,0.000000,1.0000
991,0.467,293.0,271.0,293.0,271.0,-27.0,31.0,41.11,0.2570,0.96,DETECTED,TRACKING,0.17,0.19,29.3,2.28,1,0,0,1.000,0.000000,1.0000
992,0.467,293.0,271.0,293.0,271.0,-27.0,31.0,41.11,0.2570,0.96,DETECTED,TRACKING,0.17,0.19,20.2,5.09,1,0,0,1.000,0.000000,1.0000
993,0.467,293.0,271.0,293.0,271.0,-27.0,31.0,41.11,0.2570,0.96,DETECTED,TRACKING,0.17,0.19,26.0,7.42,1,0,0,1.000,0.000000,1.0000
994,0.467,293.0,271.0,293.0,271.0,-27.0,31.0,41.11,0.2570,0.96,DETECTED,TRACKING,0.17,0.19,23.9,3.01,1,0,0,1.000,0.000000,1.0000
995,0.467,293.0,271.0,293.0,271.0,-27.0,31.0,41.11,0.2570,0.96,DETECTED,TRACKING,0.17,0.19,22.9,6.50,1,0,0,1.000,0.000000,1.0000
996,0.467,293.0,271.0,293.0,271.0,-27.0,31.0,41.11,0.2570,0.96,DETECTED,TRACKING,0.17,0.19,24.2,5.12,1,0,0,1.000,0.000000,1.0000
997,0.467,293.0,271.0,293.0,271.0,-27.0,31.0,41.11,0.2570,0.96,DETECTED,TRACKING,0.17,0.19,29.5,5.80,1,0,0,1.000,0.000000,1.0000
998,0.467,293.0,271.0,293.0,271.0,-27.0,31.0,41.11,0.2570,0.96,DETECTED,TRACKING,0.17,0.19,20.1,4.48,1,0,0,1.000,0.000000,1.0000
999,0.467,293.0,271.0,293.0,271.0,-27.0,31.0,41.11,0.2570,0.96,DETECTED,TRACKING,0.17,0.19,23.5,4.70,1,0,0,1.000,0.000000,1.0000
1000,0.467,293.0,271.0,293.0,271.0,-27.0,31.0,41.11,0.2570,0.96,DETECTED,TRACKING,0.17,0.19,26.2,2.97,1,0,0,1.000,0.000000,1.0000
1001,0.467,293.0,271.0,293.0,271.0,-27.0,31.0,41.11,0.2570,0.96,DETECTED,TRACKING,0.17,0.19,20.5,3.78,1,0,0,1.000,0.000000,1.0000
1002,0.467,293.0,271.0,293.0,271.0,-27.0,31.0,41.11,0.2570,0.96,DETECTED,TRACKING,0.17,0.19,21.7,4.33,1,0,0,1.000,0.000000,1.0000
1003,0.467,293.0,271.0,293.0,271.0,-27.0,31.0,41.11,0.2570,0.96,DETECTED,TRACKING,0.17,0.19,24.0,8.70,1,0,0,1.000,0.000000,1.0000
1004,0.467,293.0,271.0,293.0,271.0,-27.0,31.0,41.11,0.2570,0.96,DETECTED,TRACKING,0.17,0.19,22.4,2.80,1,0,0,1.000,0.000000,1.0000
1005,0.467,293.0,271.0,293.0,271.0,-27.0,31.0,41.11,0.2570,0.96,DETECTED,TRACKING,0.17,0.19,25.3,3.91,1,0,0,1.000,0.000000,1.0000
1006,0.467,293.0,271.0,293.0,271.0,-27.0,31.0,41.11,0.2570,0.96,DETECTED,TRACKING,0.17,0.19,25.5,4.61,1,0,0,1.000,0.000000,1.0000
1007,0.467,293.0,271.0,293.0,271.0,-27.0,31.0,41.11,0.2570,0.96,DETECTED,TRACKING,0.17,0.19,26.5,2.87,1,0,0,1.000,0.000000,1.0000
1008,0.467,293.0,271.0,293.0,271.0,-27.0,31.0,41.11,0.2570,0.96,DETECTED,TRACKING,0.17,0.19,23.5,3.03,1,0,0,1.000,0.000000,1.0000
1009,0.467,293.0,271.0,293.0,271.0,-27.0,31.0,41.11,0.2570,0.96,DETECTED,TRACKING,0.17,0.19,21.6,2.65,1,0,0,1.000,0.000000,1.0000
1010,0.467,293.0,271.0,293.0,271.0,-27.0,31.0,41.11,0.2570,0.96,DETECTED,TRACKING,0.17,0.19,18.7,2.78,1,0,0,1.000,0.000000,1.0000
1011,0.467,293.0,271.0,293.0,271.0,-27.0,31.0,41.11,0.2570,0.96,DETECTED,TRACKING,0.17,0.19,22.0,7.66,1,0,0,1.000,0.000000,1.0000
1012,0.467,293.0,271.0,293.0,271.0,-27.0,31.0,41.11,0.2570,0.96,DETECTED,TRACKING,0.17,0.19,22.2,3.72,1,0,0,1.000,0.000000,1.0000
1013,0.467,293.0,271.0,293.0,271.0,-27.0,31.0,41.11,0.2570,0.96,DETECTED,TRACKING,0.17,0.19,25.8,5.57,1,0,0,1.000,0.000000,1.0000
1014,0.467,293.0,271.0,293.0,271.0,-27.0,31.0,41.11,0.2570,0.96,DETECTED,TRACKING,0.17,0.19,23.1,5.67,1,0,0,1.000,0.000000,1.0000
1015,0.467,293.0,271.0,293.0,271.0,-27.0,31.0,41.11,0.2570,0.96,DETECTED,TRACKING,0.17,0.19,27.8,6.75,1,0,0,1.000,0.000000,1.0000
1016,0.467,293.0,271.0,293.0,271.0,-27.0,31.0,41.11,0.2570,0.96,DETECTED,TRACKING,0.17,0.19,23.0,4.27,1,0,0,1.000,0.000000,1.0000
1017,0.467,293.0,271.0,293.0,271.0,-27.0,31.0,41.11,0.2570,0.96,DETECTED,TRACKING,0.17,0.19,20.9,4.02,1,0,0,1.000,0.000000,1.0000
1018,0.467,293.0,271.0,293.0,271.0,-27.0,31.0,41.11,0.2570,0.96,DETECTED,TRACKING,0.17,0.19,22.6,3.12,1,0,0,1.000,0.000000,1.0000
1019,0.467,293.0,271.0,293.0,271.0,-27.0,31.0,41.11,0.2570,0.96,DETECTED,TRACKING,0.17,0.19,34.3,2.94,1,0,0,1.000,0.000000,1.0000
1020,0.467,293.0,271.0,293.0,271.0,-27.0,31.0,41.11,0.2570,0.96,DETECTED,TRACKING,0.17,0.19,26.8,3.15,1,0,0,1.000,0.000000,1.0000
1021,0.467,293.0,271.0,293.0,271.0,-27.0,31.0,41.11,0.2570,0.96,DETECTED,TRACKING,0.17,0.19,25.4,33.92,1,0,0,1.000,0.000000,1.0000
1022,0.467,293.0,271.0,293.0,271.0,-27.0,31.0,41.11,0.2570,0.96,DETECTED,TRACKING,0.17,0.19,10.6,5.73,1,0,0,1.000,0.000000,1.0000
1023,0.467,293.0,271.0,293.0,271.0,-27.0,31.0,41.11,0.2570,0.96,DETECTED,TRACKING,0.17,0.19,15.1,11.30,1,0,0,1.000,0.000000,1.0000
1024,0.467,293.0,271.0,293.0,271.0,-27.0,31.0,41.11,0.2570,0.96,DETECTED,TRACKING,0.17,0.19,10.3,23.63,1,0,0,1.000,0.000000,1.0000
1025,0.467,293.0,271.0,293.0,271.0,-27.0,31.0,41.11,0.2570,0.96,DETECTED,TRACKING,0.17,0.19,10.6,8.61,1,0,0,1.000,0.000000,1.0000
1026,0.467,293.0,271.0,293.0,271.0,-27.0,31.0,41.11,0.2570,0.96,DETECTED,TRACKING,0.17,0.19,15.4,4.00,1,0,0,1.000,0.000000,1.0000
1027,0.467,293.0,271.0,293.0,271.0,-27.0,31.0,41.11,0.2570,0.96,DETECTED,TRACKING,0.17,0.19,25.6,2.78,1,0,0,1.000,0.000000,1.0000
1028,0.467,293.0,271.0,293.0,271.0,-27.0,31.0,41.11,0.2570,0.96,DETECTED,TRACKING,0.17,0.19,25.4,4.52,1,0,0,1.000,0.000000,1.0000
1029,0.467,293.0,271.0,293.0,271.0,-27.0,31.0,41.11,0.2570,0.96,DETECTED,TRACKING,0.17,0.19,15.7,9.19,1,0,0,1.000,0.000000,1.0000
1030,0.467,293.0,271.0,293.0,271.0,-27.0,31.0,41.11,0.2570,0.96,DETECTED,TRACKING,0.17,0.19,17.1,7.35,1,0,0,1.000,0.000000,1.0000
1031,0.467,293.0,271.0,293.0,271.0,-27.0,31.0,41.11,0.2570,0.96,DETECTED,TRACKING,0.17,0.19,20.4,4.36,1,0,0,1.000,0.000000,1.0000
1032,0.467,293.0,271.0,293.0,271.0,-27.0,31.0,41.11,0.2570,0.96,DETECTED,TRACKING,0.17,0.19,26.4,10.94,1,0,0,1.000,0.000000,1.0000
1033,0.467,293.0,271.0,293.0,271.0,-27.0,31.0,41.11,0.2570,0.96,DETECTED,TRACKING,0.17,0.19,21.9,2.50,1,0,0,1.000,0.000000,1.0000
1034,0.467,293.0,271.0,293.0,271.0,-27.0,31.0,41.11,0.2570,0.96,DETECTED,TRACKING,0.17,0.19,23.5,7.39,1,0,0,1.000,0.000000,1.0000
1035,0.467,293.0,271.0,293.0,271.0,-27.0,31.0,41.11,0.2570,0.96,DETECTED,TRACKING,0.17,0.19,20.1,5.95,1,0,0,1.000,0.000000,1.0000
1036,0.467,293.0,271.0,293.0,271.0,-27.0,31.0,41.11,0.2570,0.96,DETECTED,TRACKING,0.17,0.19,24.1,3.63,1,0,0,1.000,0.000000,1.0000
1037,0.467,293.0,271.0,293.0,271.0,-27.0,31.0,41.11,0.2570,0.96,DETECTED,TRACKING,0.17,0.19,24.7,3.54,1,0,0,1.000,0.000000,1.0000
1038,0.467,293.0,271.0,293.0,271.0,-27.0,31.0,41.11,0.2570,0.96,DETECTED,TRACKING,0.17,0.19,37.0,2.41,1,0,0,1.000,0.000000,1.0000
1039,0.467,293.0,271.0,293.0,271.0,-27.0,31.0,41.11,0.2570,0.96,DETECTED,TRACKING,0.17,0.19,34.3,4.86,1,0,0,1.000,0.000000,1.0000
1040,0.467,293.0,271.0,293.0,271.0,-27.0,31.0,41.11,0.2570,0.96,DETECTED,TRACKING,0.17,0.19,33.7,9.03,1,0,0,1.000,0.000000,1.0000
1041,0.467,293.0,271.0,293.0,271.0,-27.0,31.0,41.11,0.2570,0.96,DETECTED,TRACKING,0.17,0.19,24.2,11.64,1,0,0,1.000,0.000000,1.0000
1042,0.467,293.0,271.0,293.0,271.0,-27.0,31.0,41.11,0.2570,0.96,DETECTED,TRACKING,0.17,0.19,23.6,3.34,1,0,0,1.000,0.000000,1.0000
1043,0.467,293.0,271.0,293.0,271.0,-27.0,31.0,41.11,0.2570,0.96,DETECTED,TRACKING,0.17,0.19,28.0,5.71,1,0,0,1.000,0.000000,1.0000
1044,0.467,293.0,271.0,293.0,271.0,-27.0,31.0,41.11,0.2570,0.96,DETECTED,TRACKING,0.17,0.19,24.3,3.54,1,0,0,1.000,0.000000,1.0000
1045,0.467,293.0,271.0,293.0,271.0,-27.0,31.0,41.11,0.2570,0.96,DETECTED,TRACKING,0.17,0.19,19.8,12.30,1,0,0,1.000,0.000000,1.0000
1046,0.467,293.0,271.0,293.0,271.0,-27.0,31.0,41.11,0.2570,0.96,DETECTED,TRACKING,0.17,0.19,21.9,3.51,1,0,0,1.000,0.000000,1.0000
1047,0.467,293.0,271.0,293.0,271.0,-27.0,31.0,41.11,0.2570,0.96,DETECTED,TRACKING,0.17,0.19,25.9,3.39,1,0,0,1.000,0.000000,1.0000
1048,0.467,293.0,271.0,293.0,271.0,-27.0,31.0,41.11,0.2570,0.96,DETECTED,TRACKING,0.17,0.19,31.6,4.18,1,0,0,1.000,0.000000,1.0000
1049,0.467,293.0,271.0,293.0,271.0,-27.0,31.0,41.11,0.2570,0.96,DETECTED,TRACKING,0.17,0.19,26.4,4.44,1,0,0,1.000,0.000000,1.0000
1050,0.467,293.0,271.0,293.0,271.0,-27.0,31.0,41.11,0.2570,0.96,DETECTED,TRACKING,0.17,0.19,33.8,2.58,1,0,0,1.000,0.000000,1.0000
1051,0.467,293.0,271.0,293.0,271.0,-27.0,31.0,41.11,0.2570,0.96,DETECTED,TRACKING,0.17,0.19,26.3,4.00,1,0,0,1.000,0.000000,1.0000
1052,0.467,293.0,271.0,293.0,271.0,-27.0,31.0,41.11,0.2570,0.96,DETECTED,TRACKING,0.17,0.19,30.9,6.04,1,0,0,1.000,0.000000,1.0000
1053,0.467,293.0,271.0,293.0,271.0,-27.0,31.0,41.11,0.2570,0.96,DETECTED,TRACKING,0.17,0.19,27.2,2.51,1,0,0,1.000,0.000000,1.0000
1054,0.467,293.0,271.0,293.0,271.0,-27.0,31.0,41.11,0.2570,0.96,DETECTED,TRACKING,0.17,0.19,32.9,6.71,1,0,0,1.000,0.000000,1.0000
1055,0.467,293.0,271.0,293.0,271.0,-27.0,31.0,41.11,0.2570,0.96,DETECTED,TRACKING,0.17,0.19,18.9,5.06,1,0,0,1.000,0.000000,1.0000
1056,0.467,293.0,271.0,293.0,271.0,-27.0,31.0,41.11,0.2570,0.96,DETECTED,TRACKING,0.17,0.19,20.7,2.26,1,0,0,1.000,0.000000,1.0000
1057,0.467,293.0,271.0,293.0,271.0,-27.0,31.0,41.11,0.2570,0.96,DETECTED,TRACKING,0.17,0.19,32.9,4.01,1,0,0,1.000,0.000000,1.0000
1058,0.467,293.0,271.0,293.0,271.0,-27.0,31.0,41.11,0.2570,0.96,DETECTED,TRACKING,0.17,0.19,29.1,7.47,1,0,0,1.000,0.000000,1.0000
1059,0.467,293.0,271.0,293.0,271.0,-27.0,31.0,41.11,0.2570,0.96,DETECTED,TRACKING,0.17,0.19,22.8,5.49,1,0,0,1.000,0.000000,1.0000
1060,0.467,293.0,271.0,293.0,271.0,-27.0,31.0,41.11,0.2570,0.96,DETECTED,TRACKING,0.17,0.19,25.7,6.20,1,0,0,1.000,0.000000,1.0000
1061,0.467,293.0,271.0,293.0,271.0,-27.0,31.0,41.11,0.2570,0.96,DETECTED,TRACKING,0.17,0.19,32.3,4.62,1,0,0,1.000,0.000000,1.0000
1062,0.467,293.0,271.0,293.0,271.0,-27.0,31.0,41.11,0.2570,0.96,DETECTED,TRACKING,0.17,0.19,23.9,3.00,1,0,0,1.000,0.000000,1.0000
1063,0.467,293.0,271.0,293.0,271.0,-27.0,31.0,41.11,0.2570,0.96,DETECTED,TRACKING,0.17,0.19,27.8,6.32,1,0,0,1.000,0.000000,1.0000
1064,0.467,293.0,271.0,293.0,271.0,-27.0,31.0,41.11,0.2570,0.96,DETECTED,TRACKING,0.17,0.19,26.2,7.91,1,0,0,1.000,0.000000,1.0000
1065,0.467,293.0,271.0,293.0,271.0,-27.0,31.0,41.11,0.2570,0.96,DETECTED,TRACKING,0.17,0.19,28.1,9.26,1,0,0,1.000,0.000000,1.0000
1066,0.467,293.0,271.0,293.0,271.0,-27.0,31.0,41.11,0.2570,0.96,DETECTED,TRACKING,0.17,0.19,26.2,11.13,1,0,0,1.000,0.000000,1.0000
1067,0.467,293.0,271.0,293.0,271.0,-27.0,31.0,41.11,0.2570,0.96,DETECTED,TRACKING,0.17,0.19,21.9,10.64,1,0,0,1.000,0.000000,1.0000
1068,0.467,293.0,271.0,293.0,271.0,-27.0,31.0,41.11,0.2570,0.96,DETECTED,TRACKING,0.17,0.19,24.0,11.13,1,0,0,1.000,0.000000,1.0000
1069,0.467,293.0,271.0,293.0,271.0,-27.0,31.0,41.11,0.2570,0.96,DETECTED,TRACKING,0.17,0.19,27.7,6.27,1,0,0,1.000,0.000000,1.0000
1070,0.467,293.0,271.0,293.0,271.0,-27.0,31.0,41.11,0.2570,0.96,DETECTED,TRACKING,0.17,0.19,26.2,4.72,1,0,0,1.000,0.000000,1.0000
1071,0.467,293.0,271.0,293.0,271.0,-27.0,31.0,41.11,0.2570,0.96,DETECTED,TRACKING,0.17,0.19,28.9,5.69,1,0,0,1.000,0.000000,1.0000
1072,0.467,293.0,271.0,293.0,271.0,-27.0,31.0,41.11,0.2570,0.96,DETECTED,TRACKING,0.17,0.19,24.6,4.44,1,0,0,1.000,0.000000,1.0000
1073,0.467,293.0,271.0,293.0,271.0,-27.0,31.0,41.11,0.2570,0.96,DETECTED,TRACKING,0.17,0.19,25.2,3.21,1,0,0,1.000,0.000000,1.0000
1074,0.467,293.0,271.0,293.0,271.0,-27.0,31.0,41.11,0.2570,0.96,DETECTED,TRACKING,0.17,0.19,32.5,3.29,1,0,0,1.000,0.000000,1.0000
1075,0.467,293.0,271.0,293.0,271.0,-27.0,31.0,41.11,0.2570,0.96,DETECTED,TRACKING,0.17,0.19,33.5,2.41,1,0,0,1.000,0.000000,1.0000
1076,0.467,293.0,271.0,293.0,271.0,-27.0,31.0,41.11,0.2570,0.96,DETECTED,TRACKING,0.17,0.19,32.4,2.30,1,0,0,1.000,0.000000,1.0000
1077,0.467,293.0,271.0,293.0,271.0,-27.0,31.0,41.11,0.2570,0.96,DETECTED,TRACKING,0.17,0.19,31.3,3.09,1,0,0,1.000,0.000000,1.0000
1078,0.467,293.0,271.0,293.0,271.0,-27.0,31.0,41.11,0.2570,0.96,DETECTED,TRACKING,0.17,0.19,28.9,4.54,1,0,0,1.000,0.000000,1.0000
1079,0.467,293.0,271.0,293.0,271.0,-27.0,31.0,41.11,0.2570,0.96,DETECTED,TRACKING,0.17,0.19,27.3,4.14,1,0,0,1.000,0.000000,1.0000
1080,0.467,293.0,271.0,293.0,271.0,-27.0,31.0,41.11,0.2570,0.96,DETECTED,TRACKING,0.17,0.19,29.2,3.09,1,0,0,1.000,0.000000,1.0000
1081,0.467,293.0,271.0,293.0,271.0,-27.0,31.0,41.11,0.2570,0.96,DETECTED,TRACKING,0.17,0.19,30.1,2.78,1,0,0,1.000,0.000000,1.0000
1082,0.467,293.0,271.0,293.0,271.0,-27.0,31.0,41.11,0.2570,0.96,DETECTED,TRACKING,0.17,0.19,36.1,2.75,1,0,0,1.000,0.000000,1.0000
1083,0.467,293.0,271.0,293.0,271.0,-27.0,31.0,41.11,0.2570,0.96,DETECTED,TRACKING,0.17,0.19,31.1,5.05,1,0,0,1.000,0.000000,1.0000
1084,0.467,293.0,271.0,293.0,271.0,-27.0,31.0,41.11,0.2570,0.96,DETECTED,TRACKING,0.17,0.19,27.9,5.13,1,0,0,1.000,0.000000,1.0000
1085,0.467,293.0,271.0,293.0,271.0,-27.0,31.0,41.11,0.2570,0.96,DETECTED,TRACKING,0.17,0.19,24.8,7.35,1,0,0,1.000,0.000000,1.0000
1086,0.467,293.0,271.0,293.0,271.0,-27.0,31.0,41.11,0.2570,0.96,DETECTED,TRACKING,0.17,0.19,28.8,4.30,1,0,0,1.000,0.000000,1.0000
1087,0.467,293.0,271.0,293.0,271.0,-27.0,31.0,41.11,0.2570,0.96,DETECTED,TRACKING,0.17,0.19,30.6,2.58,1,0,0,1.000,0.000000,1.0000
1088,0.467,293.0,271.0,293.0,271.0,-27.0,31.0,41.11,0.2570,0.96,DETECTED,TRACKING,0.17,0.19,30.6,7.92,1,0,0,1.000,0.000000,1.0000
1089,0.467,293.0,271.0,293.0,271.0,-27.0,31.0,41.11,0.2570,0.96,DETECTED,TRACKING,0.17,0.19,27.6,4.13,1,0,0,1.000,0.000000,1.0000
1090,0.467,293.0,271.0,293.0,271.0,-27.0,31.0,41.11,0.2570,0.96,DETECTED,TRACKING,0.17,0.19,29.7,2.94,1,0,0,1.000,0.000000,1.0000
1091,0.467,293.0,271.0,293.0,271.0,-27.0,31.0,41.11,0.2570,0.96,DETECTED,TRACKING,0.17,0.19,27.1,3.42,1,0,0,1.000,0.000000,1.0000
1092,0.467,293.0,271.0,293.0,271.0,-27.0,31.0,41.11,0.2570,0.96,DETECTED,TRACKING,0.17,0.19,29.3,2.99,1,0,0,1.000,0.000000,1.0000
1093,0.467,293.0,271.0,293.0,271.0,-27.0,31.0,41.11,0.2570,0.96,DETECTED,TRACKING,0.17,0.19,32.6,4.39,1,0,0,1.000,0.000000,1.0000
1094,0.467,293.0,271.0,293.0,271.0,-27.0,31.0,41.11,0.2570,0.96,DETECTED,TRACKING,0.17,0.19,23.3,8.23,1,0,0,1.000,0.000000,1.0000
1095,0.467,293.0,271.0,293.0,271.0,-27.0,31.0,41.11,0.2570,0.96,DETECTED,TRACKING,0.17,0.19,27.7,4.86,1,0,0,1.000,0.000000,1.0000
1096,0.467,293.0,271.0,293.0,271.0,-27.0,31.0,41.11,0.2570,0.96,DETECTED,TRACKING,0.17,0.19,25.7,4.38,1,0,0,1.000,0.000000,1.0000
1097,0.467,293.0,271.0,293.0,271.0,-27.0,31.0,41.11,0.2570,0.96,DETECTED,TRACKING,0.17,0.19,19.7,3.63,1,0,0,1.000,0.000000,1.0000
1098,0.467,293.0,271.0,293.0,271.0,-27.0,31.0,41.11,0.2570,0.96,DETECTED,TRACKING,0.17,0.19,24.5,5.52,1,0,0,1.000,0.000000,1.0000
1099,0.467,293.0,271.0,293.0,271.0,-27.0,31.0,41.11,0.2570,0.96,DETECTED,TRACKING,0.17,0.19,28.7,7.54,1,0,0,1.000,0.000000,1.0000
1100,0.467,293.0,271.0,293.0,271.0,-27.0,31.0,41.11,0.2570,0.96,DETECTED,TRACKING,0.17,0.19,26.8,7.62,1,0,0,1.000,0.000000,1.0000
1101,0.467,293.0,271.0,293.0,271.0,-27.0,31.0,41.11,0.2570,0.96,DETECTED,TRACKING,0.17,0.19,20.0,2.31,1,0,0,1.000,0.000000,1.0000
1102,0.467,293.0,271.0,293.0,271.0,-27.0,31.0,41.11,0.2570,0.96,DETECTED,TRACKING,0.17,0.19,26.3,5.73,1,0,0,1.000,0.000000,1.0000
1103,0.467,293.0,271.0,293.0,271.0,-27.0,31.0,41.11,0.2570,0.96,DETECTED,TRACKING,0.17,0.19,21.2,8.64,1,0,0,1.000,0.000000,1.0000
1104,0.467,293.0,271.0,293.0,271.0,-27.0,31.0,41.11,0.2570,0.96,DETECTED,TRACKING,0.17,0.19,13.6,3.59,1,0,0,1.000,0.000000,1.0000
1105,0.467,293.0,271.0,293.0,271.0,-27.0,31.0,41.11,0.2570,0.96,DETECTED,TRACKING,0.17,0.19,23.2,4.47,1,0,0,1.000,0.000000,1.0000
1106,0.467,293.0,271.0,293.0,271.0,-27.0,31.0,41.11,0.2570,0.96,DETECTED,TRACKING,0.17,0.19,22.4,7.42,1,0,0,1.000,0.000000,1.0000
1107,0.467,293.0,271.0,293.0,271.0,-27.0,31.0,41.11,0.2570,0.96,DETECTED,TRACKING,0.17,0.19,14.3,3.31,1,0,0,1.000,0.000000,1.0000
1108,0.467,293.0,271.0,293.0,271.0,-27.0,31.0,41.11,0.2570,0.96,DETECTED,TRACKING,0.17,0.19,21.0,3.49,1,0,0,1.000,0.000000,1.0000
1109,0.467,293.0,271.0,293.0,271.0,-27.0,31.0,41.11,0.2570,0.96,DETECTED,TRACKING,0.17,0.19,20.9,2.50,1,0,0,1.000,0.000000,1.0000
1110,0.467,293.0,271.0,293.0,271.0,-27.0,31.0,41.11,0.2570,0.96,DETECTED,TRACKING,0.17,0.19,26.3,6.77,1,0,0,1.000,0.000000,1.0000
1111,0.467,293.0,271.0,293.0,271.0,-27.0,31.0,41.11,0.2570,0.96,DETECTED,TRACKING,0.17,0.19,26.5,3.73,1,0,0,1.000,0.000000,1.0000
1112,0.467,293.0,271.0,293.0,271.0,-27.0,31.0,41.11,0.2570,0.96,DETECTED,TRACKING,0.17,0.19,24.4,6.62,1,0,0,1.000,0.000000,1.0000
1113,0.467,293.0,271.0,293.0,271.0,-27.0,31.0,41.11,0.2570,0.96,DETECTED,TRACKING,0.17,0.19,25.4,6.22,1,0,0,1.000,0.000000,1.0000
1114,0.467,293.0,271.0,293.0,271.0,-27.0,31.0,41.11,0.2570,0.96,DETECTED,TRACKING,0.17,0.19,22.6,2.42,1,0,0,1.000,0.000000,1.0000
1115,0.467,293.0,271.0,293.0,271.0,-27.0,31.0,41.11,0.2570,0.96,DETECTED,TRACKING,0.17,0.19,30.4,6.71,1,0,0,1.000,0.000000,1.0000
1116,0.467,293.0,271.0,293.0,271.0,-27.0,31.0,41.11,0.2570,0.96,DETECTED,TRACKING,0.17,0.19,25.5,2.75,1,0,0,1.000,0.000000,1.0000
1117,0.467,293.0,271.0,293.0,271.0,-27.0,31.0,41.11,0.2570,0.96,DETECTED,TRACKING,0.17,0.19,31.2,4.45,1,0,0,1.000,0.000000,1.0000
1118,0.467,293.0,271.0,293.0,271.0,-27.0,31.0,41.11,0.2570,0.96,DETECTED,TRACKING,0.17,0.19,28.9,4.53,1,0,0,1.000,0.000000,1.0000
1119,0.467,293.0,271.0,293.0,271.0,-27.0,31.0,41.11,0.2570,0.96,DETECTED,TRACKING,0.17,0.19,23.5,3.31,1,0,0,1.000,0.000000,1.0000
1120,0.467,293.0,271.0,293.0,271.0,-27.0,31.0,41.11,0.2570,0.96,DETECTED,TRACKING,0.17,0.19,28.8,4.33,1,0,0,1.000,0.000000,1.0000
1121,0.467,293.0,271.0,293.0,271.0,-27.0,31.0,41.11,0.2570,0.96,DETECTED,TRACKING,0.17,0.19,27.8,3.55,1,0,0,1.000,0.000000,1.0000
1122,0.467,293.0,271.0,293.0,271.0,-27.0,31.0,41.11,0.2570,0.96,DETECTED,TRACKING,0.17,0.19,25.9,2.89,1,0,0,1.000,0.000000,1.0000
1123,0.467,293.0,271.0,293.0,271.0,-27.0,31.0,41.11,0.2570,0.96,DETECTED,TRACKING,0.17,0.19,23.9,4.42,1,0,0,1.000,0.000000,1.0000
1124,0.467,293.0,271.0,293.0,271.0,-27.0,31.0,41.11,0.2570,0.96,DETECTED,TRACKING,0.17,0.19,28.7,5.77,1,0,0,1.000,0.000000,1.0000
1125,0.467,293.0,271.0,293.0,271.0,-27.0,31.0,41.11,0.2570,0.96,DETECTED,TRACKING,0.17,0.19,27.5,2.51,1,0,0,1.000,0.000000,1.0000
1126,0.467,293.0,271.0,293.0,271.0,-27.0,31.0,41.11,0.2570,0.96,DETECTED,TRACKING,0.17,0.19,27.5,3.70,1,0,0,1.000,0.000000,1.0000
1127,0.467,293.0,271.0,293.0,271.0,-27.0,31.0,41.11,0.2570,0.96,DETECTED,TRACKING,0.17,0.19,27.2,3.53,1,0,0,1.000,0.000000,1.0000
1128,0.467,293.0,271.0,293.0,271.0,-27.0,31.0,41.11,0.2570,0.96,DETECTED,TRACKING,0.17,0.19,26.6,4.57,1,0,0,1.000,0.000000,1.0000
1129,0.467,293.0,271.0,293.0,271.0,-27.0,31.0,41.11,0.2570,0.96,DETECTED,TRACKING,0.17,0.19,25.5,3.88,1,0,0,1.000,0.000000,1.0000
1130,0.467,293.0,271.0,293.0,271.0,-27.0,31.0,41.11,0.2570,0.96,DETECTED,TRACKING,0.17,0.19,24.7,2.81,1,0,0,1.000,0.000000,1.0000
1131,0.467,293.0,271.0,293.0,271.0,-27.0,31.0,41.11,0.2570,0.96,DETECTED,TRACKING,0.17,0.19,26.4,3.85,1,0,0,1.000,0.000000,1.0000
1132,0.467,293.0,271.0,293.0,271.0,-27.0,31.0,41.11,0.2570,0.96,DETECTED,TRACKING,0.17,0.19,30.8,3.44,1,0,0,1.000,0.000000,1.0000
1133,0.467,293.0,271.0,293.0,271.0,-27.0,31.0,41.11,0.2570,0.96,DETECTED,TRACKING,0.17,0.19,30.4,4.75,1,0,0,1.000,0.000000,1.0000
1134,0.467,293.0,271.0,293.0,271.0,-27.0,31.0,41.11,0.2570,0.96,DETECTED,TRACKING,0.17,0.19,27.1,2.82,1,0,0,1.000,0.000000,1.0000
1135,0.467,293.0,271.0,293.0,271.0,-27.0,31.0,41.11,0.2570,0.96,DETECTED,TRACKING,0.17,0.19,21.8,3.48,1,0,0,1.000,0.000000,1.0000
1136,0.467,293.0,271.0,293.0,271.0,-27.0,31.0,41.11,0.2570,0.96,DETECTED,TRACKING,0.17,0.19,34.6,4.13,1,0,0,1.000,0.000000,1.0000
1137,0.467,293.0,271.0,293.0,271.0,-27.0,31.0,41.11,0.2570,0.96,DETECTED,TRACKING,0.17,0.19,22.0,3.19,1,0,0,1.000,0.000000,1.0000
1138,0.467,293.0,271.0,293.0,271.0,-27.0,31.0,41.11,0.2570,0.96,DETECTED,TRACKING,0.17,0.19,25.3,2.78,1,0,0,1.000,0.000000,1.0000
1139,0.467,293.0,271.0,293.0,271.0,-27.0,31.0,41.11,0.2570,0.96,DETECTED,TRACKING,0.17,0.19,30.9,2.66,1,0,0,1.000,0.000000,1.0000
1140,0.467,293.0,271.0,293.0,271.0,-27.0,31.0,41.11,0.2570,0.96,DETECTED,TRACKING,0.17,0.19,19.8,4.55,1,0,0,1.000,0.000000,1.0000
1141,0.467,293.0,271.0,293.0,271.0,-27.0,31.0,41.11,0.2570,0.96,DETECTED,TRACKING,0.17,0.19,21.3,7.30,1,0,0,1.000,0.000000,1.0000
1142,0.467,293.0,271.0,293.0,271.0,-27.0,31.0,41.11,0.2570,0.96,DETECTED,TRACKING,0.17,0.19,21.8,8.05,1,0,0,1.000,0.000000,1.0000
1143,0.467,293.0,271.0,293.0,271.0,-27.0,31.0,41.11,0.2570,0.96,DETECTED,TRACKING,0.17,0.19,15.9,3.89,1,0,0,1.000,0.000000,1.0000
1144,0.467,293.0,271.0,293.0,271.0,-27.0,31.0,41.11,0.2570,0.96,DETECTED,TRACKING,0.17,0.19,24.9,5.08,1,0,0,1.000,0.000000,1.0000
1145,0.467,293.0,271.0,293.0,271.0,-27.0,31.0,41.11,0.2570,0.96,DETECTED,TRACKING,0.17,0.19,20.3,2.84,1,0,0,1.000,0.000000,1.0000
1146,0.467,293.0,271.0,293.0,271.0,-27.0,31.0,41.11,0.2570,0.96,DETECTED,TRACKING,0.17,0.19,27.4,3.27,1,0,0,1.000,0.000000,1.0000
1147,0.467,293.0,271.0,293.0,271.0,-27.0,31.0,41.11,0.2570,0.96,DETECTED,TRACKING,0.17,0.19,30.1,3.75,1,0,0,1.000,0.000000,1.0000
1148,0.467,293.0,271.0,293.0,271.0,-27.0,31.0,41.11,0.2570,0.96,DETECTED,TRACKING,0.17,0.19,32.1,2.81,1,0,0,1.000,0.000000,1.0000
1149,0.467,293.0,271.0,293.0,271.0,-27.0,31.0,41.11,0.2570,0.96,DETECTED,TRACKING,0.17,0.19,26.6,3.37,1,0,0,1.000,0.000000,1.0000
1150,0.467,293.0,271.0,293.0,271.0,-27.0,31.0,41.11,0.2570,0.96,DETECTED,TRACKING,0.17,0.19,30.6,4.49,1,0,0,1.000,0.000000,1.0000
1151,0.467,293.0,271.0,293.0,271.0,-27.0,31.0,41.11,0.2570,0.96,DETECTED,TRACKING,0.17,0.19,25.4,2.44,1,0,0,1.000,0.000000,1.0000
1152,0.467,293.0,271.0,293.0,271.0,-27.0,31.0,41.11,0.2570,0.96,DETECTED,TRACKING,0.17,0.19,36.3,3.39,1,0,0,1.000,0.000000,1.0000
1153,0.467,293.0,271.0,293.0,271.0,-27.0,31.0,41.11,0.2570,0.96,DETECTED,TRACKING,0.17,0.19,30.6,3.02,1,0,0,1.000,0.000000,1.0000
1154,0.467,293.0,271.0,293.0,271.0,-27.0,31.0,41.11,0.2570,0.96,DETECTED,TRACKING,0.17,0.19,29.7,2.71,1,0,0,1.000,0.000000,1.0000
1155,0.467,293.0,271.0,293.0,271.0,-27.0,31.0,41.11,0.2570,0.96,DETECTED,TRACKING,0.17,0.19,26.5,3.19,1,0,0,1.000,0.000000,1.0000
1156,0.467,293.0,271.0,293.0,271.0,-27.0,31.0,41.11,0.2570,0.96,DETECTED,TRACKING,0.17,0.19,26.1,5.49,1,0,0,1.000,0.000000,1.0000
1157,0.467,293.0,271.0,293.0,271.0,-27.0,31.0,41.11,0.2570,0.96,DETECTED,TRACKING,0.17,0.19,28.1,2.91,1,0,0,1.000,0.000000,1.0000
1158,0.467,293.0,271.0,293.0,271.0,-27.0,31.0,41.11,0.2570,0.96,DETECTED,TRACKING,0.17,0.19,26.7,4.56,1,0,0,1.000,0.000000,1.0000
1159,0.467,293.0,271.0,293.0,271.0,-27.0,31.0,41.11,0.2570,0.96,DETECTED,TRACKING,0.17,0.19,24.1,4.99,1,0,0,1.000,0.000000,1.0000
1160,0.467,293.0,271.0,293.0,271.0,-27.0,31.0,41.11,0.2570,0.96,DETECTED,TRACKING,0.17,0.19,21.4,3.52,1,0,0,1.000,0.000000,1.0000
1161,0.467,293.0,271.0,293.0,271.0,-27.0,31.0,41.11,0.2570,0.96,DETECTED,TRACKING,0.17,0.19,21.4,2.65,1,0,0,1.000,0.000000,1.0000
1162,0.467,293.0,271.0,293.0,271.0,-27.0,31.0,41.11,0.2570,0.96,DETECTED,TRACKING,0.17,0.19,22.8,3.61,1,0,0,1.000,0.000000,1.0000
1163,0.467,293.0,271.0,293.0,271.0,-27.0,31.0,41.11,0.2570,0.96,DETECTED,TRACKING,0.17,0.19,27.4,4.58,1,0,0,1.000,0.000000,1.0000
1164,0.467,293.0,271.0,293.0,271.0,-27.0,31.0,41.11,0.2570,0.96,DETECTED,TRACKING,0.17,0.19,22.5,2.71,1,0,0,1.000,0.000000,1.0000
1165,0.467,293.0,271.0,293.0,271.0,-27.0,31.0,41.11,0.2570,0.96,DETECTED,TRACKING,0.17,0.19,17.6,13.44,1,0,0,1.000,0.000000,1.0000
1166,0.467,293.0,271.0,293.0,271.0,-27.0,31.0,41.11,0.2570,0.96,DETECTED,TRACKING,0.17,0.19,17.5,33.97,1,0,0,1.000,0.000000,1.0000
1167,0.467,293.0,271.0,293.0,271.0,-27.0,31.0,41.11,0.2570,0.96,DETECTED,TRACKING,0.17,0.19,6.6,12.40,1,0,0,1.000,0.000000,1.0000
1168,0.467,293.0,271.0,293.0,271.0,-27.0,31.0,41.11,0.2570,0.96,DETECTED,TRACKING,0.17,0.19,8.9,4.24,1,0,0,1.000,0.000000,1.0000
1169,0.467,293.0,271.0,293.0,271.0,-27.0,31.0,41.11,0.2570,0.96,DETECTED,TRACKING,0.17,0.19,16.4,8.85,1,0,0,1.000,0.000000,1.0000
1170,0.467,293.0,271.0,293.0,271.0,-27.0,31.0,41.11,0.2570,0.96,DETECTED,TRACKING,0.17,0.19,20.8,4.84,1,0,0,1.000,0.000000,1.0000
1171,0.467,293.0,271.0,293.0,271.0,-27.0,31.0,41.11,0.2570,0.96,DETECTED,TRACKING,0.17,0.19,23.7,2.80,1,0,0,1.000,0.000000,1.0000
1172,0.467,293.0,271.0,293.0,271.0,-27.0,31.0,41.11,0.2570,0.96,DETECTED,TRACKING,0.17,0.19,23.3,4.27,1,0,0,1.000,0.000000,1.0000
1173,0.467,293.0,271.0,293.0,271.0,-27.0,31.0,41.11,0.2570,0.96,DETECTED,TRACKING,0.17,0.19,21.2,6.62,1,0,0,1.000,0.000000,1.0000
1174,0.467,293.0,271.0,293.0,271.0,-27.0,31.0,41.11,0.2570,0.96,DETECTED,TRACKING,0.17,0.19,22.2,3.22,1,0,0,1.000,0.000000,1.0000
1175,0.467,293.0,271.0,293.0,271.0,-27.0,31.0,41.11,0.2570,0.96,DETECTED,TRACKING,0.17,0.19,21.6,5.75,1,0,0,1.000,0.000000,1.0000
1176,0.467,293.0,271.0,293.0,271.0,-27.0,31.0,41.11,0.2570,0.96,DETECTED,TRACKING,0.17,0.19,27.9,3.11,1,0,0,1.000,0.000000,1.0000
1177,0.467,293.0,271.0,293.0,271.0,-27.0,31.0,41.11,0.2570,0.96,DETECTED,TRACKING,0.17,0.19,30.2,3.52,1,0,0,1.000,0.000000,1.0000
1178,0.467,293.0,271.0,293.0,271.0,-27.0,31.0,41.11,0.2570,0.96,DETECTED,TRACKING,0.17,0.19,26.9,4.24,1,0,0,1.000,0.000000,1.0000
1179,0.467,293.0,271.0,293.0,271.0,-27.0,31.0,41.11,0.2570,0.96,DETECTED,TRACKING,0.17,0.19,24.9,3.89,1,0,0,1.000,0.000000,1.0000
1180,0.467,293.0,271.0,293.0,271.0,-27.0,31.0,41.11,0.2570,0.96,DETECTED,TRACKING,0.17,0.19,29.6,3.77,1,0,0,1.000,0.000000,1.0000
1181,0.467,293.0,271.0,293.0,271.0,-27.0,31.0,41.11,0.2570,0.96,DETECTED,TRACKING,0.17,0.19,22.3,4.79,1,0,0,1.000,0.000000,1.0000
1182,0.467,293.0,271.0,293.0,271.0,-27.0,31.0,41.11,0.2570,0.96,DETECTED,TRACKING,0.17,0.19,22.9,4.54,1,0,0,1.000,0.000000,1.0000
1183,0.467,293.0,271.0,293.0,271.0,-27.0,31.0,41.11,0.2570,0.96,DETECTED,TRACKING,0.17,0.19,27.5,4.37,1,0,0,1.000,0.000000,1.0000
1184,0.467,293.0,271.0,293.0,271.0,-27.0,31.0,41.11,0.2570,0.96,DETECTED,TRACKING,0.17,0.19,29.3,2.90,1,0,0,1.000,0.000000,1.0000
1185,0.467,293.0,271.0,293.0,271.0,-27.0,31.0,41.11,0.2570,0.96,DETECTED,TRACKING,0.17,0.19,32.5,3.37,1,0,0,1.000,0.000000,1.0000
1186,0.467,293.0,271.0,293.0,271.0,-27.0,31.0,41.11,0.2570,0.96,DETECTED,TRACKING,0.17,0.19,29.3,2.78,1,0,0,1.000,0.000000,1.0000
1187,0.467,293.0,271.0,293.0,271.0,-27.0,31.0,41.11,0.2570,0.96,DETECTED,TRACKING,0.17,0.19,30.0,5.22,1,0,0,1.000,0.000000,1.0000
1188,0.467,293.0,271.0,293.0,271.0,-27.0,31.0,41.11,0.2570,0.96,DETECTED,TRACKING,0.17,0.19,24.7,3.25,1,0,0,1.000,0.000000,1.0000
1189,0.467,293.0,271.0,293.0,271.0,-27.0,31.0,41.11,0.2570,0.96,DETECTED,TRACKING,0.17,0.19,27.1,3.43,1,0,0,1.000,0.000000,1.0000
1190,0.467,293.0,271.0,293.0,271.0,-27.0,31.0,41.11,0.2570,0.96,DETECTED,TRACKING,0.17,0.19,21.5,3.34,1,0,0,1.000,0.000000,1.0000
1191,0.467,293.0,271.0,293.0,271.0,-27.0,31.0,41.11,0.2570,0.96,DETECTED,TRACKING,0.17,0.19,28.9,3.93,1,0,0,1.000,0.000000,1.0000
1192,0.467,293.0,271.0,293.0,271.0,-27.0,31.0,41.11,0.2570,0.96,DETECTED,TRACKING,0.17,0.19,25.7,4.36,1,0,0,1.000,0.000000,1.0000
1193,0.467,293.0,271.0,293.0,271.0,-27.0,31.0,41.11,0.2570,0.96,DETECTED,TRACKING,0.17,0.19,33.7,3.32,1,0,0,1.000,0.000000,1.0000
1194,0.467,293.0,271.0,293.0,271.0,-27.0,31.0,41.11,0.2570,0.96,DETECTED,TRACKING,0.17,0.19,21.3,7.67,1,0,0,1.000,0.000000,1.0000
1195,0.467,293.0,271.0,293.0,271.0,-27.0,31.0,41.11,0.2570,0.96,DETECTED,TRACKING,0.17,0.19,28.0,8.76,1,0,0,1.000,0.000000,1.0000
1196,0.467,293.0,271.0,293.0,271.0,-27.0,31.0,41.11,0.2570,0.96,DETECTED,TRACKING,0.17,0.19,28.7,3.65,1,0,0,1.000,0.000000,1.0000
1197,0.467,293.0,271.0,293.0,271.0,-27.0,31.0,41.11,0.2570,0.96,DETECTED,TRACKING,0.17,0.19,25.4,2.78,1,0,0,1.000,0.000000,1.0000
1198,0.467,293.0,271.0,293.0,271.0,-27.0,31.0,41.11,0.2570,0.96,DETECTED,TRACKING,0.17,0.19,30.5,2.64,1,0,0,1.000,0.000000,1.0000
1199,0.467,293.0,271.0,293.0,271.0,-27.0,31.0,41.11,0.2570,0.96,DETECTED,TRACKING,0.17,0.19,30.0,5.14,1,0,0,1.000,0.000000,1.0000
1200,0.467,293.0,271.0,293.0,271.0,-27.0,31.0,41.11,0.2570,0.96,DETECTED,TRACKING,0.17,0.19,27.6,5.20,1,0,0,1.000,0.000000,1.0000